# Blender 5.2.1 LTS
# www.blender.org
mtllib meeple3.mtl
o Cube.015
v -0.128692 3.827337 0.146439
v -0.108200 4.072298 0.119936
v -0.126389 3.816443 -0.147282
v -0.107165 4.062543 -0.135242
v 0.128561 3.827337 0.146439
v 0.108069 4.072298 0.119936
v 0.126259 3.816443 -0.147282
v 0.107034 4.062543 -0.135242
v -0.195261 3.914572 0.218229
v -0.186687 3.996763 0.210231
v -0.181568 3.980320 -0.221340
v -0.191619 3.898135 -0.220542
v 0.181437 3.980320 -0.221340
v 0.191488 3.898135 -0.220542
v 0.186557 3.996763 0.210231
v 0.195131 3.914572 0.218230
v -0.173101 4.050235 0.192927
v -0.170268 4.034961 -0.207184
v 0.170138 4.034961 -0.207184
v 0.172970 4.050235 0.192927
v -0.192456 3.843242 -0.213531
v 0.192325 3.843242 -0.213531
v 0.197670 3.858871 0.219149
v -0.197801 3.858871 0.219149
v -0.134668 3.816702 -0.123377
v -0.143615 3.817356 -0.087550
v -0.150033 3.818434 -0.045665
v -0.152665 3.819923 -0.000829
v -0.150818 3.821768 0.044082
v -0.145099 3.823806 0.086165
v -0.136683 3.825817 0.122273
v -0.168908 4.054754 0.188283
v -0.163680 4.058862 0.182559
v -0.157177 4.062502 0.175421
v -0.149160 4.065618 0.166531
v -0.139518 4.068163 0.155710
v -0.128659 4.070131 0.143401
v -0.117346 4.071523 0.130465
v -0.114865 4.071997 0.098954
v -0.121913 4.071339 0.067660
v -0.126754 4.070326 0.031219
v -0.128418 4.068980 -0.007686
v -0.126401 4.067351 -0.046584
v -0.121246 4.065578 -0.083009
v -0.113959 4.063845 -0.114280
v -0.189334 3.838127 -0.210892
v -0.184903 3.833334 -0.207161
v -0.178849 3.828969 -0.201790
v -0.170859 3.825135 -0.194226
v -0.160775 3.821922 -0.184117
v -0.149063 3.819371 -0.171900
v -0.136601 3.817511 -0.158502
v 0.105459 3.815445 -0.157085
v 0.074473 3.814372 -0.167580
v 0.038418 3.813615 -0.174943
v -0.000065 3.813334 -0.177667
v -0.038548 3.813615 -0.174943
v -0.074604 3.814372 -0.167580
v -0.105589 3.815445 -0.157085
v -0.089505 4.062732 -0.143364
v -0.063226 4.062940 -0.152028
v -0.032669 4.063089 -0.158082
v -0.000065 4.063144 -0.160314
v 0.032538 4.063088 -0.158082
v 0.063095 4.062940 -0.152028
v 0.089375 4.062732 -0.143364
v 0.189204 3.838126 -0.210892
v 0.184773 3.833334 -0.207161
v 0.178719 3.828969 -0.201789
v 0.170729 3.825134 -0.194226
v 0.160645 3.821922 -0.184117
v 0.148933 3.819371 -0.171900
v 0.136470 3.817511 -0.158502
v 0.136553 3.825817 0.122273
v 0.144969 3.823806 0.086165
v 0.150688 3.821768 0.044082
v 0.152534 3.819923 -0.000829
v 0.149903 3.818434 -0.045665
v 0.143485 3.817355 -0.087550
v 0.134538 3.816702 -0.123377
v 0.113829 4.063845 -0.114280
v 0.121115 4.065578 -0.083009
v 0.126270 4.067351 -0.046584
v 0.128287 4.068980 -0.007686
v 0.126623 4.070326 0.031219
v 0.121782 4.071338 0.067660
v 0.114734 4.071995 0.098954
v 0.194490 3.853569 0.216207
v 0.189867 3.848525 0.211833
v 0.183502 3.843793 0.205576
v 0.175097 3.839431 0.196985
v 0.164513 3.835499 0.185803
v 0.152246 3.832066 0.172554
v 0.139220 3.829228 0.158261
v -0.107604 3.827074 0.155982
v -0.076088 3.826790 0.166196
v -0.039333 3.826588 0.173360
v -0.000065 3.826513 0.176010
v 0.039203 3.826588 0.173360
v 0.075958 3.826790 0.166196
v 0.107474 3.827074 0.155982
v 0.090280 4.073108 0.128037
v 0.063762 4.073977 0.136679
v 0.032891 4.074589 0.142717
v -0.000065 4.074816 0.144943
v -0.033022 4.074588 0.142717
v -0.063893 4.073977 0.136679
v -0.090411 4.073108 0.128037
v -0.199813 3.864392 0.221058
v -0.200840 3.870185 0.222119
v -0.201042 3.876318 0.222469
v -0.200579 3.882863 0.222240
v -0.199609 3.889890 0.221567
v -0.198293 3.897470 0.220585
v -0.196791 3.905673 0.219428
v -0.193836 3.924191 0.217099
v -0.192533 3.934382 0.216043
v -0.191341 3.944952 0.215043
v -0.190251 3.955711 0.214080
v -0.189250 3.966464 0.213136
v -0.188330 3.977018 0.212193
v -0.187479 3.987182 0.211230
v -0.173326 4.029787 -0.210830
v -0.175649 4.024255 -0.213794
v -0.177370 4.018310 -0.216147
v -0.178621 4.011891 -0.217965
v -0.179534 4.004942 -0.219320
v -0.180241 3.997402 -0.220285
v -0.180875 3.989215 -0.220934
v -0.182425 3.970703 -0.221569
v -0.183448 3.960512 -0.221654
v -0.184611 3.949942 -0.221619
v -0.185888 3.939184 -0.221491
v -0.187252 3.928432 -0.221294
v -0.188680 3.917878 -0.221053
v -0.190144 3.907715 -0.220794
v 0.173196 4.029786 -0.210830
v 0.175519 4.024255 -0.213794
v 0.177240 4.018311 -0.216147
v 0.178490 4.011892 -0.217965
v 0.179403 4.004941 -0.219320
v 0.180110 3.997402 -0.220285
v 0.180744 3.989215 -0.220934
v 0.182295 3.970702 -0.221569
v 0.183318 3.960512 -0.221654
v 0.184481 3.949941 -0.221619
v 0.185757 3.939185 -0.221491
v 0.187122 3.928432 -0.221294
v 0.188549 3.917878 -0.221053
v 0.190013 3.907715 -0.220794
v 0.176345 4.045344 0.196787
v 0.179030 4.040047 0.199991
v 0.181131 4.034288 0.202624
v 0.182752 4.028018 0.204772
v 0.184000 4.021184 0.206521
v 0.184980 4.013732 0.207956
v 0.185797 4.005609 0.209164
v 0.187349 3.987182 0.211230
v 0.188200 3.977018 0.212193
v 0.189120 3.966463 0.213136
v 0.190120 3.955710 0.214080
v 0.191211 3.944952 0.215043
v 0.192402 3.934382 0.216043
v 0.193705 3.924190 0.217099
v 0.154562 3.915920 0.254222
v 0.106939 3.916883 0.279932
v 0.054612 3.917461 0.295357
v -0.000065 3.917653 0.300499
v -0.054743 3.917461 0.295357
v -0.107069 3.916883 0.279932
v -0.154692 3.915920 0.254222
v 0.147871 3.998111 0.245633
v 0.102354 3.999075 0.270921
v 0.052283 3.999653 0.286093
v -0.000065 3.999846 0.291150
v -0.052413 3.999654 0.286093
v -0.102484 3.999074 0.270921
v -0.148001 3.998111 0.245633
v 0.223371 3.899853 -0.174694
v 0.246444 3.901859 -0.121133
v 0.260624 3.904058 -0.062430
v 0.265825 3.906354 -0.001156
v 0.261962 3.908649 0.060117
v 0.248948 3.910848 0.118820
v 0.226700 3.912854 0.172381
v 0.211855 3.982038 -0.176244
v 0.234005 3.984046 -0.123562
v 0.247766 3.986246 -0.065823
v 0.253020 3.988541 -0.005555
v 0.249646 3.990837 0.054714
v 0.237524 3.993038 0.112453
v 0.216534 3.995045 0.165135
v -0.151363 3.896787 -0.256535
v -0.104565 3.895824 -0.282244
v -0.053406 3.895246 -0.297670
v -0.000065 3.895054 -0.302812
v 0.053275 3.895247 -0.297670
v 0.104435 3.895824 -0.282244
v 0.151233 3.896787 -0.256535
v -0.143321 3.978971 -0.256743
v -0.098964 3.978009 -0.282030
v -0.050533 3.977430 -0.297202
v -0.000065 3.977237 -0.302260
v 0.050403 3.977430 -0.297202
v 0.098834 3.978008 -0.282030
v 0.143191 3.978971 -0.256743
v -0.226830 3.912854 0.172381
v -0.249079 3.910848 0.118820
v -0.262092 3.908649 0.060117
v -0.265956 3.906353 -0.001156
v -0.260755 3.904059 -0.062430
v -0.246575 3.901860 -0.121133
v -0.223501 3.899853 -0.174694
v -0.216665 3.995045 0.165135
v -0.237655 3.993037 0.112453
v -0.249777 3.990838 0.054714
v -0.253151 3.988541 -0.005555
v -0.247897 3.986246 -0.065823
v -0.234135 3.984045 -0.123562
v -0.211985 3.982038 -0.176244
v -0.185927 4.005609 0.209164
v -0.185110 4.013732 0.207956
v -0.184130 4.021184 0.206521
v -0.182883 4.028018 0.204772
v -0.181261 4.034288 0.202624
v -0.179161 4.040046 0.199991
v -0.176476 4.045344 0.196787
v -0.116110 4.060966 -0.145720
v -0.127169 4.058589 -0.158577
v -0.137775 4.055687 -0.170783
v -0.147186 4.052322 -0.181480
v -0.155002 4.048535 -0.190224
v -0.161312 4.044360 -0.197197
v -0.166330 4.039824 -0.202738
v 0.115980 4.060966 -0.145720
v 0.127039 4.058589 -0.158577
v 0.137644 4.055687 -0.170783
v 0.147056 4.052323 -0.181480
v 0.154872 4.048536 -0.190224
v 0.161182 4.044360 -0.197197
v 0.166200 4.039824 -0.202738
v 0.117216 4.071522 0.130465
v 0.128529 4.070130 0.143401
v 0.139387 4.068163 0.155710
v 0.149029 4.065618 0.166531
v 0.157047 4.062502 0.175421
v 0.163550 4.058862 0.182559
v 0.168777 4.054754 0.188283
v 0.136983 4.051488 0.225749
v 0.094763 4.052383 0.249193
v 0.048387 4.052920 0.263259
v -0.000065 4.053099 0.267948
v -0.048518 4.052921 0.263259
v -0.094893 4.052383 0.249193
v -0.137113 4.051488 0.225749
v 0.198416 4.036558 -0.165376
v 0.218848 4.038422 -0.116534
v 0.231369 4.040465 -0.063003
v 0.235911 4.042598 -0.007129
v 0.232409 4.044731 0.048746
v 0.220795 4.046775 0.102277
v 0.201005 4.048640 0.151119
v -0.134524 4.033708 -0.240006
v -0.092946 4.032814 -0.263450
v -0.047478 4.032276 -0.277516
v -0.000065 4.032098 -0.282205
v 0.047347 4.032276 -0.277516
v 0.092815 4.032813 -0.263450
v 0.134394 4.033709 -0.240006
v -0.201135 4.048640 0.151119
v -0.220926 4.046775 0.102277
v -0.232539 4.044731 0.048746
v -0.236042 4.042599 -0.007129
v -0.231499 4.040465 -0.063003
v -0.218979 4.038422 -0.116534
v -0.198546 4.036558 -0.165376
v -0.193063 3.889288 -0.220306
v -0.194370 3.881148 -0.220030
v -0.195417 3.873644 -0.219643
v -0.196081 3.866708 -0.219073
v -0.196239 3.860269 -0.218248
v -0.195770 3.854258 -0.217098
v -0.194550 3.848606 -0.215549
v 0.192933 3.889288 -0.220306
v 0.194240 3.881147 -0.220030
v 0.195286 3.873644 -0.219643
v 0.195950 3.866708 -0.219073
v 0.196109 3.860269 -0.218248
v 0.195639 3.854258 -0.217098
v 0.194419 3.848606 -0.215549
v 0.196660 3.905674 0.219428
v 0.198163 3.897470 0.220585
v 0.199479 3.889890 0.221567
v 0.200448 3.882863 0.222240
v 0.200912 3.876318 0.222469
v 0.200710 3.870185 0.222119
v 0.199683 3.864392 0.221058
v -0.139350 3.829228 0.158261
v -0.152377 3.832066 0.172554
v -0.164643 3.835499 0.185803
v -0.175227 3.839432 0.196985
v -0.183632 3.843793 0.205576
v -0.189997 3.848525 0.211833
v -0.194620 3.853570 0.216207
v -0.229574 3.857238 0.173937
v -0.251827 3.855330 0.121120
v -0.264686 3.853239 0.063232
v -0.268277 3.851056 0.002809
v -0.262724 3.848874 -0.057614
v -0.248152 3.846783 -0.115502
v -0.224688 3.844875 -0.168319
v -0.151920 3.841960 -0.249024
v -0.104903 3.841044 -0.274376
v -0.053564 3.840495 -0.289588
v -0.000065 3.840312 -0.294658
v 0.053434 3.840495 -0.289588
v 0.104773 3.841044 -0.274376
v 0.151790 3.841960 -0.249024
v 0.224558 3.844875 -0.168319
v 0.248022 3.846783 -0.115502
v 0.262593 3.848874 -0.057614
v 0.268146 3.851057 0.002809
v 0.264556 3.853239 0.063232
v 0.251697 3.855330 0.121120
v 0.229443 3.857238 0.173937
v 0.156675 3.860153 0.254642
v 0.108447 3.861069 0.279995
v 0.055397 3.861618 0.295206
v -0.000065 3.861801 0.300277
v -0.055527 3.861618 0.295206
v -0.108578 3.861068 0.279995
v -0.156806 3.860153 0.254642
v -0.196284 4.053195 0.147425
v -0.190211 4.057350 0.142886
v -0.182627 4.061055 0.137241
v -0.173246 4.064255 0.130230
v -0.161846 4.066916 0.121784
v -0.148478 4.069046 0.112595
v -0.133123 4.070693 0.103921
v -0.215625 4.051373 0.099693
v -0.208959 4.055585 0.096530
v -0.200601 4.059371 0.092610
v -0.190225 4.062685 0.087756
v -0.177517 4.065499 0.081964
v -0.162194 4.067838 0.075916
v -0.143899 4.069756 0.070615
v -0.226992 4.049376 0.047378
v -0.219984 4.053652 0.045719
v -0.211169 4.057525 0.043678
v -0.200195 4.060958 0.041168
v -0.186700 4.063930 0.038198
v -0.170265 4.066458 0.035183
v -0.150446 4.068578 0.032654
v -0.230445 4.047292 -0.007228
v -0.223350 4.051630 -0.007319
v -0.214403 4.055584 -0.007403
v -0.203250 4.059124 -0.007477
v -0.189519 4.062227 -0.007543
v -0.172772 4.064898 -0.007599
v -0.152557 4.067146 -0.007647
v -0.226045 4.045206 -0.061834
v -0.219115 4.049602 -0.060357
v -0.210370 4.053623 -0.058483
v -0.199470 4.057242 -0.056122
v -0.186060 4.060434 -0.053282
v -0.169719 4.063188 -0.050378
v -0.149997 4.065497 -0.047943
v -0.213853 4.043209 -0.114148
v -0.207331 4.047656 -0.111168
v -0.199105 4.051732 -0.107414
v -0.188869 4.055408 -0.102708
v -0.176319 4.058658 -0.097044
v -0.161171 4.061455 -0.091104
v -0.143056 4.063774 -0.085892
v -0.193928 4.041385 -0.161880
v -0.188047 4.045877 -0.157523
v -0.180639 4.050004 -0.152044
v -0.171442 4.053734 -0.145179
v -0.160253 4.057032 -0.136859
v -0.147116 4.059860 -0.127775
v -0.131998 4.062165 -0.119185
v -0.131426 4.038599 -0.234812
v -0.127477 4.043173 -0.228333
v -0.122516 4.047402 -0.220166
v -0.116384 4.051260 -0.209903
v -0.109071 4.054725 -0.197223
v -0.101175 4.057782 -0.182133
v -0.093762 4.060431 -0.164559
v -0.090811 4.037726 -0.257721
v -0.088090 4.042331 -0.250566
v -0.084675 4.046609 -0.241528
v -0.080458 4.050540 -0.230146
v -0.075469 4.054114 -0.215977
v -0.070290 4.057345 -0.198627
v -0.065762 4.060266 -0.177613
v -0.046390 4.037202 -0.271466
v -0.045003 4.041829 -0.263902
v -0.043263 4.046142 -0.254330
v -0.041116 4.050130 -0.242257
v -0.038588 4.053789 -0.227175
v -0.036030 4.057143 -0.208521
v -0.033888 4.060231 -0.185704
v -0.000065 4.037028 -0.276047
v -0.000065 4.041662 -0.268345
v -0.000065 4.045989 -0.258593
v -0.000065 4.050000 -0.246283
v -0.000065 4.053693 -0.230894
v -0.000065 4.057092 -0.211837
v -0.000065 4.060232 -0.188512
v 0.046260 4.037203 -0.271466
v 0.044872 4.041829 -0.263902
v 0.043132 4.046142 -0.254330
v 0.040985 4.050130 -0.242257
v 0.038458 4.053789 -0.227175
v 0.035900 4.057144 -0.208521
v 0.033757 4.060231 -0.185704
v 0.090681 4.037727 -0.257721
v 0.087960 4.042331 -0.250566
v 0.084544 4.046608 -0.241528
v 0.080327 4.050539 -0.230146
v 0.075339 4.054113 -0.215977
v 0.070159 4.057345 -0.198627
v 0.065632 4.060267 -0.177613
v 0.131295 4.038599 -0.234812
v 0.127346 4.043174 -0.228333
v 0.122386 4.047401 -0.220166
v 0.116254 4.051260 -0.209903
v 0.108941 4.054725 -0.197223
v 0.101045 4.057782 -0.182133
v 0.093631 4.060431 -0.164559
v 0.193798 4.041385 -0.161880
v 0.187917 4.045877 -0.157523
v 0.180509 4.050004 -0.152044
v 0.171311 4.053733 -0.145179
v 0.160122 4.057032 -0.136859
v 0.146986 4.059860 -0.127775
v 0.131867 4.062166 -0.119184
v 0.213723 4.043209 -0.114148
v 0.207200 4.047655 -0.111168
v 0.198975 4.051731 -0.107414
v 0.188738 4.055409 -0.102708
v 0.176188 4.058659 -0.097044
v 0.161040 4.061455 -0.091104
v 0.142925 4.063773 -0.085892
v 0.225915 4.045206 -0.061834
v 0.218985 4.049602 -0.060357
v 0.210239 4.053622 -0.058483
v 0.199340 4.057241 -0.056122
v 0.185930 4.060434 -0.053282
v 0.169588 4.063188 -0.050378
v 0.149866 4.065497 -0.047943
v 0.230314 4.047291 -0.007228
v 0.223219 4.051630 -0.007319
v 0.214273 4.055583 -0.007403
v 0.203120 4.059124 -0.007477
v 0.189388 4.062227 -0.007543
v 0.172642 4.064898 -0.007599
v 0.152426 4.067146 -0.007647
v 0.226861 4.049376 0.047378
v 0.219854 4.053652 0.045719
v 0.211038 4.057525 0.043678
v 0.200064 4.060958 0.041168
v 0.186570 4.063930 0.038198
v 0.170135 4.066458 0.035183
v 0.150316 4.068578 0.032654
v 0.215495 4.051373 0.099693
v 0.208828 4.055586 0.096530
v 0.200470 4.059371 0.092610
v 0.190095 4.062685 0.087756
v 0.177386 4.065499 0.081964
v 0.162064 4.067838 0.075916
v 0.143768 4.069756 0.070615
v 0.196154 4.053195 0.147425
v 0.190081 4.057350 0.142886
v 0.182497 4.061054 0.137241
v 0.173115 4.064255 0.130230
v 0.161715 4.066915 0.121784
v 0.148348 4.069046 0.112595
v 0.132993 4.070693 0.103921
v 0.133652 4.055979 0.220357
v 0.129510 4.060054 0.213696
v 0.124374 4.063655 0.205362
v 0.118058 4.066727 0.194954
v 0.110533 4.069221 0.182148
v 0.102407 4.071125 0.166954
v 0.094757 4.072428 0.149296
v 0.092453 4.056855 0.243266
v 0.089587 4.060910 0.235928
v 0.086040 4.064494 0.226724
v 0.081684 4.067554 0.215195
v 0.076537 4.070044 0.200897
v 0.071183 4.071948 0.183439
v 0.066475 4.073262 0.162335
v 0.047206 4.057380 0.257010
v 0.045742 4.061426 0.249263
v 0.043931 4.065005 0.239525
v 0.041710 4.068069 0.227303
v 0.039098 4.070574 0.212091
v 0.036446 4.072503 0.193325
v 0.034207 4.073844 0.170415
v -0.000065 4.057556 0.261592
v -0.000065 4.061598 0.253707
v -0.000065 4.065178 0.243788
v -0.000065 4.068247 0.231328
v -0.000065 4.070762 0.215808
v -0.000065 4.072704 0.196639
v -0.000065 4.074060 0.173218
v -0.047336 4.057380 0.257010
v -0.045872 4.061425 0.249263
v -0.044061 4.065005 0.239525
v -0.041840 4.068069 0.227303
v -0.039228 4.070574 0.212091
v -0.036577 4.072503 0.193325
v -0.034337 4.073844 0.170415
v -0.092583 4.056854 0.243266
v -0.089718 4.060910 0.235928
v -0.086170 4.064494 0.226724
v -0.081815 4.067554 0.215195
v -0.076667 4.070044 0.200897
v -0.071313 4.071948 0.183439
v -0.066605 4.073262 0.162335
v -0.133782 4.055979 0.220357
v -0.129641 4.060054 0.213696
v -0.124505 4.063656 0.205363
v -0.118188 4.066728 0.194954
v -0.110664 4.069221 0.182148
v -0.102537 4.071124 0.166954
v -0.094887 4.072428 0.149296
v -0.107845 3.815231 -0.126467
v -0.075344 3.814030 -0.132757
v -0.038747 3.813226 -0.137903
v -0.000065 3.812935 -0.139949
v 0.038617 3.813226 -0.137903
v 0.075214 3.814029 -0.132757
v 0.107714 3.815231 -0.126467
v -0.113028 3.815668 -0.088920
v -0.078011 3.814376 -0.092347
v -0.039843 3.813549 -0.095519
v -0.000065 3.813257 -0.096880
v 0.039712 3.813549 -0.095519
v 0.077881 3.814376 -0.092347
v 0.112897 3.815668 -0.088920
v -0.117414 3.816649 -0.046359
v -0.080632 3.815330 -0.047949
v -0.041051 3.814513 -0.049510
v -0.000065 3.814233 -0.050209
v 0.040920 3.814513 -0.049510
v 0.080501 3.815330 -0.047949
v 0.117283 3.816649 -0.046359
v -0.119350 3.818120 -0.001202
v -0.081891 3.816830 -0.001469
v -0.041669 3.816054 -0.001630
v -0.000065 3.815794 -0.001683
v 0.041538 3.816054 -0.001630
v 0.081760 3.816830 -0.001469
v 0.119219 3.818120 -0.001202
v -0.117995 3.820020 0.044045
v -0.081018 3.818811 0.045111
v -0.041243 3.818105 0.046356
v -0.000065 3.817875 0.046950
v 0.041113 3.818105 0.046356
v 0.080887 3.818811 0.045111
v 0.117865 3.820020 0.044045
v -0.114147 3.822218 0.086857
v -0.078772 3.821182 0.089802
v -0.040229 3.820592 0.092681
v -0.000065 3.820403 0.093943
v 0.040098 3.820592 0.092681
v 0.078641 3.821182 0.089802
v 0.114016 3.822218 0.086857
v -0.109427 3.824584 0.124803
v -0.076464 3.823857 0.130694
v -0.039329 3.823443 0.135588
v -0.000065 3.823306 0.137545
v 0.039199 3.823443 0.135588
v 0.076333 3.823857 0.130694
v 0.109297 3.824583 0.124803
v 0.090982 4.064840 -0.116296
v 0.063470 4.065415 -0.121228
v 0.032567 4.065741 -0.125331
v -0.000065 4.065848 -0.126970
v -0.032697 4.065742 -0.125331
v -0.063601 4.065415 -0.121228
v -0.091113 4.064840 -0.116296
v 0.095089 4.066856 -0.083555
v 0.065503 4.067685 -0.086031
v 0.033371 4.068153 -0.088456
v -0.000065 4.068304 -0.089518
v -0.033501 4.068154 -0.088456
v -0.065634 4.067686 -0.086031
v -0.095219 4.066856 -0.083555
v 0.098558 4.068749 -0.046689
v 0.067540 4.069713 -0.047690
v 0.034296 4.070274 -0.048802
v -0.000065 4.070457 -0.049324
v -0.034426 4.070274 -0.048802
v -0.067670 4.069713 -0.047690
v -0.098689 4.068748 -0.046689
v 0.100029 4.070408 -0.007716
v 0.068488 4.071431 -0.007737
v 0.034759 4.072047 -0.007750
v -0.000065 4.072252 -0.007755
v -0.034889 4.072047 -0.007750
v -0.068619 4.071431 -0.007737
v -0.100160 4.070408 -0.007716
v 0.098820 4.071729 0.031265
v 0.067713 4.072769 0.032223
v 0.034382 4.073414 0.033310
v -0.000065 4.073637 0.033823
v -0.034513 4.073414 0.033310
v -0.067844 4.072769 0.032223
v -0.098950 4.071729 0.031264
v 0.095592 4.072657 0.068151
v 0.065845 4.073673 0.070588
v 0.033544 4.074327 0.072989
v -0.000065 4.074558 0.074043
v -0.033674 4.074327 0.072989
v -0.065976 4.073674 0.070588
v -0.095722 4.072656 0.068151
v 0.091693 4.073145 0.100925
v 0.063973 4.074097 0.105824
v 0.032828 4.074735 0.109907
v -0.000065 4.074968 0.111539
v -0.032959 4.074736 0.109907
v -0.064104 4.074097 0.105824
v -0.091824 4.073144 0.100925
v 0.158262 3.865688 0.256873
v 0.159063 3.871491 0.258149
v 0.159206 3.877635 0.258621
v 0.158821 3.884188 0.258441
v 0.158035 3.891223 0.257760
v 0.156978 3.898810 0.256729
v 0.155777 3.907018 0.255500
v 0.109542 3.866612 0.282455
v 0.110090 3.872424 0.283884
v 0.110182 3.878575 0.284444
v 0.109907 3.885135 0.284300
v 0.109355 3.892175 0.283613
v 0.108617 3.899766 0.282547
v 0.107781 3.907978 0.281265
v 0.055955 3.867168 0.297805
v 0.056233 3.872985 0.299325
v 0.056278 3.879140 0.299938
v 0.056135 3.885703 0.299814
v 0.055851 3.892746 0.299124
v 0.055472 3.900340 0.298037
v 0.055043 3.908554 0.296725
v -0.000065 3.867353 0.302921
v -0.000065 3.873172 0.304472
v -0.000065 3.879328 0.305103
v -0.000065 3.885892 0.304986
v -0.000065 3.892936 0.304294
v -0.000065 3.900530 0.303201
v -0.000065 3.908746 0.301878
v -0.056085 3.867168 0.297805
v -0.056364 3.872985 0.299325
v -0.056409 3.879140 0.299938
v -0.056266 3.885703 0.299814
v -0.055981 3.892746 0.299124
v -0.055602 3.900339 0.298037
v -0.055174 3.908554 0.296725
v -0.109672 3.866613 0.282455
v -0.110221 3.872425 0.283884
v -0.110312 3.878576 0.284444
v -0.110037 3.885134 0.284299
v -0.109486 3.892175 0.283613
v -0.108747 3.899765 0.282547
v -0.107912 3.907978 0.281265
v -0.158393 3.865688 0.256873
v -0.159193 3.871491 0.258149
v -0.159337 3.877635 0.258621
v -0.158951 3.884189 0.258441
v -0.158166 3.891223 0.257760
v -0.157108 3.898809 0.256729
v -0.155907 3.907017 0.255500
v 0.153437 3.925542 0.253020
v 0.152417 3.935736 0.251898
v 0.151489 3.946308 0.250836
v 0.150643 3.957067 0.249811
v 0.149869 3.967819 0.248800
v 0.149156 3.978372 0.247782
v 0.148493 3.988534 0.246733
v 0.106163 3.926508 0.278678
v 0.105461 3.936703 0.277510
v 0.104826 3.947276 0.276403
v 0.104249 3.958035 0.275333
v 0.103722 3.968786 0.274274
v 0.103235 3.979339 0.273202
v 0.102782 3.989500 0.272093
v 0.054217 3.927087 0.294072
v 0.053860 3.937283 0.292876
v 0.053537 3.947856 0.291743
v 0.053245 3.958616 0.290646
v 0.052977 3.969368 0.289558
v 0.052731 3.979919 0.288455
v 0.052501 3.990079 0.287308
v -0.000065 3.927279 0.299204
v -0.000065 3.937475 0.297998
v -0.000065 3.948050 0.296856
v -0.000065 3.958809 0.295750
v -0.000065 3.969561 0.294653
v -0.000065 3.980113 0.293539
v -0.000065 3.990272 0.292380
v -0.054347 3.927086 0.294072
v -0.053990 3.937283 0.292876
v -0.053668 3.947856 0.291743
v -0.053375 3.958616 0.290646
v -0.053108 3.969368 0.289558
v -0.052862 3.979919 0.288455
v -0.052631 3.990079 0.287308
v -0.106293 3.926507 0.278678
v -0.105592 3.936703 0.277510
v -0.104957 3.947276 0.276403
v -0.104380 3.958035 0.275332
v -0.103852 3.968786 0.274274
v -0.103366 3.979339 0.273202
v -0.102913 3.989499 0.272093
v -0.153568 3.925542 0.253020
v -0.152547 3.935735 0.251898
v -0.151619 3.946308 0.250836
v -0.150773 3.957067 0.249811
v -0.149999 3.967819 0.248800
v -0.149286 3.978372 0.247782
v -0.148624 3.988534 0.246733
v 0.226985 3.850255 -0.169927
v 0.228381 3.855922 -0.171203
v 0.228894 3.861946 -0.172197
v 0.228671 3.868396 -0.172959
v 0.227860 3.875342 -0.173540
v 0.226608 3.882853 -0.173989
v 0.225062 3.891000 -0.174357
v 0.250680 3.852182 -0.116630
v 0.252187 3.857867 -0.117588
v 0.252709 3.863904 -0.118398
v 0.252415 3.870368 -0.119088
v 0.251474 3.877325 -0.119681
v 0.250052 3.884846 -0.120203
v 0.248320 3.893001 -0.120679
v 0.265383 3.854295 -0.058217
v 0.266937 3.859997 -0.058825
v 0.267440 3.866052 -0.059435
v 0.267076 3.872530 -0.060045
v 0.266028 3.879498 -0.060652
v 0.264481 3.887030 -0.061254
v 0.262618 3.895193 -0.061847
v 0.270969 3.856499 0.002754
v 0.272515 3.862221 0.002511
v 0.272976 3.868294 0.002110
v 0.272549 3.874785 0.001583
v 0.271425 3.881767 0.000962
v 0.269801 3.889309 0.000278
v 0.267870 3.897481 -0.000439
v 0.267316 3.858704 0.063726
v 0.268799 3.864446 0.063847
v 0.269204 3.870535 0.063656
v 0.268728 3.877041 0.063212
v 0.267567 3.884036 0.062577
v 0.265921 3.891588 0.061809
v 0.263987 3.899770 0.060969
v 0.254299 3.860816 0.122139
v 0.255673 3.866577 0.122609
v 0.256011 3.872682 0.122619
v 0.255507 3.879203 0.122255
v 0.254356 3.886209 0.121606
v 0.252750 3.893772 0.120758
v 0.250883 3.901962 0.119801
v 0.231796 3.862743 0.175436
v 0.233016 3.868521 0.176225
v 0.233284 3.874641 0.176417
v 0.232783 3.881175 0.176126
v 0.231692 3.888192 0.175464
v 0.230194 3.895764 0.174544
v 0.228470 3.903961 0.173479
v 0.221660 3.909437 -0.175038
v 0.219976 3.919602 -0.175380
v 0.218343 3.930159 -0.175700
v 0.216789 3.940911 -0.175977
v 0.215337 3.951669 -0.176191
v 0.214014 3.962237 -0.176320
v 0.212845 3.972425 -0.176345
v 0.244569 3.911448 -0.121584
v 0.242741 3.921618 -0.122024
v 0.240982 3.932175 -0.122436
v 0.239315 3.942929 -0.122807
v 0.237761 3.953685 -0.123120
v 0.236344 3.964252 -0.123360
v 0.235084 3.974436 -0.123513
v 0.258655 3.913652 -0.062999
v 0.256756 3.923825 -0.063545
v 0.254942 3.934386 -0.064059
v 0.253233 3.945140 -0.064532
v 0.251643 3.955895 -0.064954
v 0.250191 3.966460 -0.065316
v 0.248893 3.976641 -0.065609
v 0.263831 3.915953 -0.001848
v 0.261929 3.926130 -0.002505
v 0.260128 3.936692 -0.003125
v 0.258440 3.947447 -0.003705
v 0.256875 3.958203 -0.004241
v 0.255443 3.968765 -0.004731
v 0.254154 3.978943 -0.005169
v 0.260011 3.918253 0.059303
v 0.258170 3.928435 0.058535
v 0.256444 3.939000 0.057808
v 0.254835 3.949755 0.057122
v 0.253347 3.960510 0.056472
v 0.251984 3.971070 0.055855
v 0.250749 3.981243 0.055270
v 0.247107 3.920457 0.117889
v 0.245390 3.930643 0.117013
v 0.243793 3.941209 0.116185
v 0.242314 3.951967 0.115396
v 0.240951 3.962720 0.114637
v 0.239700 3.973279 0.113899
v 0.238559 3.983448 0.113174
v 0.225034 3.922469 0.171342
v 0.223497 3.932657 0.170370
v 0.222081 3.943227 0.169449
v 0.220777 3.953984 0.168567
v 0.219578 3.964736 0.167708
v 0.218477 3.975293 0.166859
v 0.217465 3.985460 0.166006
v -0.153582 3.847311 -0.251364
v -0.154559 3.852951 -0.253127
v -0.154947 3.858952 -0.254401
v -0.154840 3.865383 -0.255274
v -0.154333 3.872311 -0.255836
v -0.153522 3.879809 -0.256174
v -0.152500 3.887944 -0.256378
v -0.106054 3.846385 -0.276947
v -0.106735 3.852018 -0.278862
v -0.107010 3.858011 -0.280224
v -0.106945 3.864436 -0.281133
v -0.106603 3.871360 -0.281688
v -0.106050 3.878852 -0.281992
v -0.105349 3.886984 -0.282143
v -0.054153 3.845830 -0.292296
v -0.054502 3.851458 -0.294304
v -0.054645 3.857447 -0.295718
v -0.054614 3.863868 -0.296648
v -0.054442 3.870788 -0.297199
v -0.054162 3.878278 -0.297482
v -0.053805 3.886408 -0.297603
v -0.000065 3.845645 -0.297413
v -0.000065 3.851272 -0.299451
v -0.000065 3.857260 -0.300883
v -0.000065 3.863678 -0.301819
v -0.000065 3.870598 -0.302370
v -0.000065 3.878088 -0.302645
v -0.000065 3.886216 -0.302756
v 0.054022 3.845831 -0.292296
v 0.054372 3.851458 -0.294304
v 0.054515 3.857448 -0.295718
v 0.054484 3.863868 -0.296647
v 0.054312 3.870789 -0.297199
v 0.054031 3.878278 -0.297482
v 0.053675 3.886408 -0.297603
v 0.105923 3.846385 -0.276947
v 0.106604 3.852018 -0.278862
v 0.106880 3.858012 -0.280224
v 0.106815 3.864435 -0.281133
v 0.106473 3.871359 -0.281688
v 0.105919 3.878852 -0.281992
v 0.105218 3.886984 -0.282143
v 0.153451 3.847311 -0.251364
v 0.154428 3.852952 -0.253127
v 0.154816 3.858952 -0.254401
v 0.154709 3.865382 -0.255274
v 0.154203 3.872311 -0.255836
v 0.153392 3.879809 -0.256174
v 0.152370 3.887944 -0.256378
v -0.150193 3.906364 -0.256715
v -0.149025 3.916524 -0.256909
v -0.147882 3.927077 -0.257087
v -0.146785 3.937829 -0.257221
v -0.145758 3.948586 -0.257283
v -0.144824 3.959158 -0.257243
v -0.144004 3.969351 -0.257072
v -0.103755 3.905399 -0.282373
v -0.102943 3.915558 -0.282520
v -0.102146 3.926109 -0.282654
v -0.101380 3.936860 -0.282743
v -0.100662 3.947619 -0.282757
v -0.100010 3.958191 -0.282663
v -0.099438 3.968385 -0.282432
v -0.052991 3.904819 -0.297768
v -0.052575 3.914977 -0.297886
v -0.052166 3.925528 -0.297994
v -0.051773 3.936280 -0.298056
v -0.051404 3.947038 -0.298041
v -0.051069 3.957611 -0.297916
v -0.050776 3.967806 -0.297647
v -0.000065 3.904627 -0.302899
v -0.000065 3.914783 -0.303009
v -0.000065 3.925334 -0.303107
v -0.000065 3.936086 -0.303160
v -0.000065 3.946844 -0.303136
v -0.000065 3.957418 -0.303000
v -0.000065 3.967613 -0.302719
v 0.052861 3.904819 -0.297767
v 0.052445 3.914977 -0.297886
v 0.052036 3.925528 -0.297994
v 0.051643 3.936280 -0.298056
v 0.051274 3.947037 -0.298041
v 0.050939 3.957611 -0.297916
v 0.050645 3.967806 -0.297647
v 0.103624 3.905398 -0.282373
v 0.102812 3.915557 -0.282520
v 0.102015 3.926109 -0.282654
v 0.101250 3.936860 -0.282743
v 0.100532 3.947618 -0.282757
v 0.099879 3.958191 -0.282663
v 0.099308 3.968385 -0.282432
v 0.150063 3.906364 -0.256715
v 0.148895 3.916524 -0.256909
v 0.147751 3.927077 -0.257087
v 0.146655 3.937829 -0.257221
v 0.145628 3.948586 -0.257283
v 0.144693 3.959158 -0.257243
v 0.143873 3.969350 -0.257072
v -0.231926 3.862743 0.175436
v -0.233146 3.868521 0.176225
v -0.233415 3.874641 0.176417
v -0.232913 3.881175 0.176126
v -0.231823 3.888192 0.175464
v -0.230325 3.895765 0.174544
v -0.228600 3.903961 0.173479
v -0.254429 3.860816 0.122139
v -0.255803 3.866576 0.122609
v -0.256141 3.872683 0.122619
v -0.255638 3.879203 0.122255
v -0.254486 3.886209 0.121606
v -0.252880 3.893772 0.120758
v -0.251013 3.901961 0.119801
v -0.267446 3.858704 0.063726
v -0.268930 3.864446 0.063847
v -0.269334 3.870534 0.063656
v -0.268858 3.877042 0.063212
v -0.267698 3.884036 0.062577
v -0.266052 3.891588 0.061809
v -0.264117 3.899769 0.060969
v -0.271100 3.856499 0.002754
v -0.272645 3.862222 0.002511
v -0.273107 3.868294 0.002110
v -0.272679 3.874785 0.001583
v -0.271556 3.881767 0.000962
v -0.269932 3.889309 0.000278
v -0.268000 3.897481 -0.000439
v -0.265514 3.854294 -0.058217
v -0.267068 3.859997 -0.058825
v -0.267571 3.866052 -0.059435
v -0.267206 3.872529 -0.060045
v -0.266158 3.879498 -0.060652
v -0.264611 3.887030 -0.061254
v -0.262749 3.895193 -0.061847
v -0.250811 3.852182 -0.116630
v -0.252317 3.857867 -0.117588
v -0.252839 3.863905 -0.118398
v -0.252546 3.870368 -0.119088
v -0.251604 3.877325 -0.119681
v -0.250183 3.884846 -0.120203
v -0.248450 3.893001 -0.120679
v -0.227115 3.850255 -0.169927
v -0.228511 3.855922 -0.171203
v -0.229025 3.861946 -0.172197
v -0.228802 3.868396 -0.172959
v -0.227991 3.875342 -0.173540
v -0.226739 3.882854 -0.173989
v -0.225193 3.891001 -0.174357
v -0.225165 3.922469 0.171342
v -0.223628 3.932657 0.170370
v -0.222211 3.943226 0.169449
v -0.220907 3.953984 0.168567
v -0.219709 3.964737 0.167708
v -0.218607 3.975293 0.166859
v -0.217595 3.985460 0.166006
v -0.247238 3.920458 0.117889
v -0.245520 3.930642 0.117013
v -0.243924 3.941210 0.116185
v -0.242445 3.951967 0.115396
v -0.241081 3.962721 0.114637
v -0.239830 3.973278 0.113899
v -0.238689 3.983449 0.113174
v -0.260141 3.918253 0.059303
v -0.258301 3.928435 0.058535
v -0.256574 3.939000 0.057808
v -0.254965 3.949756 0.057122
v -0.253477 3.960510 0.056472
v -0.252114 3.971071 0.055855
v -0.250879 3.981243 0.055270
v -0.263962 3.915952 -0.001848
v -0.262059 3.926130 -0.002505
v -0.260259 3.936692 -0.003125
v -0.258571 3.947447 -0.003705
v -0.257005 3.958202 -0.004241
v -0.255573 3.968765 -0.004731
v -0.254285 3.978942 -0.005169
v -0.258786 3.913652 -0.062999
v -0.256886 3.923826 -0.063545
v -0.255073 3.934385 -0.064059
v -0.253363 3.945139 -0.064532
v -0.251774 3.955895 -0.064954
v -0.250322 3.966460 -0.065316
v -0.249024 3.976640 -0.065609
v -0.244700 3.911448 -0.121584
v -0.242871 3.921617 -0.122024
v -0.241113 3.932175 -0.122436
v -0.239445 3.942928 -0.122807
v -0.237892 3.953685 -0.123120
v -0.236474 3.964252 -0.123360
v -0.235214 3.974437 -0.123513
v -0.221790 3.909437 -0.175038
v -0.220106 3.919603 -0.175380
v -0.218474 3.930158 -0.175700
v -0.216919 3.940911 -0.175977
v -0.215468 3.951668 -0.176191
v -0.214145 3.962237 -0.176320
v -0.212975 3.972424 -0.176345
v 0.147265 4.006953 0.244446
v 0.146608 4.015071 0.243085
v 0.145816 4.022516 0.241453
v 0.144808 4.029342 0.239450
v 0.143503 4.035600 0.236976
v 0.141818 4.041341 0.233934
v 0.139672 4.046620 0.230225
v 0.101933 4.007915 0.269647
v 0.101474 4.016028 0.268178
v 0.100919 4.023468 0.266405
v 0.100213 4.030288 0.264219
v 0.099300 4.036536 0.261514
v 0.098124 4.042267 0.258180
v 0.096631 4.047532 0.254109
v 0.052067 4.008491 0.284768
v 0.051831 4.016602 0.283233
v 0.051546 4.024039 0.281376
v 0.051182 4.030854 0.279081
v 0.050713 4.037098 0.276236
v 0.050110 4.042822 0.272727
v 0.049344 4.048079 0.268439
v -0.000065 4.008683 0.289808
v -0.000065 4.016794 0.288252
v -0.000065 4.024230 0.286366
v -0.000065 4.031044 0.284035
v -0.000065 4.037285 0.281144
v -0.000065 4.043007 0.277576
v -0.000065 4.048261 0.273216
v -0.052198 4.008490 0.284768
v -0.051962 4.016602 0.283233
v -0.051676 4.024040 0.281376
v -0.051313 4.030854 0.279081
v -0.050844 4.037098 0.276236
v -0.050240 4.042822 0.272727
v -0.049474 4.048079 0.268439
v -0.102064 4.007914 0.269647
v -0.101604 4.016028 0.268178
v -0.101049 4.023468 0.266405
v -0.100343 4.030287 0.264219
v -0.099430 4.036536 0.261514
v -0.098255 4.042267 0.258180
v -0.096761 4.047532 0.254109
v -0.147396 4.006953 0.244446
v -0.146738 4.015071 0.243085
v -0.145947 4.022517 0.241453
v -0.144939 4.029341 0.239450
v -0.143633 4.035599 0.236976
v -0.141948 4.041341 0.233934
v -0.139802 4.046621 0.230225
v 0.211040 3.990928 -0.175992
v 0.210279 3.999108 -0.175537
v 0.209422 4.006639 -0.174823
v 0.208317 4.013577 -0.173792
v 0.206815 4.019980 -0.172389
v 0.204764 4.025905 -0.170556
v 0.202015 4.031413 -0.168237
v 0.233097 3.992929 -0.123490
v 0.232230 4.001102 -0.123261
v 0.231243 4.008622 -0.122840
v 0.229974 4.015545 -0.122189
v 0.228262 4.021930 -0.121269
v 0.225944 4.027833 -0.120045
v 0.222860 4.033311 -0.118479
v 0.246797 3.995122 -0.065947
v 0.245850 4.003287 -0.065967
v 0.244760 4.010794 -0.065867
v 0.243361 4.017703 -0.065631
v 0.241488 4.024068 -0.065242
v 0.238976 4.029946 -0.064686
v 0.235658 4.035392 -0.063945
v 0.252022 3.997412 -0.005885
v 0.251024 4.005568 -0.006164
v 0.249864 4.013063 -0.006399
v 0.248379 4.019956 -0.006596
v 0.246404 4.026299 -0.006762
v 0.243777 4.032151 -0.006901
v 0.240334 4.037565 -0.007021
v 0.248652 3.999702 0.054178
v 0.247638 4.007847 0.053639
v 0.246448 4.015331 0.053069
v 0.244926 4.022208 0.052438
v 0.242917 4.028530 0.051719
v 0.240265 4.034356 0.050883
v 0.236814 4.039738 0.049902
v 0.236571 4.001894 0.111720
v 0.235578 4.010031 0.110933
v 0.234404 4.017504 0.110041
v 0.232904 4.024365 0.108996
v 0.230937 4.030669 0.107746
v 0.228358 4.036469 0.106243
v 0.225025 4.041819 0.104437
v 0.215658 4.003895 0.164222
v 0.214730 4.012026 0.163208
v 0.213624 4.019487 0.162024
v 0.212213 4.026333 0.160599
v 0.210372 4.032619 0.158866
v 0.207974 4.038396 0.156754
v 0.204894 4.043718 0.154195
v -0.142778 3.987871 -0.256215
v -0.142287 3.996063 -0.255414
v -0.141745 4.003610 -0.254252
v -0.141043 4.010569 -0.252642
v -0.140077 4.016999 -0.250500
v -0.138739 4.022960 -0.247737
v -0.136924 4.028511 -0.244268
v -0.098590 3.986909 -0.281417
v -0.098256 3.995107 -0.280506
v -0.097889 4.002657 -0.279203
v -0.097413 4.009624 -0.277412
v -0.096755 4.016062 -0.275037
v -0.095841 4.022035 -0.271982
v -0.094596 4.027598 -0.268152
v -0.050343 3.986333 -0.296537
v -0.050174 3.994532 -0.295562
v -0.049988 4.002086 -0.294174
v -0.049748 4.009057 -0.292274
v -0.049415 4.015501 -0.289759
v -0.048951 4.021480 -0.286529
v -0.048318 4.027051 -0.282482
v -0.000065 3.986142 -0.301577
v -0.000065 3.994341 -0.300580
v -0.000065 4.001896 -0.299165
v -0.000065 4.008868 -0.297228
v -0.000065 4.015314 -0.294667
v -0.000065 4.021295 -0.291378
v -0.000065 4.026869 -0.287259
v 0.050212 3.986333 -0.296537
v 0.050043 3.994532 -0.295562
v 0.049858 4.002087 -0.294174
v 0.049617 4.009058 -0.292274
v 0.049284 4.015501 -0.289759
v 0.048821 4.021479 -0.286529
v 0.048188 4.027051 -0.282482
v 0.098460 3.986909 -0.281417
v 0.098126 3.995106 -0.280506
v 0.097758 4.002657 -0.279203
v 0.097283 4.009624 -0.277412
v 0.096625 4.016062 -0.275037
v 0.095710 4.022035 -0.271982
v 0.094465 4.027598 -0.268152
v 0.142647 3.987870 -0.256215
v 0.142157 3.996063 -0.255414
v 0.141614 4.003610 -0.254252
v 0.140913 4.010569 -0.252642
v 0.139946 4.016999 -0.250500
v 0.138608 4.022960 -0.247737
v 0.136793 4.028510 -0.244268
v -0.215789 4.003895 0.164222
v -0.214860 4.012025 0.163208
v -0.213754 4.019487 0.162024
v -0.212343 4.026334 0.160599
v -0.210502 4.032619 0.158866
v -0.208104 4.038396 0.156754
v -0.205024 4.043718 0.154195
v -0.236701 4.001894 0.111720
v -0.235709 4.010032 0.110933
v -0.234534 4.017504 0.110041
v -0.233035 4.024364 0.108996
v -0.231067 4.030669 0.107746
v -0.228489 4.036469 0.106243
v -0.225156 4.041819 0.104437
v -0.248783 3.999701 0.054178
v -0.247768 4.007848 0.053639
v -0.246578 4.015331 0.053069
v -0.245057 4.022207 0.052438
v -0.243048 4.028531 0.051719
v -0.240396 4.034356 0.050883
v -0.236945 4.039738 0.049902
v -0.252152 3.997411 -0.005885
v -0.251154 4.005568 -0.006164
v -0.249995 4.013063 -0.006399
v -0.248509 4.019955 -0.006596
v -0.246534 4.026299 -0.006762
v -0.243907 4.032151 -0.006901
v -0.240464 4.037565 -0.007021
v -0.246927 3.995122 -0.065947
v -0.245981 4.003287 -0.065967
v -0.244891 4.010794 -0.065867
v -0.243492 4.017704 -0.065631
v -0.241619 4.024068 -0.065242
v -0.239106 4.029945 -0.064686
v -0.235788 4.035392 -0.063945
v -0.233227 3.992930 -0.123490
v -0.232361 4.001102 -0.123261
v -0.231374 4.008622 -0.122840
v -0.230105 4.015545 -0.122189
v -0.228392 4.021930 -0.121269
v -0.226075 4.027833 -0.120045
v -0.222991 4.033311 -0.118479
v -0.211170 3.990928 -0.175992
v -0.210410 3.999109 -0.175537
v -0.209552 4.006639 -0.174823
v -0.208448 4.013577 -0.173792
v -0.206946 4.019979 -0.172389
v -0.204895 4.025905 -0.170556
v -0.202145 4.031412 -0.168237
v -0.158059 3.827867 0.127721
v -0.175753 3.830649 0.137318
v -0.190829 3.834024 0.147293
v -0.203300 3.837908 0.156138
v -0.213101 3.842232 0.163023
v -0.220506 3.846934 0.168055
v -0.225877 3.851956 0.171579
v -0.170803 3.826032 0.089468
v -0.191851 3.828862 0.095435
v -0.209086 3.832234 0.102144
v -0.222935 3.836096 0.108375
v -0.233731 3.840394 0.113292
v -0.241871 3.845071 0.116908
v -0.247766 3.850069 0.119443
v -0.178463 3.824079 0.045884
v -0.201206 3.826930 0.048962
v -0.219633 3.830287 0.052558
v -0.234279 3.834116 0.056005
v -0.245654 3.838382 0.058778
v -0.254216 3.843030 0.060847
v -0.260411 3.848002 0.062301
v -0.180776 3.822233 -0.000356
v -0.203914 3.825039 0.000187
v -0.222631 3.828328 0.000764
v -0.237481 3.832089 0.001339
v -0.249001 3.836299 0.001876
v -0.257666 3.840905 0.002331
v -0.263938 3.845845 0.002657
v -0.177464 3.820660 -0.046539
v -0.199991 3.823339 -0.048549
v -0.218213 3.826487 -0.051007
v -0.232675 3.830122 -0.053314
v -0.243897 3.834241 -0.055021
v -0.252345 3.838788 -0.056184
v -0.258470 3.843689 -0.056987
v -0.168928 3.819395 -0.089980
v -0.189575 3.821850 -0.094930
v -0.206427 3.824799 -0.100539
v -0.219931 3.828276 -0.105656
v -0.230442 3.832286 -0.109523
v -0.238369 3.836764 -0.112241
v -0.244131 3.841623 -0.114128
v -0.155555 3.818408 -0.128058
v -0.172725 3.820553 -0.136711
v -0.187294 3.823275 -0.145633
v -0.199307 3.826598 -0.153392
v -0.208729 3.830505 -0.159242
v -0.215850 3.834918 -0.163385
v -0.221045 3.839740 -0.166264
v -0.110214 3.816464 -0.180391
v -0.118464 3.818251 -0.198976
v -0.127136 3.820754 -0.214209
v -0.134957 3.823932 -0.226248
v -0.141217 3.827740 -0.235177
v -0.145969 3.832084 -0.241523
v -0.149456 3.836859 -0.245926
v -0.077275 3.815467 -0.195757
v -0.082246 3.817298 -0.218066
v -0.087903 3.819832 -0.235630
v -0.093230 3.823029 -0.249094
v -0.097530 3.826844 -0.259014
v -0.100799 3.831187 -0.266064
v -0.103201 3.835953 -0.270950
v -0.039810 3.814763 -0.205360
v -0.042140 3.816648 -0.229587
v -0.044923 3.819228 -0.248467
v -0.047618 3.822460 -0.262786
v -0.049807 3.826295 -0.273309
v -0.051471 3.830644 -0.280787
v -0.052696 3.835409 -0.285965
v -0.000065 3.814501 -0.208713
v -0.000065 3.816409 -0.233469
v -0.000065 3.819012 -0.252744
v -0.000065 3.822263 -0.267345
v -0.000065 3.826108 -0.278072
v -0.000065 3.830463 -0.285694
v -0.000065 3.835228 -0.290969
v 0.039680 3.814763 -0.205360
v 0.042010 3.816648 -0.229587
v 0.044792 3.819228 -0.248467
v 0.047488 3.822460 -0.262786
v 0.049677 3.826295 -0.273309
v 0.051341 3.830643 -0.280787
v 0.052565 3.835409 -0.285965
v 0.077145 3.815467 -0.195757
v 0.082116 3.817299 -0.218066
v 0.087773 3.819832 -0.235630
v 0.093099 3.823029 -0.249094
v 0.097400 3.826844 -0.259014
v 0.100668 3.831187 -0.266064
v 0.103071 3.835953 -0.270950
v 0.110084 3.816465 -0.180391
v 0.118333 3.818251 -0.198976
v 0.127006 3.820753 -0.214209
v 0.134827 3.823932 -0.226248
v 0.141087 3.827740 -0.235177
v 0.145839 3.832085 -0.241523
v 0.149325 3.836859 -0.245926
v 0.155425 3.818408 -0.128058
v 0.172595 3.820553 -0.136711
v 0.187163 3.823275 -0.145633
v 0.199177 3.826598 -0.153392
v 0.208598 3.830505 -0.159242
v 0.215720 3.834918 -0.163385
v 0.220915 3.839740 -0.166264
v 0.168797 3.819395 -0.089980
v 0.189445 3.821850 -0.094930
v 0.206297 3.824799 -0.100539
v 0.219801 3.828276 -0.105656
v 0.230312 3.832286 -0.109523
v 0.238238 3.836764 -0.112241
v 0.244001 3.841623 -0.114128
v 0.177334 3.820661 -0.046539
v 0.199861 3.823338 -0.048549
v 0.218082 3.826488 -0.051007
v 0.232544 3.830122 -0.053314
v 0.243767 3.834241 -0.055021
v 0.252215 3.838788 -0.056184
v 0.258340 3.843689 -0.056987
v 0.180645 3.822233 -0.000356
v 0.203783 3.825039 0.000187
v 0.222501 3.828329 0.000764
v 0.237351 3.832089 0.001339
v 0.248870 3.836299 0.001876
v 0.257535 3.840905 0.002331
v 0.263807 3.845845 0.002657
v 0.178333 3.824079 0.045884
v 0.201075 3.826930 0.048962
v 0.219502 3.830287 0.052558
v 0.234148 3.834117 0.056005
v 0.245523 3.838382 0.058778
v 0.254085 3.843030 0.060847
v 0.260281 3.848002 0.062301
v 0.170672 3.826032 0.089468
v 0.191720 3.828862 0.095435
v 0.208956 3.832235 0.102144
v 0.222804 3.836096 0.108375
v 0.233600 3.840394 0.113292
v 0.241740 3.845071 0.116908
v 0.247635 3.850069 0.119443
v 0.157929 3.827867 0.127721
v 0.175622 3.830648 0.137318
v 0.190699 3.834023 0.147293
v 0.203170 3.837908 0.156138
v 0.212970 3.842232 0.163023
v 0.220376 3.846934 0.168055
v 0.225747 3.851955 0.171579
v 0.112588 3.829810 0.180054
v 0.121361 3.832950 0.199582
v 0.130542 3.836545 0.215869
v 0.138820 3.840573 0.228994
v 0.145459 3.844996 0.238958
v 0.150495 3.849767 0.246193
v 0.154157 3.854836 0.251241
v 0.079020 3.829960 0.195244
v 0.084391 3.833413 0.218571
v 0.090432 3.837202 0.237235
v 0.096103 3.841343 0.251813
v 0.100688 3.845836 0.262783
v 0.104171 3.850648 0.270731
v 0.106705 3.855739 0.276265
v 0.040679 3.829976 0.204705
v 0.043224 3.833619 0.230000
v 0.046212 3.837546 0.250018
v 0.049092 3.841778 0.265477
v 0.051433 3.846329 0.277067
v 0.053211 3.851174 0.285450
v 0.054506 3.856282 0.291279
v -0.000065 3.829965 0.208001
v -0.000065 3.833669 0.233843
v -0.000065 3.837646 0.254271
v -0.000065 3.841915 0.270023
v -0.000065 3.846490 0.281825
v -0.000065 3.851349 0.290355
v -0.000065 3.856462 0.296283
v -0.040809 3.829976 0.204705
v -0.043355 3.833619 0.230000
v -0.046343 3.837546 0.250018
v -0.049223 3.841778 0.265477
v -0.051563 3.846329 0.277067
v -0.053342 3.851175 0.285450
v -0.054637 3.856282 0.291279
v -0.079151 3.829960 0.195244
v -0.084522 3.833413 0.218571
v -0.090562 3.837203 0.237235
v -0.096233 3.841343 0.251813
v -0.100819 3.845836 0.262783
v -0.104301 3.850649 0.270731
v -0.106835 3.855740 0.276265
v -0.112718 3.829810 0.180053
v -0.121491 3.832951 0.199582
v -0.130672 3.836546 0.215869
v -0.138950 3.840574 0.228994
v -0.145589 3.844996 0.238958
v -0.150625 3.849767 0.246194
v -0.154288 3.854836 0.251241
v -0.151920 4.002009 0.219231
v -0.184134 3.990053 0.235666
v -0.153212 3.927357 0.222101
v -0.185010 3.941661 0.237488
v -0.195798 4.000995 0.167822
v -0.216775 3.989291 0.197399
v -0.197362 3.926335 0.170345
v -0.217764 3.940897 0.199076
v -0.145547 3.944379 0.227505
v -0.142761 3.964827 0.228730
v -0.144868 3.985205 0.225913
v -0.160650 4.000402 0.226366
v -0.169281 3.997972 0.231996
v -0.177641 3.994160 0.235105
v -0.182947 3.980273 0.239581
v -0.182519 3.966022 0.241899
v -0.183460 3.951660 0.240663
v -0.178656 3.937294 0.237259
v -0.170425 3.932962 0.234472
v -0.161882 3.929804 0.229069
v -0.188872 3.916098 0.183579
v -0.177457 3.912897 0.198456
v -0.164670 3.916662 0.211973
v -0.193566 3.938303 0.231437
v -0.204375 3.936486 0.220917
v -0.213078 3.937844 0.208541
v -0.216448 3.936414 0.192931
v -0.212323 3.931987 0.185321
v -0.205599 3.928790 0.177778
v -0.201056 3.983910 0.160092
v -0.203137 3.963439 0.157998
v -0.201930 3.943079 0.161442
v -0.220841 3.950787 0.196826
v -0.222188 3.965096 0.195380
v -0.220251 3.979403 0.195841
v -0.215275 3.993283 0.190977
v -0.210970 3.997003 0.183104
v -0.204120 3.999394 0.175382
v -0.162929 4.012313 0.208381
v -0.175492 4.015548 0.194721
v -0.186942 4.011754 0.180229
v -0.211979 3.992803 0.206597
v -0.203253 3.994703 0.218802
v -0.192546 3.993260 0.229398
v -0.153648 3.984517 0.232977
v -0.162768 3.983363 0.238533
v -0.172483 3.981559 0.241237
v -0.151553 3.965249 0.235740
v -0.160826 3.965619 0.241223
v -0.171013 3.965891 0.243787
v -0.154298 3.945908 0.234476
v -0.163376 3.947795 0.239906
v -0.173033 3.950131 0.242440
v -0.173160 3.919683 0.218920
v -0.181307 3.923665 0.224801
v -0.188486 3.929540 0.228756
v -0.185790 3.916111 0.205485
v -0.193431 3.920385 0.211908
v -0.199753 3.926793 0.217168
v -0.197136 3.919124 0.190795
v -0.204308 3.923126 0.197818
v -0.209458 3.929048 0.204147
v -0.210153 3.944618 0.169052
v -0.216925 3.946555 0.177189
v -0.220956 3.949016 0.186298
v -0.211371 3.963869 0.165688
v -0.218185 3.964292 0.174063
v -0.222279 3.964701 0.183749
v -0.209330 3.983232 0.167769
v -0.216171 3.982128 0.176000
v -0.220297 3.980450 0.185235
v -0.195315 4.009575 0.187624
v -0.202632 4.006363 0.194890
v -0.208013 4.001117 0.201603
v -0.183928 4.013175 0.201955
v -0.191714 4.009675 0.208662
v -0.198267 4.003912 0.214365
v -0.171506 4.010131 0.215531
v -0.179775 4.006899 0.221691
v -0.187155 4.001604 0.226076
v -0.216047 3.950459 0.209639
v -0.207041 3.950052 0.222921
v -0.195365 3.950944 0.233909
v -0.217155 3.965475 0.209227
v -0.207717 3.965790 0.223186
v -0.195426 3.965984 0.234725
v -0.215447 3.980426 0.208580
v -0.206435 3.981432 0.221782
v -0.194809 3.980911 0.232796
v -0.036012 3.981540 -0.286884
v -0.027248 3.967061 -0.320927
v -0.036858 3.906876 -0.284132
v -0.027665 3.918661 -0.319159
v 0.032161 3.981269 -0.286838
v 0.023141 3.966837 -0.321194
v 0.032323 3.906601 -0.284083
v 0.023148 3.918436 -0.319423
v -0.046097 3.923980 -0.283015
v -0.048954 3.944458 -0.283199
v -0.045551 3.964811 -0.284531
v -0.035660 3.979104 -0.297871
v -0.034252 3.975926 -0.307881
v -0.031106 3.971523 -0.315949
v -0.030921 3.957157 -0.321837
v -0.032856 3.942842 -0.321951
v -0.031186 3.928539 -0.320790
v -0.031644 3.914648 -0.313867
v -0.034923 3.910907 -0.305494
v -0.036429 3.908495 -0.295273
v 0.016753 3.896022 -0.285382
v -0.002308 3.892536 -0.285925
v -0.021351 3.896173 -0.285336
v -0.017394 3.915207 -0.321462
v -0.002289 3.913452 -0.322635
v 0.012836 3.915090 -0.321429
v 0.027114 3.914394 -0.314085
v 0.030385 3.910634 -0.305588
v 0.031892 3.908218 -0.295284
v 0.041689 3.964427 -0.284844
v 0.044889 3.944054 -0.283389
v 0.041846 3.923593 -0.283323
v 0.026744 3.928283 -0.321041
v 0.028532 3.942575 -0.322157
v 0.026724 3.956902 -0.322093
v 0.027068 3.971270 -0.316175
v 0.030290 3.975657 -0.307982
v 0.031760 3.978830 -0.297887
v -0.020588 3.991840 -0.288824
v -0.001888 3.995206 -0.289659
v 0.016811 3.991692 -0.288878
v 0.012919 3.970057 -0.323435
v -0.002058 3.971679 -0.324753
v -0.017027 3.970174 -0.323466
v -0.045176 3.963280 -0.295740
v -0.043416 3.961345 -0.306205
v -0.039061 3.958889 -0.315134
v -0.048541 3.944035 -0.294466
v -0.046634 3.943614 -0.305118
v -0.041879 3.943201 -0.314586
v -0.045672 3.924666 -0.294311
v -0.043846 3.925772 -0.304893
v -0.039406 3.927456 -0.313977
v -0.021087 3.898368 -0.296501
v -0.020246 3.901596 -0.306785
v -0.018597 3.906873 -0.315227
v -0.002315 3.894931 -0.297033
v -0.002318 3.898449 -0.307303
v -0.002312 3.904229 -0.315979
v 0.016472 3.898223 -0.296490
v 0.015623 3.901464 -0.306694
v 0.013992 3.906749 -0.315166
v 0.041368 3.924280 -0.294647
v 0.039465 3.925414 -0.305055
v 0.034977 3.927150 -0.313974
v 0.044419 3.943624 -0.294765
v 0.042444 3.943219 -0.305436
v 0.037595 3.942872 -0.314601
v 0.041233 3.962897 -0.296080
v 0.039360 3.960990 -0.306371
v 0.034912 3.958586 -0.315133
v 0.016541 3.988687 -0.299795
v 0.015705 3.984713 -0.309734
v 0.014086 3.978830 -0.317797
v -0.001921 3.992012 -0.300564
v -0.001959 3.987756 -0.310551
v -0.002003 3.981361 -0.318784
v -0.020389 3.988831 -0.299798
v -0.019632 3.984845 -0.309818
v -0.018095 3.978950 -0.317856
v 0.013748 3.927461 -0.325328
v -0.002246 3.926733 -0.326965
v -0.018219 3.927583 -0.325373
v 0.014585 3.942404 -0.327016
v -0.002187 3.942379 -0.328823
v -0.018938 3.942531 -0.327075
v 0.013790 3.957433 -0.326422
v -0.002121 3.958119 -0.328107
v -0.018015 3.957555 -0.326466
v 0.203425 4.002948 0.166192
v 0.224607 3.991324 0.195830
v 0.204996 3.928295 0.168896
v 0.225584 3.942934 0.197648
v 0.159665 4.004237 0.220998
v 0.192902 3.992265 0.235360
v 0.161031 3.929590 0.223972
v 0.193792 3.943877 0.237283
v 0.209611 3.945011 0.159797
v 0.210778 3.965360 0.156232
v 0.208728 3.985840 0.158355
v 0.211721 4.001365 0.173697
v 0.218638 3.998994 0.181433
v 0.223027 3.995297 0.189349
v 0.228051 3.981429 0.194215
v 0.229970 3.967119 0.193754
v 0.228634 3.952817 0.195281
v 0.224191 3.938433 0.191462
v 0.219985 3.933985 0.183822
v 0.213197 3.930767 0.176270
v 0.172205 3.918836 0.212836
v 0.184818 3.914986 0.198226
v 0.196420 3.918109 0.182614
v 0.220895 3.939917 0.207178
v 0.212437 3.938611 0.219781
v 0.202084 3.940484 0.230774
v 0.187382 3.939521 0.237433
v 0.178943 3.935194 0.235152
v 0.170047 3.932038 0.230285
v 0.152735 3.987459 0.228277
v 0.150690 3.967093 0.231302
v 0.153470 3.946636 0.229912
v 0.192398 3.953887 0.240523
v 0.191532 3.968254 0.241772
v 0.191873 3.982498 0.239384
v 0.186339 3.996381 0.235171
v 0.177752 4.000199 0.232563
v 0.168754 4.002630 0.227473
v 0.194509 4.013756 0.179000
v 0.182873 4.017627 0.194211
v 0.170436 4.014479 0.209049
v 0.201063 3.995436 0.228599
v 0.211338 3.996822 0.217499
v 0.219818 3.994871 0.205073
v 0.217065 3.985180 0.166026
v 0.223972 3.984097 0.174283
v 0.227971 3.982442 0.183474
v 0.219079 3.965812 0.163915
v 0.225963 3.966257 0.172317
v 0.230069 3.966691 0.182056
v 0.217894 3.946569 0.167400
v 0.224729 3.948529 0.175561
v 0.228629 3.951014 0.184619
v 0.204715 3.921151 0.189706
v 0.211909 3.925170 0.196594
v 0.217178 3.931108 0.202860
v 0.193359 3.918212 0.204994
v 0.201195 3.922496 0.211169
v 0.207684 3.928913 0.216211
v 0.181042 3.921864 0.219337
v 0.189485 3.925849 0.224785
v 0.196868 3.931722 0.228362
v 0.162700 3.948169 0.236303
v 0.172178 3.950056 0.241134
v 0.182011 3.952382 0.242969
v 0.159978 3.967517 0.237719
v 0.169670 3.967887 0.242583
v 0.180127 3.968152 0.244477
v 0.162004 3.986776 0.234757
v 0.171534 3.985622 0.239713
v 0.181438 3.983810 0.241715
v 0.179370 4.012302 0.215755
v 0.187942 4.009075 0.221485
v 0.195530 4.003782 0.225507
v 0.191522 4.015266 0.201195
v 0.199507 4.011777 0.207672
v 0.206227 4.006024 0.213189
v 0.202914 4.011593 0.186280
v 0.210260 4.008399 0.193430
v 0.215759 4.003169 0.200108
v 0.204013 3.953131 0.233118
v 0.215185 3.952178 0.221654
v 0.223892 3.952531 0.208172
v 0.204136 3.968174 0.233879
v 0.215894 3.967917 0.221842
v 0.225002 3.967543 0.207686
v 0.203456 3.983094 0.231931
v 0.214593 3.983555 0.220424
v 0.223304 3.982495 0.207026
v -0.247647 4.000216 0.031370
v -0.282668 3.987688 0.021989
v -0.249452 3.925540 0.033175
v -0.283840 3.939282 0.023128
v -0.249113 3.998336 -0.040580
v -0.283792 3.986394 -0.029275
v -0.250935 3.923682 -0.038043
v -0.284964 3.937997 -0.027784
v -0.247795 3.942672 0.042831
v -0.246772 3.963162 0.045657
v -0.246809 3.983510 0.041821
v -0.258827 3.998439 0.030703
v -0.269072 3.995849 0.029071
v -0.277450 3.991897 0.025831
v -0.284216 3.977912 0.025786
v -0.285186 3.963659 0.027896
v -0.284910 3.949290 0.026461
v -0.278829 3.935014 0.027176
v -0.270646 3.930820 0.030623
v -0.260536 3.927819 0.032400
v -0.252249 3.913721 -0.021743
v -0.252446 3.910754 -0.002304
v -0.251315 3.914692 0.017162
v -0.286262 3.935820 0.012996
v -0.287818 3.933865 -0.002002
v -0.287090 3.935079 -0.017239
v -0.280177 3.933515 -0.031832
v -0.272119 3.929126 -0.035319
v -0.262018 3.926015 -0.037177
v -0.248520 3.981052 -0.050032
v -0.248504 3.960504 -0.052591
v -0.249528 3.940229 -0.048554
v -0.286204 3.947814 -0.031679
v -0.286599 3.962085 -0.033933
v -0.285510 3.976429 -0.032584
v -0.278796 3.990384 -0.033647
v -0.270539 3.994138 -0.037456
v -0.260298 3.996615 -0.039542
v -0.249000 4.010371 0.014890
v -0.249969 4.013429 -0.004921
v -0.249938 4.009385 -0.024613
v -0.285765 3.990046 -0.018794
v -0.286413 3.992095 -0.003478
v -0.284931 3.990793 0.011685
v -0.258126 3.982648 0.040846
v -0.268512 3.981322 0.038600
v -0.277329 3.979351 0.033962
v -0.258094 3.963407 0.044556
v -0.268716 3.963602 0.042097
v -0.277808 3.963698 0.036976
v -0.259058 3.944027 0.041795
v -0.269371 3.945744 0.039466
v -0.278090 3.947914 0.034717
v -0.262292 3.917557 0.016851
v -0.272312 3.921392 0.015972
v -0.280489 3.927144 0.014285
v -0.263387 3.913820 -0.002113
v -0.273424 3.917959 -0.001968
v -0.281733 3.924255 -0.001917
v -0.263218 3.916611 -0.021172
v -0.273214 3.920497 -0.020096
v -0.281347 3.926339 -0.018353
v -0.260660 3.941649 -0.047472
v -0.270947 3.943506 -0.045077
v -0.279622 3.945960 -0.040212
v -0.259853 3.960831 -0.051423
v -0.270318 3.961179 -0.048801
v -0.279365 3.961586 -0.043426
v -0.259710 3.980258 -0.048846
v -0.270076 3.979075 -0.046315
v -0.278856 3.977391 -0.041268
v -0.261033 4.007069 -0.023856
v -0.271206 4.003743 -0.022531
v -0.279609 3.998417 -0.020420
v -0.261045 4.010907 -0.004583
v -0.271269 4.007270 -0.004237
v -0.279872 4.001392 -0.003874
v -0.260102 4.008031 0.014702
v -0.270296 4.004650 0.013993
v -0.278744 3.999229 0.012567
v -0.290242 3.947637 -0.018388
v -0.291337 3.947381 -0.002248
v -0.289386 3.948423 0.013631
v -0.291030 3.962626 -0.019607
v -0.292245 3.963107 -0.002613
v -0.290148 3.963457 0.014098
v -0.289520 3.977608 -0.019241
v -0.290580 3.978769 -0.003043
v -0.288660 3.978398 0.012917
v 0.161508 3.987195 -0.228308
v 0.195009 3.974069 -0.241616
v 0.162885 3.912562 -0.224999
v 0.195917 3.925692 -0.239453
v 0.206826 3.990575 -0.172771
v 0.227261 3.976467 -0.201990
v 0.208343 3.915954 -0.169270
v 0.228218 3.928094 -0.199761
v 0.155377 3.929024 -0.232778
v 0.152484 3.949291 -0.235863
v 0.154636 3.969840 -0.234577
v 0.170685 3.985051 -0.234644
v 0.179789 3.982202 -0.239549
v 0.188504 3.978180 -0.241872
v 0.194028 3.963995 -0.244882
v 0.193699 3.949599 -0.246085
v 0.194564 3.935390 -0.243603
v 0.189568 3.921332 -0.239333
v 0.181000 3.917211 -0.236657
v 0.171993 3.914472 -0.231510
v 0.199234 3.904650 -0.182238
v 0.187253 3.900213 -0.197741
v 0.174349 3.902799 -0.212830
v 0.204256 3.922867 -0.232589
v 0.214711 3.921933 -0.221398
v 0.223425 3.924288 -0.209033
v 0.227064 3.924122 -0.193256
v 0.222997 3.920341 -0.185112
v 0.216368 3.917783 -0.177089
v 0.212678 3.974182 -0.163515
v 0.214803 3.953954 -0.159638
v 0.213526 3.933374 -0.161569
v 0.231397 3.938130 -0.198346
v 0.232788 3.952507 -0.198068
v 0.230827 3.966732 -0.199669
v 0.225929 3.980965 -0.195889
v 0.221690 3.985324 -0.188142
v 0.214939 3.988351 -0.180392
v 0.172557 3.998421 -0.217102
v 0.185304 4.002829 -0.202358
v 0.197363 4.000266 -0.186617
v 0.222362 3.979225 -0.211533
v 0.213603 3.980130 -0.224021
v 0.203219 3.977807 -0.235050
v 0.163937 3.968624 -0.240831
v 0.173455 3.967069 -0.245514
v 0.183357 3.965102 -0.247233
v 0.161935 3.949180 -0.242272
v 0.171637 3.949150 -0.246986
v 0.182018 3.949267 -0.248679
v 0.164641 3.930025 -0.239126
v 0.174108 3.931510 -0.243940
v 0.183940 3.933683 -0.245837
v 0.183161 3.905272 -0.219547
v 0.191567 3.908787 -0.225293
v 0.199006 3.914339 -0.229406
v 0.195749 3.902856 -0.204810
v 0.203541 3.906604 -0.211377
v 0.209991 3.912571 -0.216987
v 0.207433 3.907077 -0.189711
v 0.214543 3.910494 -0.197051
v 0.219749 3.915879 -0.203912
v 0.221493 3.934269 -0.169589
v 0.227929 3.935525 -0.178075
v 0.231567 3.937231 -0.187473
v 0.222833 3.953734 -0.167717
v 0.229366 3.953457 -0.176394
v 0.233029 3.953069 -0.186221
v 0.220693 3.972862 -0.171423
v 0.227198 3.971078 -0.179756
v 0.230929 3.968648 -0.188947
v 0.205666 3.997490 -0.193847
v 0.212922 3.993697 -0.200852
v 0.218351 3.987919 -0.207196
v 0.193905 3.999887 -0.209179
v 0.201843 3.995863 -0.215397
v 0.208523 3.989663 -0.220461
v 0.181463 3.995692 -0.223590
v 0.190001 3.991995 -0.229016
v 0.197647 3.986381 -0.232633
v 0.226394 3.936774 -0.211110
v 0.217439 3.935294 -0.224428
v 0.206144 3.935271 -0.235993
v 0.227494 3.951774 -0.211888
v 0.218138 3.950961 -0.225948
v 0.206231 3.950195 -0.238014
v 0.225813 3.966728 -0.212475
v 0.216841 3.966664 -0.225843
v 0.205578 3.965227 -0.237336
v 0.032870 4.007351 0.286948
v 0.021882 3.995723 0.321924
v 0.033182 3.932708 0.290288
v 0.021994 3.947338 0.324096
v -0.038647 4.007276 0.284615
v -0.029907 3.995665 0.319993
v -0.038987 3.932631 0.287930
v -0.030065 3.947279 0.322149
v 0.043138 3.949616 0.288433
v 0.046331 3.970024 0.286999
v 0.042910 3.990438 0.286609
v 0.031887 4.005817 0.298120
v 0.029869 4.003469 0.308347
v 0.026156 3.999749 0.316688
v 0.025547 3.985909 0.323725
v 0.027412 3.971641 0.325048
v 0.025625 3.957300 0.325009
v 0.026322 3.942891 0.319239
v 0.030095 3.938467 0.311260
v 0.032161 3.935228 0.301282
v -0.022730 3.922166 0.290417
v -0.002936 3.918693 0.291928
v 0.016898 3.922207 0.291820
v 0.011353 3.944121 0.326005
v -0.004173 3.942516 0.326807
v -0.019596 3.944087 0.324981
v -0.034025 3.942823 0.317100
v -0.037247 3.938393 0.308970
v -0.038663 3.935152 0.298930
v -0.048643 3.990336 0.283466
v -0.052074 3.969916 0.283734
v -0.048875 3.949514 0.285268
v -0.033745 3.957232 0.322886
v -0.035548 3.971570 0.322841
v -0.033642 3.985842 0.321612
v -0.033815 3.999682 0.314569
v -0.036980 4.003396 0.306080
v -0.038354 4.005741 0.295794
v 0.016709 4.017845 0.287532
v -0.002887 4.021328 0.287330
v -0.022468 4.017805 0.286151
v -0.019476 3.999037 0.322524
v -0.004139 4.000724 0.324200
v 0.011290 3.999070 0.323540
v 0.041820 3.989825 0.297950
v 0.039347 3.988756 0.308394
v 0.034311 3.987054 0.317084
v 0.045196 3.970522 0.298315
v 0.042574 3.970980 0.308968
v 0.037105 3.971360 0.317969
v 0.042020 3.951221 0.299677
v 0.039513 3.953193 0.309984
v 0.034434 3.955630 0.318492
v 0.016121 3.925301 0.302693
v 0.014814 3.929356 0.312556
v 0.012791 3.935305 0.320495
v -0.003321 3.921980 0.302800
v -0.003672 3.926320 0.312747
v -0.003961 3.932783 0.320923
v -0.022719 3.925261 0.301373
v -0.022106 3.929318 0.311370
v -0.020640 3.935270 0.319402
v -0.048412 3.951118 0.296495
v -0.046552 3.953094 0.306985
v -0.042062 3.955542 0.315973
v -0.051568 3.970412 0.295033
v -0.049570 3.970873 0.305726
v -0.044710 3.971267 0.315258
v -0.048202 3.989724 0.294789
v -0.046371 3.988659 0.305411
v -0.041920 3.986969 0.314577
v -0.022478 4.015696 0.297338
v -0.021895 4.012540 0.307651
v -0.020472 4.007326 0.316181
v -0.003272 4.019029 0.298453
v -0.003624 4.015596 0.308748
v -0.003918 4.009890 0.317469
v 0.015959 4.015736 0.298637
v 0.014682 4.012578 0.308824
v 0.012696 4.007360 0.317262
v -0.020584 3.956737 0.327845
v -0.004296 3.956104 0.330046
v 0.012121 3.956771 0.328921
v -0.021418 3.971769 0.328301
v -0.004331 3.971849 0.330628
v 0.012894 3.971806 0.329423
v -0.020516 3.986698 0.326505
v -0.004278 3.987479 0.328640
v 0.012084 3.986734 0.327577
v -0.203719 3.993184 -0.182735
v -0.223752 3.979308 -0.212386
v -0.205555 3.918550 -0.179667
v -0.224908 3.930927 -0.210442
v -0.157143 3.989824 -0.238968
v -0.190832 3.976952 -0.252155
v -0.158975 3.915190 -0.235918
v -0.191997 3.928572 -0.250204
v -0.210821 3.935954 -0.171806
v -0.212161 3.956527 -0.169793
v -0.209796 3.976768 -0.173518
v -0.211744 3.991029 -0.190496
v -0.218409 3.988067 -0.198384
v -0.222501 3.983769 -0.206213
v -0.227402 3.969574 -0.210136
v -0.229454 3.955348 -0.208635
v -0.228089 3.940968 -0.208982
v -0.223869 3.926916 -0.203916
v -0.219988 3.923074 -0.195741
v -0.213471 3.920448 -0.187608
v -0.170686 3.905456 -0.223595
v -0.183889 3.902867 -0.208373
v -0.196182 3.907277 -0.192756
v -0.219960 3.927152 -0.219749
v -0.211066 3.924823 -0.232136
v -0.200495 3.925763 -0.243350
v -0.185613 3.924176 -0.250101
v -0.177133 3.919993 -0.247552
v -0.168096 3.917181 -0.242424
v -0.150156 3.972440 -0.245375
v -0.148175 3.951876 -0.246873
v -0.151168 3.931625 -0.243698
v -0.190540 3.938278 -0.254317
v -0.189585 3.952492 -0.256755
v -0.189847 3.966885 -0.255474
v -0.184233 3.981028 -0.252405
v -0.175549 3.984987 -0.250199
v -0.166369 3.987761 -0.245304
v -0.193905 4.002908 -0.196585
v -0.181477 4.005496 -0.212445
v -0.168391 4.001085 -0.227445
v -0.199193 3.980709 -0.245544
v -0.209702 3.983028 -0.234441
v -0.218667 3.982098 -0.221929
v -0.217669 3.975520 -0.181539
v -0.224079 3.973804 -0.190011
v -0.227704 3.971434 -0.199339
v -0.220005 3.956382 -0.177967
v -0.226354 3.956177 -0.186729
v -0.229896 3.955851 -0.196690
v -0.218633 3.936922 -0.179929
v -0.224960 3.938246 -0.188539
v -0.228473 3.940014 -0.198053
v -0.204276 3.909775 -0.200319
v -0.211281 3.913259 -0.207732
v -0.216377 3.918700 -0.214632
v -0.192313 3.905582 -0.215501
v -0.200036 3.909396 -0.222111
v -0.206417 3.915419 -0.227739
v -0.179473 3.908003 -0.230329
v -0.187858 3.911587 -0.236084
v -0.195279 3.917195 -0.240193
v -0.160460 3.932705 -0.250041
v -0.169980 3.934268 -0.254836
v -0.179908 3.936510 -0.256695
v -0.157574 3.951849 -0.253161
v -0.167335 3.951900 -0.257844
v -0.177841 3.952091 -0.259496
v -0.159507 3.971305 -0.251623
v -0.169106 3.969827 -0.256291
v -0.179140 3.967933 -0.257976
v -0.177308 3.998429 -0.233964
v -0.185873 3.994802 -0.239422
v -0.193568 3.989245 -0.243076
v -0.190034 4.002625 -0.219349
v -0.197940 3.998667 -0.225649
v -0.204608 3.992521 -0.230794
v -0.202129 4.000203 -0.203933
v -0.209310 3.996475 -0.211049
v -0.214678 3.990750 -0.217495
v -0.202305 3.938193 -0.246704
v -0.213717 3.938211 -0.235115
v -0.222867 3.939659 -0.221781
v -0.202307 3.953127 -0.248656
v -0.214343 3.953889 -0.236555
v -0.223910 3.954668 -0.222480
v -0.201594 3.968152 -0.247901
v -0.212982 3.969585 -0.236357
v -0.222162 3.969619 -0.222970
v 0.260771 4.000491 -0.033464
v 0.294770 3.988683 -0.019917
v 0.262359 3.925870 -0.029965
v 0.295800 3.940311 -0.017693
v 0.256419 4.003609 0.040652
v 0.291418 3.990848 0.031541
v 0.258048 3.928964 0.043559
v 0.292463 3.942466 0.033508
v 0.261244 3.942271 -0.041030
v 0.260506 3.962504 -0.045428
v 0.260371 3.983079 -0.042974
v 0.271826 3.998770 -0.031804
v 0.281860 3.996309 -0.029104
v 0.289884 3.992602 -0.024719
v 0.296545 3.978662 -0.023106
v 0.297634 3.964294 -0.024267
v 0.297154 3.950061 -0.021783
v 0.291094 3.935760 -0.022087
v 0.283244 3.931328 -0.026076
v 0.273328 3.928203 -0.028503
v 0.260083 3.917840 0.027296
v 0.261971 3.913528 0.007319
v 0.262903 3.916153 -0.012898
v 0.297265 3.937548 -0.006752
v 0.297334 3.936612 0.008818
v 0.295159 3.938824 0.023570
v 0.287396 3.938271 0.037527
v 0.279227 3.934152 0.040966
v 0.269126 3.931204 0.042754
v 0.255417 3.987060 0.051695
v 0.255398 3.966769 0.055916
v 0.256314 3.946237 0.053235
v 0.293501 3.952522 0.036659
v 0.293821 3.966910 0.037856
v 0.292882 3.981130 0.035508
v 0.286164 3.995127 0.035246
v 0.277814 3.999153 0.038392
v 0.267588 4.001793 0.039985
v 0.260867 4.011766 -0.017252
v 0.259783 4.016147 0.002854
v 0.258022 4.013473 0.023368
v 0.293979 3.993767 0.021269
v 0.296093 3.994810 0.006282
v 0.296097 3.992485 -0.009227
v 0.271585 3.982293 -0.041199
v 0.281948 3.981139 -0.038072
v 0.290443 3.979512 -0.032413
v 0.271717 3.962830 -0.043654
v 0.282171 3.963207 -0.040437
v 0.291114 3.963683 -0.034442
v 0.272410 3.943701 -0.039366
v 0.282708 3.945587 -0.036391
v 0.291112 3.948097 -0.030939
v 0.273791 3.919044 -0.011744
v 0.283667 3.922938 -0.010158
v 0.291628 3.928799 -0.008042
v 0.272898 3.916589 0.007955
v 0.282925 3.920721 0.008482
v 0.291235 3.927010 0.008797
v 0.271086 3.920681 0.027165
v 0.281127 3.924479 0.026441
v 0.289346 3.930183 0.024852
v 0.267538 3.947551 0.052074
v 0.277943 3.949212 0.049652
v 0.286721 3.951290 0.044850
v 0.266679 3.966969 0.054663
v 0.277255 3.967105 0.052075
v 0.286488 3.967111 0.046874
v 0.266691 3.986158 0.050605
v 0.277166 3.984777 0.048284
v 0.286036 3.982717 0.043620
v 0.269137 4.011108 0.023436
v 0.279335 4.007694 0.022992
v 0.287796 4.002232 0.021848
v 0.270829 4.013622 0.003731
v 0.281022 4.009983 0.004595
v 0.289591 4.004104 0.005438
v 0.271870 4.009456 -0.015855
v 0.281899 4.006140 -0.013931
v 0.290098 4.000836 -0.011296
v 0.298296 3.951433 0.024066
v 0.300883 3.950119 0.008496
v 0.300516 3.950085 -0.007950
v 0.299082 3.966472 0.024289
v 0.301833 3.965835 0.007901
v 0.301413 3.965056 -0.009368
v 0.297652 3.981392 0.022814
v 0.300214 3.981489 0.007129
v 0.299879 3.980041 -0.009302
v -0.012913 3.747596 0.343371
v -0.012913 3.769776 0.355569
v -0.033520 3.767018 0.334321
v -0.012913 3.755337 0.355559
v -0.024810 3.757578 0.351484
v -0.027484 3.769070 0.349159
v -0.027484 3.753387 0.340534
v -0.012913 3.850712 0.320715
v -0.012913 3.866385 0.292217
v -0.033520 3.846758 0.299982
v -0.012913 3.863287 0.309072
v -0.024810 3.860116 0.307328
v -0.027484 3.860491 0.294412
v -0.027484 3.849408 0.314563
v -0.012913 3.742924 0.314151
v -0.033520 3.763217 0.310549
v -0.012913 3.759960 0.290198
v -0.027484 3.748869 0.313096
v -0.024810 3.749622 0.300880
v -0.027484 3.760915 0.296159
v -0.012913 3.746566 0.298706
v -0.012913 3.866385 0.292217
v -0.012913 3.842843 0.275473
v -0.033520 3.846093 0.295825
v -0.012913 3.858142 0.278884
v -0.024810 3.855931 0.281993
v -0.027484 3.843794 0.281435
v -0.027484 3.860441 0.293275
v 0.012783 3.747596 0.343371
v 0.033389 3.767018 0.334321
v 0.012783 3.769776 0.355569
v 0.027354 3.753387 0.340534
v 0.024680 3.757578 0.351484
v 0.027354 3.769070 0.349159
v 0.012783 3.755337 0.355559
v 0.012783 3.866385 0.292217
v 0.012783 3.850712 0.320715
v 0.033389 3.846758 0.299982
v 0.012783 3.863287 0.309072
v 0.024680 3.860116 0.307328
v 0.027354 3.849408 0.314563
v 0.027354 3.860491 0.294412
v 0.012783 3.742924 0.314151
v 0.012783 3.759960 0.290198
v 0.033389 3.763217 0.310549
v 0.012783 3.746566 0.298706
v 0.024680 3.749622 0.300880
v 0.027354 3.760915 0.296159
v 0.027354 3.748869 0.313096
v 0.012783 3.866385 0.292217
v 0.033389 3.846093 0.295825
v 0.012783 3.842843 0.275473
v 0.027354 3.860441 0.293275
v 0.024680 3.855931 0.281993
v 0.027354 3.843794 0.281435
v 0.012783 3.858142 0.278884
v 0.031216 3.554518 0.384932
v 0.084131 3.795965 0.311650
v 0.031166 3.548888 0.368479
v 0.084050 3.789538 0.297890
v 0.104303 3.649291 0.329183
v 0.104463 3.663044 0.361878
v 0.113374 3.774465 0.295428
v 0.113523 3.786178 0.321531
v -0.000065 3.536296 0.370412
v -0.000065 3.788891 0.296187
v -0.000065 3.542652 0.390298
v -0.000065 3.796932 0.313257
v -0.000065 3.662611 0.371207
v -0.000065 3.642006 0.322157
v -0.000065 3.768248 0.334281
v -0.000065 3.750702 0.295120
v 0.124678 3.748406 0.300730
v 0.124845 3.761908 0.331248
v -0.000065 3.724225 0.299310
v -0.000065 3.744451 0.345095
v 0.026506 3.789190 0.296137
v 0.050965 3.789431 0.296336
v 0.071179 3.789559 0.296981
v 0.085458 3.617431 0.340375
v 0.063847 3.587610 0.351755
v 0.044189 3.563488 0.361776
v 0.028671 3.547941 0.383115
v 0.027255 3.543608 0.379121
v 0.028641 3.544689 0.373512
v 0.087078 3.791873 0.300436
v 0.088581 3.794235 0.304327
v 0.087127 3.795647 0.308502
v 0.085592 3.629476 0.370212
v 0.063948 3.597371 0.377312
v 0.044261 3.570902 0.382389
v 0.006371 3.542889 0.390191
v 0.013871 3.544669 0.389408
v 0.022982 3.549078 0.387447
v 0.124983 3.730575 0.305277
v 0.122863 3.707299 0.311521
v 0.116557 3.679797 0.319484
v 0.125156 3.744627 0.337180
v 0.123039 3.721797 0.344695
v 0.116730 3.694306 0.353144
v 0.116086 3.652840 0.336461
v 0.120050 3.656746 0.345358
v 0.116181 3.660362 0.354341
v 0.030904 3.643201 0.321944
v 0.059923 3.644647 0.322519
v 0.085039 3.646593 0.324670
v 0.091401 3.786709 0.296951
v 0.099903 3.782645 0.296114
v 0.107345 3.778345 0.295623
v 0.091503 3.794542 0.313858
v 0.100026 3.792054 0.316650
v 0.107484 3.789075 0.319314
v 0.126174 3.779464 0.300642
v 0.130475 3.783449 0.307546
v 0.126263 3.785870 0.314917
v 0.033598 3.756933 0.293376
v 0.065140 3.763048 0.292361
v 0.092439 3.768930 0.292802
v 0.022938 3.543061 0.369326
v 0.013839 3.538411 0.370069
v 0.006355 3.536545 0.370374
v 0.071258 3.796754 0.312317
v 0.051030 3.797212 0.312864
v 0.026542 3.797200 0.313138
v 0.085212 3.664319 0.366816
v 0.060063 3.664408 0.369521
v 0.030982 3.663707 0.370736
v 0.092600 3.784025 0.326451
v 0.065271 3.779876 0.329886
v 0.033670 3.774395 0.332331
v -0.000065 3.710186 0.302337
v -0.000065 3.691453 0.306875
v -0.000065 3.668551 0.313342
v -0.000065 3.731238 0.350200
v -0.000065 3.713172 0.356644
v -0.000065 3.690287 0.363841
v -0.000065 3.612756 0.333443
v -0.000065 3.583389 0.346147
v -0.000065 3.556902 0.358919
v -0.000065 3.630772 0.378151
v -0.000065 3.597770 0.384061
v -0.000065 3.567198 0.388317
v -0.000065 3.795426 0.298951
v -0.000065 3.799050 0.302890
v -0.000065 3.799605 0.307746
v -0.000065 3.524102 0.379491
v -0.000065 3.520974 0.385876
v -0.000065 3.527095 0.389501
v -0.000065 3.791145 0.319127
v -0.000065 3.783450 0.324910
v -0.000065 3.775325 0.330122
v -0.000065 3.779821 0.294751
v -0.000065 3.769459 0.294357
v -0.000065 3.759265 0.294611
v 0.117940 3.771203 0.295520
v 0.121204 3.767056 0.296190
v 0.123379 3.760100 0.297804
v 0.118096 3.783553 0.323196
v 0.121365 3.779817 0.324878
v 0.123543 3.773193 0.327316
v -0.000065 3.744640 0.295607
v -0.000065 3.739592 0.296262
v -0.000065 3.733479 0.297393
v -0.000065 3.763141 0.337128
v -0.000065 3.758707 0.339302
v -0.000065 3.753095 0.341670
v 0.101837 3.760019 0.336805
v 0.071784 3.756008 0.340566
v 0.037033 3.750583 0.343130
v 0.036952 3.730454 0.297586
v 0.071637 3.736610 0.296693
v 0.101656 3.742619 0.297464
v 0.138755 3.753807 0.306945
v 0.143486 3.758280 0.315057
v 0.138854 3.761191 0.323635
v 0.031846 3.764181 0.293249
v 0.029895 3.772757 0.293460
v 0.028009 3.781484 0.294318
v 0.061729 3.769035 0.292532
v 0.057831 3.776036 0.293094
v 0.053938 3.783123 0.294275
v 0.087562 3.773772 0.293107
v 0.081766 3.779299 0.293793
v 0.075650 3.784763 0.295010
v 0.119420 3.782632 0.300435
v 0.110821 3.786077 0.300365
v 0.100200 3.789330 0.300452
v 0.123469 3.786190 0.306728
v 0.114433 3.789121 0.305853
v 0.103011 3.791893 0.305026
v 0.119502 3.788502 0.313394
v 0.110895 3.791233 0.311620
v 0.100260 3.793674 0.309834
v 0.002958 3.524427 0.379408
v 0.007731 3.526758 0.378811
v 0.015867 3.532980 0.377144
v 0.001830 3.521324 0.385771
v 0.005723 3.523809 0.385030
v 0.013580 3.530550 0.383018
v 0.002965 3.527420 0.389390
v 0.007745 3.529740 0.388598
v 0.015888 3.535969 0.386550
v 0.047348 3.563630 0.366800
v 0.070549 3.589447 0.357634
v 0.095050 3.620276 0.347097
v 0.047722 3.564393 0.372919
v 0.072570 3.591741 0.364757
v 0.098249 3.623577 0.355256
v 0.047391 3.567767 0.378258
v 0.070610 3.594809 0.371650
v 0.095130 3.626867 0.363419
v 0.011848 3.557051 0.358944
v 0.018523 3.583565 0.346199
v 0.025265 3.613248 0.333426
v 0.023832 3.558226 0.359081
v 0.036209 3.584244 0.346729
v 0.049033 3.614030 0.334102
v 0.035477 3.560962 0.359624
v 0.051913 3.585740 0.348293
v 0.069655 3.615367 0.336171
v 0.137309 3.765694 0.303706
v 0.134889 3.772679 0.301874
v 0.131256 3.776643 0.301002
v 0.141990 3.770151 0.311515
v 0.139487 3.777080 0.309447
v 0.135731 3.780901 0.308307
v 0.137407 3.772856 0.319846
v 0.134984 3.779659 0.317563
v 0.131349 3.783397 0.316137
v 0.036567 3.740461 0.295440
v 0.035922 3.746848 0.294223
v 0.034953 3.751657 0.293635
v 0.070891 3.747313 0.294310
v 0.069641 3.753948 0.292993
v 0.067764 3.758524 0.292444
v 0.100598 3.753902 0.294823
v 0.098824 3.760736 0.293379
v 0.096162 3.765089 0.292812
v 0.100774 3.770777 0.332868
v 0.098997 3.777181 0.330362
v 0.096331 3.781006 0.328489
v 0.071034 3.766125 0.336737
v 0.069781 3.772281 0.334236
v 0.067901 3.776268 0.332230
v 0.036646 3.759983 0.339483
v 0.035999 3.765872 0.337037
v 0.035029 3.770069 0.334937
v 0.035551 3.570171 0.385513
v 0.052021 3.598228 0.381076
v 0.069799 3.630879 0.374613
v 0.023890 3.568217 0.387456
v 0.036296 3.598076 0.383132
v 0.049150 3.631312 0.376952
v 0.011879 3.567312 0.388213
v 0.018571 3.597882 0.383923
v 0.025330 3.631178 0.377901
v 0.070331 3.793352 0.299974
v 0.049624 3.794229 0.299451
v 0.025642 3.794874 0.299133
v 0.070633 3.795974 0.303808
v 0.049378 3.797235 0.303432
v 0.025385 3.798211 0.303141
v 0.070373 3.797173 0.308067
v 0.049658 3.798284 0.307997
v 0.025662 3.799039 0.307897
v 0.087712 3.787596 0.323635
v 0.081900 3.791386 0.320169
v 0.075759 3.794662 0.316343
v 0.061851 3.784441 0.326565
v 0.057940 3.789473 0.322413
v 0.054028 3.794033 0.317756
v 0.031913 3.780164 0.328574
v 0.029955 3.786684 0.323857
v 0.028059 3.792760 0.318582
v 0.095219 3.694994 0.358429
v 0.100365 3.721634 0.350163
v 0.102091 3.743542 0.342721
v 0.067118 3.694231 0.361477
v 0.070746 3.719763 0.353505
v 0.071963 3.740518 0.346303
v 0.034625 3.692500 0.363032
v 0.036498 3.716753 0.355429
v 0.037126 3.736201 0.348578
v 0.034541 3.670869 0.312799
v 0.036413 3.695137 0.305922
v 0.037042 3.715250 0.300967
v 0.066966 3.673385 0.313087
v 0.070592 3.698932 0.305815
v 0.071812 3.720328 0.300438
v 0.095032 3.676295 0.315038
v 0.100175 3.702949 0.307399
v 0.101904 3.725431 0.301594
v 0.129722 3.683943 0.326854
v 0.136738 3.711959 0.318627
v 0.139096 3.735658 0.311938
v 0.134150 3.688197 0.335972
v 0.141404 3.716383 0.327561
v 0.143840 3.740134 0.320472
v 0.129825 3.691878 0.345261
v 0.136843 3.719889 0.336768
v 0.139199 3.743344 0.329385
v -0.031346 3.554518 0.384932
v -0.084261 3.795965 0.311650
v -0.031296 3.548888 0.368479
v -0.084181 3.789538 0.297890
v -0.104434 3.649291 0.329183
v -0.104594 3.663044 0.361878
v -0.113504 3.774465 0.295428
v -0.113654 3.786178 0.321531
v -0.124808 3.748406 0.300730
v -0.124976 3.761908 0.331248
v -0.026636 3.789190 0.296137
v -0.051096 3.789431 0.296336
v -0.071309 3.789559 0.296981
v -0.085589 3.617431 0.340375
v -0.063977 3.587610 0.351755
v -0.044319 3.563488 0.361776
v -0.028801 3.547941 0.383115
v -0.027385 3.543608 0.379121
v -0.028772 3.544689 0.373512
v -0.087209 3.791873 0.300436
v -0.088712 3.794235 0.304327
v -0.087257 3.795647 0.308502
v -0.085723 3.629476 0.370212
v -0.064079 3.597371 0.377312
v -0.044391 3.570902 0.382389
v -0.006502 3.542889 0.390191
v -0.014002 3.544669 0.389408
v -0.023113 3.549078 0.387447
v -0.125113 3.730575 0.305277
v -0.122993 3.707299 0.311521
v -0.116687 3.679797 0.319484
v -0.125286 3.744627 0.337180
v -0.123170 3.721797 0.344695
v -0.116861 3.694306 0.353144
v -0.116217 3.652840 0.336461
v -0.120181 3.656746 0.345358
v -0.116312 3.660362 0.354341
v -0.031035 3.643201 0.321944
v -0.060053 3.644647 0.322519
v -0.085170 3.646593 0.324670
v -0.091532 3.786709 0.296951
v -0.100033 3.782645 0.296114
v -0.107475 3.778345 0.295623
v -0.091634 3.794542 0.313858
v -0.100157 3.792054 0.316650
v -0.107615 3.789075 0.319314
v -0.126305 3.779464 0.300642
v -0.130606 3.783449 0.307546
v -0.126394 3.785870 0.314917
v -0.033728 3.756933 0.293376
v -0.065270 3.763048 0.292361
v -0.092569 3.768930 0.292802
v -0.023068 3.543061 0.369326
v -0.013970 3.538411 0.370069
v -0.006485 3.536545 0.370374
v -0.071389 3.796754 0.312317
v -0.051161 3.797212 0.312864
v -0.026673 3.797200 0.313138
v -0.085342 3.664319 0.366816
v -0.060193 3.664408 0.369521
v -0.031112 3.663707 0.370736
v -0.092730 3.784025 0.326451
v -0.065401 3.779876 0.329886
v -0.033801 3.774395 0.332331
v -0.118070 3.771203 0.295520
v -0.121335 3.767056 0.296190
v -0.123510 3.760100 0.297804
v -0.118227 3.783553 0.323196
v -0.121495 3.779817 0.324878
v -0.123673 3.773193 0.327316
v -0.101967 3.760019 0.336805
v -0.071914 3.756008 0.340566
v -0.037164 3.750583 0.343130
v -0.037083 3.730454 0.297586
v -0.071767 3.736610 0.296693
v -0.101787 3.742619 0.297464
v -0.138885 3.753807 0.306945
v -0.143616 3.758280 0.315057
v -0.138985 3.761191 0.323635
v -0.031976 3.764181 0.293249
v -0.030025 3.772757 0.293460
v -0.028140 3.781484 0.294318
v -0.061859 3.769035 0.292532
v -0.057962 3.776036 0.293094
v -0.054068 3.783123 0.294275
v -0.087692 3.773772 0.293107
v -0.081897 3.779299 0.293793
v -0.075780 3.784763 0.295010
v -0.119550 3.782632 0.300435
v -0.110952 3.786077 0.300365
v -0.100330 3.789330 0.300452
v -0.123600 3.786190 0.306728
v -0.114563 3.789121 0.305853
v -0.103142 3.791893 0.305026
v -0.119633 3.788502 0.313394
v -0.111025 3.791233 0.311620
v -0.100391 3.793674 0.309834
v -0.003088 3.524427 0.379408
v -0.007862 3.526758 0.378811
v -0.015997 3.532980 0.377144
v -0.001961 3.521324 0.385771
v -0.005853 3.523809 0.385030
v -0.013711 3.530550 0.383018
v -0.003095 3.527420 0.389390
v -0.007875 3.529740 0.388598
v -0.016018 3.535969 0.386550
v -0.047479 3.563630 0.366800
v -0.070679 3.589447 0.357634
v -0.095181 3.620276 0.347097
v -0.047853 3.564393 0.372919
v -0.072701 3.591741 0.364757
v -0.098379 3.623577 0.355256
v -0.047522 3.567767 0.378258
v -0.070740 3.594809 0.371650
v -0.095260 3.626867 0.363419
v -0.011979 3.557051 0.358944
v -0.018653 3.583565 0.346199
v -0.025395 3.613248 0.333426
v -0.023963 3.558226 0.359081
v -0.036339 3.584244 0.346729
v -0.049164 3.614030 0.334102
v -0.035608 3.560962 0.359624
v -0.052043 3.585740 0.348293
v -0.069786 3.615367 0.336171
v -0.137440 3.765694 0.303706
v -0.135019 3.772679 0.301874
v -0.131387 3.776643 0.301002
v -0.142121 3.770151 0.311515
v -0.139617 3.777080 0.309447
v -0.135861 3.780901 0.308307
v -0.137537 3.772856 0.319846
v -0.135114 3.779659 0.317563
v -0.131479 3.783397 0.316137
v -0.036698 3.740461 0.295440
v -0.036052 3.746848 0.294223
v -0.035083 3.751657 0.293635
v -0.071021 3.747313 0.294310
v -0.069771 3.753948 0.292993
v -0.067895 3.758524 0.292444
v -0.100728 3.753902 0.294823
v -0.098955 3.760736 0.293379
v -0.096293 3.765089 0.292812
v -0.100905 3.770777 0.332868
v -0.099128 3.777181 0.330362
v -0.096461 3.781006 0.328489
v -0.071165 3.766125 0.336737
v -0.069911 3.772281 0.334236
v -0.068031 3.776268 0.332230
v -0.036777 3.759983 0.339483
v -0.036130 3.765872 0.337037
v -0.035159 3.770069 0.334937
v -0.035682 3.570171 0.385513
v -0.052152 3.598228 0.381076
v -0.069930 3.630879 0.374613
v -0.024020 3.568217 0.387456
v -0.036427 3.598076 0.383132
v -0.049281 3.631312 0.376952
v -0.012010 3.567312 0.388213
v -0.018702 3.597882 0.383923
v -0.025460 3.631178 0.377901
v -0.070461 3.793352 0.299974
v -0.049755 3.794229 0.299451
v -0.025773 3.794874 0.299133
v -0.070763 3.795974 0.303808
v -0.049508 3.797235 0.303432
v -0.025515 3.798211 0.303141
v -0.070504 3.797173 0.308067
v -0.049789 3.798284 0.307997
v -0.025792 3.799039 0.307897
v -0.087843 3.787596 0.323635
v -0.082030 3.791386 0.320169
v -0.075890 3.794662 0.316343
v -0.061981 3.784441 0.326565
v -0.058071 3.789473 0.322413
v -0.054158 3.794033 0.317756
v -0.032044 3.780164 0.328574
v -0.030086 3.786684 0.323857
v -0.028190 3.792760 0.318582
v -0.095349 3.694994 0.358429
v -0.100496 3.721634 0.350163
v -0.102222 3.743542 0.342721
v -0.067249 3.694231 0.361477
v -0.070877 3.719763 0.353505
v -0.072093 3.740518 0.346303
v -0.034755 3.692500 0.363032
v -0.036628 3.716753 0.355429
v -0.037257 3.736201 0.348578
v -0.034671 3.670869 0.312799
v -0.036543 3.695137 0.305922
v -0.037173 3.715250 0.300967
v -0.067097 3.673385 0.313087
v -0.070722 3.698932 0.305815
v -0.071942 3.720328 0.300438
v -0.095162 3.676295 0.315038
v -0.100305 3.702949 0.307399
v -0.102035 3.725431 0.301594
v -0.129852 3.683943 0.326854
v -0.136869 3.711959 0.318627
v -0.139226 3.735658 0.311938
v -0.134280 3.688197 0.335972
v -0.141534 3.716383 0.327561
v -0.143970 3.740134 0.320472
v -0.129955 3.691878 0.345261
v -0.136973 3.719889 0.336768
v -0.139329 3.743344 0.329385
v -0.129307 3.817396 0.147337
v -0.108783 4.082280 0.120041
v -0.127047 3.806467 -0.147476
v -0.107753 4.072488 -0.136112
v 0.129177 3.817396 0.147337
v 0.108653 4.082280 0.120041
v 0.126916 3.806467 -0.147476
v 0.107622 4.072488 -0.136112
v -0.202636 3.916565 0.224681
v -0.194234 3.998120 0.216649
v -0.189109 3.981175 -0.227851
v -0.199048 3.899137 -0.227161
v 0.188979 3.981175 -0.227851
v 0.198917 3.899137 -0.227161
v 0.194104 3.998120 0.216650
v 0.202506 3.916566 0.224681
v -0.178157 4.057852 0.196980
v -0.175380 4.042182 -0.211845
v 0.175250 4.042182 -0.211845
v 0.178026 4.057851 0.196980
v -0.198754 3.837748 -0.219022
v 0.198623 3.837748 -0.219022
v 0.203819 3.853469 0.224895
v -0.203949 3.853469 0.224895
v -0.135344 3.806725 -0.123436
v -0.144296 3.807379 -0.087466
v -0.150715 3.808460 -0.045443
v -0.153343 3.809952 -0.000465
v -0.151487 3.811803 0.044585
v -0.145755 3.813848 0.086802
v -0.137323 3.815868 0.123045
v -0.173141 4.063187 0.191594
v -0.167045 4.067931 0.185095
v -0.159728 4.071999 0.177236
v -0.151029 4.075366 0.167748
v -0.140877 4.078040 0.156484
v -0.129662 4.080070 0.143867
v -0.118097 4.081491 0.130715
v -0.115471 4.081978 0.098943
v -0.122532 4.081319 0.067526
v -0.127384 4.080303 0.030962
v -0.129052 4.078952 -0.008070
v -0.127032 4.077318 -0.047095
v -0.121868 4.075539 -0.083642
v -0.114569 4.073797 -0.115036
v -0.194775 3.831153 -0.215558
v -0.189235 3.825076 -0.210770
v -0.182054 3.819844 -0.204332
v -0.173127 3.815539 -0.195892
v -0.162376 3.812107 -0.185167
v -0.150222 3.809459 -0.172546
v -0.137458 3.807555 -0.158876
v 0.105965 3.805460 -0.157306
v 0.074813 3.804380 -0.167814
v 0.038591 3.803620 -0.175185
v -0.000065 3.803337 -0.177913
v -0.038722 3.803620 -0.175185
v -0.074944 3.804380 -0.167814
v -0.106095 3.805461 -0.157306
v -0.089956 4.072682 -0.144259
v -0.063528 4.072894 -0.152937
v -0.032823 4.073045 -0.159000
v -0.000065 4.073102 -0.161236
v 0.032693 4.073045 -0.159000
v 0.063398 4.072894 -0.152937
v 0.089825 4.072682 -0.144259
v 0.194644 3.831153 -0.215558
v 0.189105 3.825075 -0.210770
v 0.181924 3.819844 -0.204332
v 0.172996 3.815538 -0.195892
v 0.162245 3.812106 -0.185167
v 0.150092 3.809459 -0.172546
v 0.137327 3.807555 -0.158876
v 0.137192 3.815868 0.123045
v 0.145624 3.813848 0.086802
v 0.151356 3.811803 0.044585
v 0.153212 3.809952 -0.000465
v 0.150584 3.808460 -0.045443
v 0.144165 3.807379 -0.087466
v 0.135214 3.806725 -0.123436
v 0.114439 4.073797 -0.115036
v 0.121738 4.075539 -0.083642
v 0.126902 4.077318 -0.047095
v 0.128922 4.078952 -0.008070
v 0.127253 4.080303 0.030962
v 0.122402 4.081318 0.067526
v 0.115340 4.081977 0.098943
v 0.199606 3.846489 0.221074
v 0.193823 3.840188 0.215686
v 0.186396 3.834675 0.208488
v 0.177151 3.829887 0.199151
v 0.165975 3.825744 0.187445
v 0.153315 3.822208 0.173849
v 0.140016 3.819316 0.159318
v -0.108075 3.817128 0.156908
v -0.076403 3.816839 0.167137
v -0.039494 3.816635 0.174312
v -0.000065 3.816558 0.176966
v 0.039364 3.816635 0.174312
v 0.076273 3.816839 0.167137
v 0.107944 3.817128 0.156908
v 0.090727 4.083097 0.128169
v 0.064062 4.083972 0.136825
v 0.033044 4.084587 0.142873
v -0.000065 4.084815 0.145104
v -0.033175 4.084586 0.142873
v -0.064193 4.083972 0.136825
v -0.090858 4.083097 0.128169
v -0.206708 3.860919 0.227414
v -0.208142 3.868639 0.228775
v -0.208465 3.876378 0.229169
v -0.207977 3.884054 0.228862
v -0.206953 3.891758 0.228093
v -0.205610 3.899643 0.227046
v -0.204121 3.907860 0.225868
v -0.201260 3.925932 0.223568
v -0.199995 3.935924 0.222518
v -0.198833 3.946354 0.221516
v -0.197766 3.957018 0.220547
v -0.196783 3.967718 0.219593
v -0.195874 3.978259 0.218639
v -0.195029 3.988451 0.217664
v -0.179195 4.035930 -0.216103
v -0.182151 4.029193 -0.219568
v -0.184333 4.022048 -0.222274
v -0.185874 4.014581 -0.224302
v -0.186949 4.006817 -0.225761
v -0.187737 3.998719 -0.226771
v -0.188406 3.990208 -0.227438
v -0.189966 3.971519 -0.228086
v -0.190982 3.961316 -0.228180
v -0.192135 3.950747 -0.228157
v -0.193398 3.940001 -0.228043
v -0.194746 3.929274 -0.227862
v -0.196154 3.918758 -0.227638
v -0.197596 3.908651 -0.227396
v 0.179065 4.035930 -0.216103
v 0.182020 4.029194 -0.219567
v 0.184202 4.022050 -0.222274
v 0.185744 4.014581 -0.224301
v 0.186819 4.006816 -0.225761
v 0.187606 3.998719 -0.226772
v 0.188275 3.990207 -0.227438
v 0.189835 3.971518 -0.228086
v 0.190852 3.961316 -0.228180
v 0.192004 3.950746 -0.228157
v 0.193267 3.940002 -0.228043
v 0.194615 3.929274 -0.227862
v 0.196024 3.918758 -0.227638
v 0.197466 3.908651 -0.227396
v 0.182138 4.051987 0.201512
v 0.185450 4.045580 0.205297
v 0.188025 4.038688 0.208379
v 0.189958 4.031391 0.210829
v 0.191389 4.023727 0.212761
v 0.192464 4.015675 0.214297
v 0.193327 4.007167 0.215557
v 0.194898 3.988451 0.217664
v 0.195744 3.978259 0.218638
v 0.196652 3.967717 0.219593
v 0.197635 3.957017 0.220547
v 0.198703 3.946354 0.221516
v 0.199865 3.935924 0.222518
v 0.201130 3.925932 0.223568
v 0.160228 3.917724 0.262263
v 0.110716 3.918503 0.289048
v 0.056491 3.918953 0.305065
v -0.000065 3.919101 0.310394
v -0.056621 3.918953 0.305065
v -0.110847 3.918502 0.289048
v -0.160358 3.917724 0.262263
v 0.153679 3.999498 0.253654
v 0.106232 4.000470 0.280032
v 0.054213 4.001045 0.295806
v -0.000065 4.001236 0.301053
v -0.054343 4.001046 0.295806
v -0.106363 4.000468 0.280032
v -0.153810 3.999498 0.253654
v 0.232000 3.901260 -0.179548
v 0.255766 3.903590 -0.124312
v 0.270290 3.906022 -0.064076
v 0.275597 3.908468 -0.001345
v 0.271634 3.910838 0.061402
v 0.258275 3.913043 0.121683
v 0.235315 3.914984 0.176991
v 0.220594 3.982979 -0.181014
v 0.243448 3.985061 -0.126693
v 0.257573 3.987325 -0.067453
v 0.262953 3.989677 -0.005752
v 0.259495 3.992028 0.055972
v 0.247035 3.994284 0.115279
v 0.225333 3.996349 0.169704
v -0.157118 3.897366 -0.264693
v -0.108432 3.896056 -0.291464
v -0.055338 3.895259 -0.307481
v -0.000065 3.894992 -0.312812
v 0.055207 3.895259 -0.307481
v 0.108301 3.896056 -0.291464
v 0.156988 3.897366 -0.264693
v -0.149194 3.979736 -0.264801
v -0.102932 3.978697 -0.291183
v -0.052524 3.978070 -0.306981
v -0.000065 3.977860 -0.312240
v 0.052394 3.978069 -0.306981
v 0.102802 3.978697 -0.291183
v 0.149063 3.979736 -0.264801
v -0.235445 3.914984 0.176991
v -0.258405 3.913043 0.121683
v -0.271765 3.910838 0.061402
v -0.275728 3.908467 -0.001345
v -0.270421 3.906022 -0.064076
v -0.255897 3.903591 -0.124312
v -0.232130 3.901260 -0.179548
v -0.225464 3.996349 0.169704
v -0.247166 3.994283 0.115279
v -0.259625 3.992029 0.055972
v -0.263084 3.989677 -0.005752
v -0.257704 3.987325 -0.067453
v -0.243578 3.985060 -0.126693
v -0.220724 3.982979 -0.181014
v -0.193457 4.007168 0.215557
v -0.192595 4.015674 0.214297
v -0.191519 4.023727 0.212761
v -0.190089 4.031391 0.210830
v -0.188155 4.038688 0.208379
v -0.185581 4.045580 0.205298
v -0.182268 4.051987 0.201512
v -0.116867 4.070886 -0.146736
v -0.128179 4.068461 -0.159806
v -0.139143 4.065474 -0.172315
v -0.149065 4.061946 -0.183445
v -0.157565 4.057861 -0.192766
v -0.164695 4.053198 -0.200428
v -0.170596 4.047953 -0.206704
v 0.116736 4.070886 -0.146736
v 0.128049 4.068462 -0.159806
v 0.139012 4.065474 -0.172315
v 0.148935 4.061946 -0.183445
v 0.157435 4.057861 -0.192766
v 0.164564 4.053198 -0.200428
v 0.170465 4.047953 -0.206704
v 0.117967 4.081491 0.130715
v 0.129532 4.080069 0.143867
v 0.140746 4.078040 0.156484
v 0.150898 4.075366 0.167748
v 0.159598 4.071999 0.177236
v 0.166914 4.067931 0.185094
v 0.173011 4.063187 0.191594
v 0.140839 4.059202 0.230812
v 0.097331 4.060142 0.254956
v 0.049666 4.060693 0.269419
v -0.000065 4.060875 0.274236
v -0.049797 4.060694 0.269419
v -0.097462 4.060142 0.254956
v -0.140969 4.059202 0.230812
v 0.204464 4.043698 -0.168903
v 0.225477 4.045510 -0.118943
v 0.238295 4.047550 -0.064357
v 0.242918 4.049725 -0.007467
v 0.239304 4.051941 0.049426
v 0.227371 4.054104 0.104019
v 0.206991 4.056114 0.153999
v -0.138421 4.041003 -0.245628
v -0.095537 4.040155 -0.269726
v -0.048766 4.039641 -0.284157
v -0.000065 4.039470 -0.288962
v 0.048636 4.039640 -0.284157
v 0.095407 4.040154 -0.269727
v 0.138290 4.041003 -0.245628
v -0.207122 4.056114 0.153999
v -0.227502 4.054105 0.104019
v -0.239435 4.051941 0.049426
v -0.243048 4.049726 -0.007467
v -0.238426 4.047550 -0.064357
v -0.225608 4.045511 -0.118943
v -0.204594 4.043698 -0.168903
v -0.200476 3.890287 -0.226943
v -0.201782 3.881977 -0.226691
v -0.202842 3.874074 -0.226327
v -0.203514 3.866460 -0.225758
v -0.203630 3.859030 -0.224870
v -0.202997 3.851733 -0.223532
v -0.201425 3.844613 -0.221614
v 0.200345 3.890287 -0.226943
v 0.201652 3.881976 -0.226691
v 0.202712 3.874074 -0.226327
v 0.203383 3.866460 -0.225758
v 0.203499 3.859030 -0.224871
v 0.202867 3.851733 -0.223532
v 0.201295 3.844613 -0.221614
v 0.203991 3.907860 0.225868
v 0.205479 3.899643 0.227047
v 0.206822 3.891758 0.228093
v 0.207846 3.884055 0.228862
v 0.208335 3.876378 0.229169
v 0.208012 3.868639 0.228775
v 0.206577 3.860919 0.227414
v -0.140146 3.819316 0.159318
v -0.153445 3.822208 0.173849
v -0.166106 3.825744 0.187445
v -0.177282 3.829888 0.199151
v -0.186526 3.834675 0.208488
v -0.193953 3.840188 0.215686
v -0.199737 3.846489 0.221074
v -0.236826 3.851790 0.178148
v -0.259742 3.849858 0.123843
v -0.272934 3.847750 0.064587
v -0.276625 3.845551 0.002878
v -0.270976 3.843355 -0.058818
v -0.256092 3.841256 -0.118035
v -0.232015 3.839351 -0.172294
v -0.156808 3.836537 -0.255858
v -0.108201 3.835712 -0.282167
v -0.055219 3.835233 -0.297930
v -0.000065 3.835077 -0.303179
v 0.055088 3.835234 -0.297930
v 0.108070 3.835712 -0.282167
v 0.156677 3.836537 -0.255858
v 0.231885 3.839351 -0.172294
v 0.255962 3.841256 -0.118035
v 0.270845 3.843355 -0.058818
v 0.276494 3.845551 0.002878
v 0.272804 3.847749 0.064587
v 0.259612 3.849858 0.123843
v 0.236696 3.851790 0.178148
v 0.161360 3.854829 0.261693
v 0.111558 3.855832 0.287926
v 0.056941 3.856445 0.303624
v -0.000065 3.856652 0.308849
v -0.057071 3.856445 0.303624
v -0.111688 3.855832 0.287926
v -0.161491 3.854829 0.261693
v -0.201297 4.061528 0.149756
v -0.194200 4.066349 0.144646
v -0.185659 4.070504 0.138475
v -0.175472 4.073971 0.131029
v -0.163463 4.076773 0.122258
v -0.149658 4.078973 0.112842
v -0.133983 4.080655 0.104007
v -0.221131 4.059606 0.101073
v -0.213343 4.064517 0.097536
v -0.203941 4.068774 0.093275
v -0.192687 4.072370 0.088142
v -0.179298 4.075338 0.082139
v -0.163473 4.077756 0.075943
v -0.144801 4.079714 0.070540
v -0.232763 4.057528 0.047869
v -0.224581 4.062528 0.046019
v -0.214676 4.066888 0.043808
v -0.202786 4.070617 0.041161
v -0.188572 4.073752 0.038088
v -0.171595 4.076367 0.035001
v -0.151373 4.078533 0.032425
v -0.236306 4.055386 -0.007588
v -0.228016 4.060467 -0.007695
v -0.217965 4.064920 -0.007787
v -0.205884 4.068763 -0.007865
v -0.191421 4.072037 -0.007931
v -0.174120 4.074799 -0.007986
v -0.153493 4.077095 -0.008032
v -0.231834 4.053269 -0.063042
v -0.223720 4.058416 -0.061406
v -0.213881 4.062943 -0.059380
v -0.202064 4.066870 -0.056889
v -0.187935 4.070234 -0.053948
v -0.171052 4.073081 -0.050971
v -0.150926 4.075439 -0.048485
v -0.219389 4.051271 -0.116237
v -0.211730 4.056465 -0.112914
v -0.202453 4.061046 -0.108839
v -0.191335 4.065031 -0.103863
v -0.178105 4.068451 -0.097991
v -0.162454 4.071340 -0.091903
v -0.143962 4.073708 -0.086587
v -0.198976 4.049472 -0.164900
v -0.192053 4.054697 -0.160007
v -0.183681 4.059322 -0.154024
v -0.173677 4.063355 -0.146738
v -0.161877 4.066821 -0.138100
v -0.148303 4.069737 -0.128790
v -0.132863 4.072091 -0.120039
v -0.134680 4.046762 -0.239586
v -0.130056 4.052025 -0.232205
v -0.124469 4.056733 -0.223189
v -0.117814 4.060884 -0.212214
v -0.110110 4.064511 -0.198997
v -0.101940 4.067655 -0.183525
v -0.094332 4.070353 -0.165672
v -0.092979 4.045905 -0.263051
v -0.089809 4.051187 -0.254880
v -0.085976 4.055939 -0.244884
v -0.081412 4.060162 -0.232699
v -0.076161 4.063900 -0.217913
v -0.070796 4.067221 -0.200114
v -0.066141 4.070192 -0.178768
v -0.047469 4.045387 -0.277109
v -0.045859 4.050685 -0.268465
v -0.043911 4.055469 -0.257877
v -0.041592 4.059749 -0.244949
v -0.038934 4.063575 -0.229204
v -0.036284 4.067021 -0.210059
v -0.034080 4.070159 -0.186883
v -0.000065 4.045214 -0.281791
v -0.000065 4.050518 -0.272989
v -0.000065 4.055315 -0.262201
v -0.000065 4.059618 -0.249021
v -0.000065 4.063479 -0.232953
v -0.000065 4.066970 -0.213393
v -0.000065 4.070161 -0.189699
v 0.047339 4.045387 -0.277109
v 0.045728 4.050685 -0.268465
v 0.043780 4.055469 -0.257877
v 0.041461 4.059749 -0.244949
v 0.038804 4.063574 -0.229204
v 0.036154 4.067022 -0.210059
v 0.033949 4.070159 -0.186883
v 0.092848 4.045906 -0.263051
v 0.089678 4.051188 -0.254880
v 0.085845 4.055938 -0.244884
v 0.081281 4.060161 -0.232699
v 0.076031 4.063900 -0.217913
v 0.070666 4.067221 -0.200114
v 0.066011 4.070193 -0.178768
v 0.134549 4.046761 -0.239586
v 0.129925 4.052026 -0.232205
v 0.124338 4.056732 -0.223188
v 0.117684 4.060884 -0.212214
v 0.109980 4.064512 -0.198997
v 0.101810 4.067655 -0.183525
v 0.094202 4.070352 -0.165672
v 0.198845 4.049472 -0.164900
v 0.191922 4.054697 -0.160006
v 0.183551 4.059322 -0.154024
v 0.173546 4.063355 -0.146738
v 0.161747 4.066821 -0.138100
v 0.148173 4.069737 -0.128790
v 0.132732 4.072092 -0.120039
v 0.219259 4.051271 -0.116236
v 0.211599 4.056464 -0.112914
v 0.202322 4.061046 -0.108839
v 0.191205 4.065031 -0.103863
v 0.177975 4.068452 -0.097991
v 0.162324 4.071340 -0.091903
v 0.143832 4.073708 -0.086587
v 0.231704 4.053270 -0.063042
v 0.223589 4.058416 -0.061406
v 0.213751 4.062943 -0.059380
v 0.201934 4.066868 -0.056889
v 0.187804 4.070234 -0.053948
v 0.170921 4.073081 -0.050971
v 0.150796 4.075439 -0.048485
v 0.236175 4.055386 -0.007588
v 0.227885 4.060467 -0.007695
v 0.217834 4.064920 -0.007787
v 0.205754 4.068763 -0.007865
v 0.191290 4.072037 -0.007931
v 0.173990 4.074799 -0.007986
v 0.153363 4.077095 -0.008032
v 0.232633 4.057528 0.047869
v 0.224450 4.062528 0.046019
v 0.214546 4.066888 0.043808
v 0.202656 4.070617 0.041161
v 0.188441 4.073752 0.038088
v 0.171465 4.076368 0.035001
v 0.151243 4.078532 0.032425
v 0.221001 4.059606 0.101073
v 0.213213 4.064517 0.097536
v 0.203811 4.068774 0.093275
v 0.192556 4.072370 0.088142
v 0.179167 4.075338 0.082140
v 0.163342 4.077756 0.075943
v 0.144670 4.079714 0.070540
v 0.201167 4.061527 0.149757
v 0.194070 4.066349 0.144646
v 0.185529 4.070503 0.138475
v 0.175342 4.073971 0.131029
v 0.163332 4.076772 0.122258
v 0.149528 4.078973 0.112842
v 0.133852 4.080656 0.104007
v 0.136881 4.064481 0.224515
v 0.132074 4.069174 0.216898
v 0.126314 4.073189 0.207676
v 0.119477 4.076500 0.196529
v 0.111564 4.079115 0.183171
v 0.103165 4.081076 0.167587
v 0.095322 4.082406 0.149646
v 0.094605 4.065389 0.248013
v 0.091295 4.070055 0.239595
v 0.087331 4.074046 0.229384
v 0.082630 4.077341 0.217020
v 0.077222 4.079949 0.202088
v 0.071684 4.081909 0.184171
v 0.066850 4.083247 0.162730
v 0.048278 4.065925 0.262094
v 0.046592 4.070581 0.253195
v 0.044574 4.074566 0.242384
v 0.042182 4.077862 0.229273
v 0.039440 4.080485 0.213378
v 0.036698 4.082469 0.194110
v 0.034396 4.083833 0.170835
v -0.000065 4.066103 0.266784
v -0.000065 4.070756 0.257724
v -0.000065 4.074741 0.246711
v -0.000065 4.078041 0.233346
v -0.000065 4.080675 0.217126
v -0.000065 4.082672 0.197442
v -0.000065 4.084051 0.173647
v -0.048409 4.065925 0.262094
v -0.046723 4.070580 0.253195
v -0.044705 4.074566 0.242384
v -0.042312 4.077862 0.229273
v -0.039571 4.080485 0.213378
v -0.036828 4.082469 0.194110
v -0.034527 4.083834 0.170835
v -0.094736 4.065388 0.248013
v -0.091425 4.070055 0.239596
v -0.087462 4.074047 0.229384
v -0.082760 4.077341 0.217020
v -0.077352 4.079949 0.202088
v -0.071815 4.081909 0.184171
v -0.066980 4.083247 0.162730
v -0.137011 4.064481 0.224515
v -0.132204 4.069174 0.216899
v -0.126445 4.073190 0.207676
v -0.119608 4.076501 0.196528
v -0.111694 4.079115 0.183171
v -0.103295 4.081075 0.167587
v -0.095453 4.082406 0.149646
v -0.108300 3.805241 -0.126487
v -0.075641 3.804034 -0.132776
v -0.038896 3.803228 -0.137921
v -0.000065 3.802935 -0.139967
v 0.038765 3.803228 -0.137921
v 0.075510 3.804034 -0.132776
v 0.108170 3.805241 -0.126487
v -0.113478 3.805679 -0.088800
v -0.078291 3.804381 -0.092214
v -0.039979 3.803551 -0.095381
v -0.000065 3.803258 -0.096740
v 0.039849 3.803551 -0.095381
v 0.078161 3.804381 -0.092214
v 0.113348 3.805679 -0.088800
v -0.117859 3.806662 -0.046114
v -0.080904 3.805337 -0.047693
v -0.041181 3.804517 -0.049247
v -0.000065 3.804236 -0.049945
v 0.041050 3.804517 -0.049247
v 0.080773 3.805337 -0.047693
v 0.117728 3.806662 -0.046114
v -0.119791 3.808137 -0.000833
v -0.082159 3.806841 -0.001097
v -0.041796 3.806062 -0.001256
v -0.000065 3.805801 -0.001309
v 0.041666 3.806062 -0.001256
v 0.082028 3.806841 -0.001097
v 0.119660 3.808137 -0.000833
v -0.118432 3.810042 0.044536
v -0.081285 3.808826 0.045597
v -0.041371 3.808117 0.046840
v -0.000065 3.807886 0.047433
v 0.041240 3.808117 0.046840
v 0.081154 3.808826 0.045597
v 0.118302 3.810042 0.044536
v -0.114580 3.812247 0.087469
v -0.079041 3.811204 0.090407
v -0.040360 3.810611 0.093284
v -0.000065 3.810421 0.094545
v 0.040230 3.810611 0.093284
v 0.078911 3.811204 0.090407
v 0.114450 3.812246 0.087469
v -0.109858 3.814621 0.125546
v -0.076744 3.813889 0.131441
v -0.039470 3.813472 0.136337
v -0.000065 3.813334 0.138295
v 0.039339 3.813472 0.136337
v 0.076613 3.813889 0.131441
v 0.109728 3.814620 0.125546
v 0.091396 4.074805 -0.117025
v 0.063740 4.075385 -0.121959
v 0.032702 4.075713 -0.126064
v -0.000065 4.075821 -0.127704
v -0.032833 4.075714 -0.126064
v -0.063870 4.075385 -0.121959
v -0.091527 4.074805 -0.117025
v 0.095504 4.076829 -0.084162
v 0.065763 4.077664 -0.086630
v 0.033497 4.078135 -0.089052
v -0.000065 4.078286 -0.090114
v -0.033628 4.078135 -0.089052
v -0.065893 4.077664 -0.086630
v -0.095635 4.076829 -0.084162
v 0.098974 4.078728 -0.047184
v 0.067796 4.079698 -0.048178
v 0.034418 4.080262 -0.049287
v -0.000065 4.080445 -0.049808
v -0.034549 4.080262 -0.049287
v -0.067926 4.079698 -0.048178
v -0.099105 4.078728 -0.047184
v 0.100445 4.080392 -0.008099
v 0.068743 4.081420 -0.008120
v 0.034880 4.082039 -0.008132
v -0.000065 4.082245 -0.008137
v -0.035011 4.082039 -0.008132
v -0.068873 4.081420 -0.008120
v -0.100576 4.080392 -0.008099
v 0.099235 4.081717 0.030994
v 0.067968 4.082762 0.031947
v 0.034505 4.083409 0.033031
v -0.000065 4.083632 0.033543
v -0.034635 4.083409 0.033030
v -0.068099 4.082762 0.031946
v -0.099365 4.081717 0.030994
v 0.096005 4.082647 0.067993
v 0.066103 4.083669 0.070423
v 0.033670 4.084325 0.072822
v -0.000065 4.084557 0.073875
v -0.033801 4.084325 0.072822
v -0.066234 4.083670 0.070423
v -0.096135 4.082646 0.067993
v 0.092105 4.083137 0.100888
v 0.064241 4.084094 0.105791
v 0.032963 4.084734 0.109876
v -0.000065 4.084968 0.111509
v -0.033093 4.084735 0.109876
v -0.064372 4.084094 0.105791
v -0.092235 4.083136 0.100888
v 0.163494 3.862222 0.264658
v 0.164602 3.869859 0.266313
v 0.164851 3.877535 0.266875
v 0.164466 3.885177 0.266636
v 0.163656 3.892873 0.265865
v 0.162589 3.900764 0.264773
v 0.161406 3.908997 0.263525
v 0.112998 3.863161 0.291181
v 0.113744 3.870712 0.293034
v 0.113913 3.878318 0.293719
v 0.113650 3.885922 0.293539
v 0.113092 3.893604 0.292778
v 0.112354 3.901500 0.291659
v 0.111533 3.909750 0.290364
v 0.057664 3.863729 0.307038
v 0.058038 3.871218 0.309001
v 0.058123 3.878773 0.309760
v 0.057990 3.886347 0.309620
v 0.057705 3.894020 0.308868
v 0.057328 3.901919 0.307735
v 0.056909 3.910182 0.306414
v -0.000065 3.863919 0.312313
v -0.000065 3.871385 0.314312
v -0.000065 3.878922 0.315095
v -0.000065 3.886486 0.314968
v -0.000065 3.894155 0.314220
v -0.000065 3.902055 0.313084
v -0.000065 3.910323 0.311753
v -0.057795 3.863730 0.307038
v -0.058169 3.871218 0.309001
v -0.058254 3.878773 0.309760
v -0.058120 3.886347 0.309620
v -0.057836 3.894020 0.308868
v -0.057459 3.901919 0.307735
v -0.057039 3.910182 0.306414
v -0.113129 3.863162 0.291181
v -0.113875 3.870713 0.293034
v -0.114044 3.878318 0.293719
v -0.113780 3.885921 0.293539
v -0.113222 3.893604 0.292778
v -0.112484 3.901500 0.291659
v -0.111664 3.909750 0.290364
v -0.163625 3.862222 0.264658
v -0.164732 3.869859 0.266313
v -0.164981 3.877536 0.266875
v -0.164596 3.885178 0.266636
v -0.163786 3.892872 0.265865
v -0.162720 3.900764 0.264772
v -0.161536 3.908996 0.263525
v 0.159142 3.927115 0.261081
v 0.158153 3.937131 0.259970
v 0.157250 3.947584 0.258909
v 0.156424 3.958272 0.257881
v 0.155665 3.968997 0.256863
v 0.154962 3.979566 0.255835
v 0.154304 3.989792 0.254774
v 0.109967 3.927922 0.287817
v 0.109288 3.937962 0.286662
v 0.108670 3.948438 0.285561
v 0.108107 3.959147 0.284491
v 0.107591 3.969892 0.283429
v 0.107112 3.980484 0.282349
v 0.106663 3.990734 0.281226
v 0.056108 3.928392 0.303805
v 0.055762 3.938451 0.302624
v 0.055449 3.948941 0.301498
v 0.055164 3.959665 0.300403
v 0.054903 3.970424 0.299314
v 0.054660 3.981029 0.298204
v 0.054432 3.991294 0.297045
v -0.000065 3.928547 0.309123
v -0.000065 3.938611 0.307934
v -0.000065 3.949108 0.306800
v -0.000065 3.959836 0.305697
v -0.000065 3.970600 0.304599
v -0.000065 3.981210 0.303479
v -0.000065 3.991479 0.302307
v -0.056239 3.928392 0.303805
v -0.055893 3.938450 0.302624
v -0.055580 3.948941 0.301498
v -0.055294 3.959665 0.300403
v -0.055033 3.970424 0.299314
v -0.054791 3.981029 0.298204
v -0.054563 3.991293 0.297045
v -0.110097 3.927921 0.287817
v -0.109418 3.937962 0.286662
v -0.108801 3.948438 0.285561
v -0.108238 3.959147 0.284491
v -0.107721 3.969892 0.283429
v -0.107243 3.980484 0.282349
v -0.106793 3.990733 0.281226
v -0.159273 3.927115 0.261081
v -0.158283 3.937131 0.259970
v -0.157380 3.947584 0.258909
v -0.156554 3.958272 0.257881
v -0.155795 3.968997 0.256863
v -0.155092 3.979565 0.255835
v -0.154435 3.989791 0.254774
v 0.235043 3.846348 -0.174375
v 0.236874 3.853621 -0.175953
v 0.237567 3.861044 -0.177093
v 0.237367 3.868556 -0.177895
v 0.236520 3.876212 -0.178464
v 0.235233 3.884128 -0.178886
v 0.233677 3.892431 -0.179229
v 0.259468 3.848380 -0.119515
v 0.261462 3.855794 -0.120698
v 0.262159 3.863327 -0.121616
v 0.261859 3.870903 -0.122333
v 0.260852 3.878586 -0.122915
v 0.259377 3.886502 -0.123415
v 0.257626 3.894789 -0.123872
v 0.274564 3.850595 -0.059640
v 0.276636 3.858134 -0.060397
v 0.277299 3.865757 -0.061084
v 0.276898 3.873380 -0.061721
v 0.275760 3.881076 -0.062328
v 0.274145 3.888984 -0.062920
v 0.272263 3.897250 -0.063503
v 0.280296 3.852891 0.002746
v 0.282370 3.860531 0.002431
v 0.282975 3.868226 0.001974
v 0.282487 3.875880 0.001412
v 0.281257 3.883582 0.000772
v 0.279561 3.891480 0.000081
v 0.277613 3.899725 -0.000634
v 0.276559 3.855167 0.065158
v 0.278571 3.862882 0.065288
v 0.279105 3.870626 0.065058
v 0.278555 3.878304 0.064563
v 0.277283 3.886007 0.063886
v 0.275566 3.893894 0.063095
v 0.273622 3.902120 0.062248
v 0.263186 3.857324 0.125110
v 0.265072 3.865083 0.125677
v 0.265534 3.872854 0.125665
v 0.264959 3.880543 0.125233
v 0.263703 3.888248 0.124518
v 0.262034 3.896129 0.123629
v 0.260166 3.904342 0.122658
v 0.239942 3.859269 0.180079
v 0.241639 3.867030 0.181064
v 0.242031 3.874803 0.181262
v 0.241476 3.882494 0.180890
v 0.240301 3.890199 0.180141
v 0.238755 3.898079 0.179165
v 0.237037 3.906288 0.178081
v 0.230312 3.910748 -0.179876
v 0.228649 3.920827 -0.180204
v 0.227034 3.931313 -0.180510
v 0.225494 3.942008 -0.180775
v 0.224054 3.952716 -0.180978
v 0.222741 3.963241 -0.181099
v 0.221579 3.973390 -0.181118
v 0.253918 3.913047 -0.124751
v 0.252113 3.923099 -0.125181
v 0.250372 3.933558 -0.125586
v 0.248719 3.944226 -0.125951
v 0.247177 3.954905 -0.126259
v 0.245770 3.965400 -0.126496
v 0.244519 3.975513 -0.126646
v 0.268355 3.915448 -0.064637
v 0.266483 3.925472 -0.065179
v 0.264690 3.935910 -0.065690
v 0.262996 3.946559 -0.066163
v 0.261420 3.957220 -0.066585
v 0.259979 3.967698 -0.066948
v 0.258692 3.977794 -0.067241
v 0.273645 3.917866 -0.002030
v 0.271775 3.927868 -0.002686
v 0.269998 3.938288 -0.003308
v 0.268329 3.948925 -0.003892
v 0.266778 3.959578 -0.004432
v 0.265358 3.970050 -0.004925
v 0.264080 3.980145 -0.005367
v 0.269732 3.920213 0.060594
v 0.267928 3.930198 0.059826
v 0.266229 3.940609 0.059095
v 0.264641 3.951240 0.058402
v 0.263169 3.961893 0.057744
v 0.261818 3.972370 0.057121
v 0.260592 3.982476 0.056531
v 0.256487 3.922401 0.120760
v 0.254810 3.932378 0.119885
v 0.253243 3.942785 0.119052
v 0.251787 3.953420 0.118254
v 0.250440 3.964080 0.117485
v 0.249201 3.974572 0.116738
v 0.248067 3.984699 0.116005
v 0.233703 3.924340 0.175964
v 0.232207 3.934317 0.174994
v 0.230821 3.944731 0.174069
v 0.229541 3.955377 0.173178
v 0.228359 3.966053 0.172308
v 0.227270 3.976566 0.171448
v 0.226264 3.986724 0.170585
v -0.158874 3.843281 -0.258831
v -0.160101 3.850256 -0.261002
v -0.160616 3.857424 -0.262496
v -0.160555 3.864763 -0.263457
v -0.160059 3.872322 -0.264035
v -0.159250 3.880199 -0.264362
v -0.158237 3.888506 -0.264549
v -0.109599 3.842362 -0.285387
v -0.110435 3.849221 -0.287722
v -0.110793 3.856283 -0.289318
v -0.110764 3.863542 -0.290331
v -0.110436 3.871050 -0.290919
v -0.109890 3.878898 -0.291225
v -0.109200 3.887194 -0.291370
v -0.055923 3.841825 -0.301287
v -0.056345 3.848611 -0.303711
v -0.056528 3.855607 -0.305365
v -0.056516 3.862813 -0.306408
v -0.056352 3.870284 -0.307002
v -0.056078 3.878112 -0.307295
v -0.055728 3.886398 -0.307416
v -0.000065 3.841649 -0.306579
v -0.000065 3.848410 -0.309033
v -0.000065 3.855383 -0.310705
v -0.000065 3.862570 -0.311758
v -0.000065 3.870030 -0.312354
v -0.000065 3.877850 -0.312643
v -0.000065 3.886132 -0.312756
v 0.055793 3.841825 -0.301287
v 0.056214 3.848611 -0.303711
v 0.056397 3.855607 -0.305365
v 0.056385 3.862813 -0.306408
v 0.056222 3.870285 -0.307002
v 0.055947 3.878112 -0.307295
v 0.055598 3.886398 -0.307416
v 0.109469 3.842362 -0.285387
v 0.110304 3.849221 -0.287722
v 0.110663 3.856284 -0.289318
v 0.110633 3.863542 -0.290332
v 0.110305 3.871049 -0.290920
v 0.109760 3.878898 -0.291225
v 0.109069 3.887194 -0.291370
v 0.158743 3.843281 -0.258831
v 0.159971 3.850256 -0.261002
v 0.160485 3.857424 -0.262496
v 0.160425 3.864763 -0.263457
v 0.159928 3.872322 -0.264035
v 0.159119 3.880199 -0.264362
v 0.158106 3.888505 -0.264549
v -0.155971 3.906899 -0.264859
v -0.154826 3.917029 -0.265039
v -0.153703 3.927572 -0.265203
v -0.152625 3.938333 -0.265323
v -0.151614 3.949118 -0.265372
v -0.150691 3.959737 -0.265320
v -0.149877 3.970002 -0.265139
v -0.107640 3.905601 -0.291585
v -0.106847 3.915746 -0.291724
v -0.106068 3.926310 -0.291850
v -0.105319 3.937096 -0.291931
v -0.104616 3.947914 -0.291937
v -0.103974 3.958575 -0.291836
v -0.103408 3.968893 -0.291596
v -0.054934 3.904808 -0.307577
v -0.054529 3.914961 -0.307694
v -0.054130 3.925537 -0.307799
v -0.053747 3.936340 -0.307859
v -0.053387 3.947178 -0.307842
v -0.053058 3.957866 -0.307713
v -0.052768 3.968220 -0.307438
v -0.000065 3.904542 -0.312899
v -0.000065 3.914698 -0.313008
v -0.000065 3.925277 -0.313107
v -0.000065 3.936085 -0.313160
v -0.000065 3.946931 -0.313136
v -0.000065 3.957629 -0.312998
v -0.000065 3.967996 -0.312712
v 0.054803 3.904808 -0.307577
v 0.054398 3.914962 -0.307694
v 0.054000 3.925537 -0.307799
v 0.053616 3.936340 -0.307859
v 0.053256 3.947178 -0.307842
v 0.052927 3.957867 -0.307713
v 0.052637 3.968220 -0.307438
v 0.107510 3.905600 -0.291585
v 0.106717 3.915746 -0.291724
v 0.105938 3.926309 -0.291850
v 0.105189 3.937096 -0.291931
v 0.104486 3.947914 -0.291937
v 0.103843 3.958575 -0.291836
v 0.103277 3.968893 -0.291596
v 0.155841 3.906899 -0.264859
v 0.154695 3.917029 -0.265039
v 0.153573 3.927572 -0.265203
v 0.152495 3.938333 -0.265323
v 0.151484 3.949118 -0.265371
v 0.150561 3.959737 -0.265320
v 0.149747 3.970001 -0.265139
v -0.240073 3.859268 0.180079
v -0.241769 3.867030 0.181064
v -0.242161 3.874803 0.181262
v -0.241606 3.882494 0.180890
v -0.240431 3.890199 0.180141
v -0.238886 3.898079 0.179165
v -0.237168 3.906289 0.178081
v -0.263317 3.857324 0.125110
v -0.265203 3.865082 0.125677
v -0.265664 3.872854 0.125665
v -0.265090 3.880544 0.125233
v -0.263833 3.888248 0.124518
v -0.262165 3.896129 0.123629
v -0.260296 3.904341 0.122658
v -0.276689 3.855166 0.065158
v -0.278701 3.862882 0.065288
v -0.279235 3.870625 0.065058
v -0.278686 3.878304 0.064563
v -0.277414 3.886007 0.063886
v -0.275697 3.893894 0.063095
v -0.273753 3.902120 0.062248
v -0.280426 3.852891 0.002746
v -0.282501 3.860531 0.002431
v -0.283106 3.868225 0.001974
v -0.282617 3.875880 0.001412
v -0.281388 3.883582 0.000772
v -0.279691 3.891480 0.000081
v -0.277743 3.899724 -0.000634
v -0.274695 3.850595 -0.059640
v -0.276766 3.858134 -0.060397
v -0.277430 3.865757 -0.061084
v -0.277028 3.873380 -0.061720
v -0.275890 3.881076 -0.062328
v -0.274276 3.888984 -0.062920
v -0.272394 3.897250 -0.063503
v -0.259598 3.848380 -0.119515
v -0.261592 3.855794 -0.120698
v -0.262290 3.863327 -0.121616
v -0.261989 3.870903 -0.122333
v -0.260982 3.878586 -0.122915
v -0.259507 3.886502 -0.123415
v -0.257757 3.894789 -0.123872
v -0.235174 3.846348 -0.174375
v -0.237005 3.853621 -0.175953
v -0.237697 3.861044 -0.177093
v -0.237497 3.868556 -0.177895
v -0.236651 3.876212 -0.178464
v -0.235364 3.884128 -0.178886
v -0.233808 3.892431 -0.179229
v -0.233833 3.924339 0.175964
v -0.232337 3.934317 0.174994
v -0.230952 3.944731 0.174069
v -0.229671 3.955376 0.173178
v -0.228490 3.966053 0.172308
v -0.227400 3.976566 0.171448
v -0.226395 3.986725 0.170585
v -0.256617 3.922402 0.120760
v -0.254941 3.932378 0.119885
v -0.253373 3.942786 0.119052
v -0.251917 3.953420 0.118254
v -0.250570 3.964081 0.117485
v -0.249331 3.974572 0.116738
v -0.248198 3.984700 0.116005
v -0.269862 3.920212 0.060594
v -0.268059 3.930198 0.059826
v -0.266360 3.940609 0.059095
v -0.264771 3.951241 0.058402
v -0.263299 3.961894 0.057744
v -0.261948 3.972371 0.057121
v -0.260723 3.982476 0.056531
v -0.273775 3.917865 -0.002030
v -0.271905 3.927868 -0.002686
v -0.270129 3.938288 -0.003308
v -0.268459 3.948925 -0.003892
v -0.266908 3.959578 -0.004432
v -0.265488 3.970050 -0.004925
v -0.264210 3.980144 -0.005367
v -0.268485 3.915448 -0.064637
v -0.266613 3.925473 -0.065178
v -0.264820 3.935910 -0.065690
v -0.263127 3.946559 -0.066163
v -0.261550 3.957221 -0.066585
v -0.260110 3.967698 -0.066948
v -0.258822 3.977793 -0.067241
v -0.254049 3.913048 -0.124751
v -0.252243 3.923098 -0.125181
v -0.250502 3.933558 -0.125586
v -0.248849 3.944226 -0.125951
v -0.247308 3.954905 -0.126259
v -0.245900 3.965400 -0.126496
v -0.244650 3.975513 -0.126646
v -0.230443 3.910748 -0.179876
v -0.228780 3.920827 -0.180204
v -0.227165 3.931313 -0.180510
v -0.225624 3.942008 -0.180775
v -0.224185 3.952715 -0.180978
v -0.222871 3.963241 -0.181099
v -0.221710 3.973389 -0.181118
v 0.153059 4.008588 0.252431
v 0.152362 4.017134 0.251000
v 0.151490 4.025216 0.249233
v 0.150332 4.032894 0.246991
v 0.148775 4.040183 0.244132
v 0.146718 4.047040 0.240530
v 0.144088 4.053396 0.236106
v 0.105801 4.009589 0.278715
v 0.105314 4.018158 0.277162
v 0.104703 4.026257 0.275231
v 0.103893 4.033941 0.272770
v 0.102809 4.041219 0.269622
v 0.101384 4.048054 0.265655
v 0.099569 4.054374 0.260784
v 0.053992 4.010180 0.294434
v 0.053742 4.018763 0.292808
v 0.053428 4.026871 0.290780
v 0.053012 4.034554 0.288189
v 0.052458 4.041827 0.284873
v 0.051730 4.048646 0.280693
v 0.050806 4.054945 0.275560
v -0.000065 4.010376 0.299663
v -0.000065 4.018963 0.298013
v -0.000065 4.027073 0.295953
v -0.000065 4.034758 0.293320
v -0.000065 4.042027 0.289948
v -0.000065 4.048841 0.285698
v -0.000065 4.055134 0.280480
v -0.054123 4.010180 0.294434
v -0.053872 4.018763 0.292808
v -0.053558 4.026871 0.290780
v -0.053143 4.034555 0.288189
v -0.052588 4.041827 0.284873
v -0.051861 4.048646 0.280693
v -0.050936 4.054946 0.275560
v -0.105932 4.009588 0.278715
v -0.105444 4.018157 0.277162
v -0.104833 4.026258 0.275231
v -0.104023 4.033941 0.272769
v -0.102940 4.041219 0.269622
v -0.101514 4.048054 0.265655
v -0.099700 4.054374 0.260784
v -0.153189 4.008588 0.252431
v -0.152493 4.017133 0.251000
v -0.151620 4.025216 0.249233
v -0.150462 4.032893 0.246991
v -0.148906 4.040182 0.244132
v -0.146848 4.047041 0.240530
v -0.144219 4.053397 0.236106
v 0.219773 3.991936 -0.180758
v 0.218983 4.000371 -0.180296
v 0.218051 4.008397 -0.179560
v 0.216787 4.016103 -0.178471
v 0.214979 4.023534 -0.176940
v 0.212422 4.030671 -0.174874
v 0.208951 4.037425 -0.172207
v 0.242538 3.993970 -0.126618
v 0.241647 4.002355 -0.126387
v 0.240590 4.010329 -0.125957
v 0.239166 4.017987 -0.125279
v 0.237147 4.025381 -0.124293
v 0.234304 4.032497 -0.122937
v 0.230451 4.039242 -0.121163
v 0.256603 3.996213 -0.067576
v 0.255632 4.004575 -0.067596
v 0.254474 4.012523 -0.067496
v 0.252920 4.020151 -0.067255
v 0.250738 4.027514 -0.066848
v 0.247689 4.034599 -0.066243
v 0.243581 4.041313 -0.065417
v 0.261952 3.998571 -0.006081
v 0.260928 4.006934 -0.006364
v 0.259696 4.014877 -0.006608
v 0.258049 4.022491 -0.006821
v 0.255757 4.029828 -0.007011
v 0.252585 4.036877 -0.007181
v 0.248344 4.043543 -0.007332
v 0.258495 4.000945 0.055434
v 0.257449 4.009326 0.054887
v 0.256179 4.017281 0.054296
v 0.254485 4.024896 0.053624
v 0.252147 4.032214 0.052832
v 0.248943 4.039224 0.051885
v 0.244697 4.045832 0.050755
v 0.246071 4.003236 0.114539
v 0.245040 4.011651 0.113734
v 0.243776 4.019632 0.112804
v 0.242092 4.027257 0.111682
v 0.239784 4.034567 0.110300
v 0.236654 4.041535 0.108592
v 0.232546 4.048076 0.106507
v 0.224442 4.005347 0.168776
v 0.223470 4.013807 0.167730
v 0.222266 4.021823 0.166480
v 0.220663 4.029467 0.164932
v 0.218482 4.036768 0.162988
v 0.215552 4.043698 0.160556
v 0.211747 4.050170 0.157572
v -0.148636 3.988856 -0.264259
v -0.148109 3.997452 -0.263425
v -0.147488 4.005626 -0.262186
v -0.146639 4.013447 -0.260415
v -0.145422 4.020941 -0.257975
v -0.143708 4.028079 -0.254744
v -0.141397 4.034784 -0.250642
v -0.102546 3.987893 -0.290548
v -0.102181 3.996563 -0.289588
v -0.101751 4.004797 -0.288176
v -0.101163 4.012659 -0.286172
v -0.100324 4.020167 -0.283429
v -0.099147 4.027291 -0.279820
v -0.097568 4.033965 -0.275267
v -0.052327 3.987316 -0.306289
v -0.052140 3.996033 -0.305251
v -0.051920 4.004306 -0.303732
v -0.051619 4.012192 -0.301584
v -0.051191 4.019707 -0.298656
v -0.050594 4.026820 -0.294823
v -0.049794 4.033471 -0.290006
v -0.000065 3.987125 -0.311529
v -0.000065 3.995858 -0.310464
v -0.000065 4.004144 -0.308909
v -0.000065 4.012038 -0.306712
v -0.000065 4.019554 -0.303724
v -0.000065 4.026662 -0.299816
v -0.000065 4.033306 -0.294912
v 0.052196 3.987317 -0.306289
v 0.052009 3.996034 -0.305251
v 0.051789 4.004306 -0.303732
v 0.051489 4.012193 -0.301584
v 0.051061 4.019707 -0.298656
v 0.050463 4.026819 -0.294823
v 0.049664 4.033471 -0.290006
v 0.102416 3.987893 -0.290548
v 0.102051 3.996562 -0.289588
v 0.101620 4.004797 -0.288176
v 0.101033 4.012659 -0.286172
v 0.100193 4.020167 -0.283428
v 0.099017 4.027291 -0.279820
v 0.097438 4.033965 -0.275267
v 0.148506 3.988856 -0.264259
v 0.147979 3.997453 -0.263425
v 0.147358 4.005626 -0.262186
v 0.146509 4.013446 -0.260415
v 0.145292 4.020941 -0.257975
v 0.143578 4.028079 -0.254744
v 0.141267 4.034783 -0.250642
v -0.224572 4.005347 0.168776
v -0.223600 4.013807 0.167730
v -0.222396 4.021823 0.166480
v -0.220794 4.029467 0.164932
v -0.218613 4.036769 0.162988
v -0.215682 4.043699 0.160556
v -0.211877 4.050170 0.157572
v -0.246201 4.003236 0.114539
v -0.245171 4.011651 0.113734
v -0.243906 4.019632 0.112804
v -0.242222 4.027257 0.111683
v -0.239915 4.034567 0.110300
v -0.236784 4.041536 0.108591
v -0.232677 4.048076 0.106507
v -0.258625 4.000944 0.055434
v -0.257580 4.009326 0.054887
v -0.256309 4.017281 0.054296
v -0.254616 4.024894 0.053624
v -0.252277 4.032215 0.052832
v -0.249073 4.039224 0.051885
v -0.244828 4.045832 0.050755
v -0.262083 3.998570 -0.006081
v -0.261059 4.006933 -0.006364
v -0.259827 4.014876 -0.006608
v -0.258180 4.022490 -0.006821
v -0.255888 4.029828 -0.007011
v -0.252716 4.036877 -0.007181
v -0.248475 4.043543 -0.007332
v -0.256733 3.996213 -0.067576
v -0.255763 4.004575 -0.067596
v -0.254604 4.012523 -0.067496
v -0.253050 4.020152 -0.067255
v -0.250868 4.027514 -0.066848
v -0.247819 4.034598 -0.066243
v -0.243711 4.041312 -0.065417
v -0.242668 3.993970 -0.126618
v -0.241777 4.002355 -0.126387
v -0.240721 4.010330 -0.125957
v -0.239296 4.017987 -0.125279
v -0.237277 4.025381 -0.124293
v -0.234434 4.032497 -0.122937
v -0.230582 4.039242 -0.121163
v -0.219904 3.991936 -0.180758
v -0.219114 4.000371 -0.180296
v -0.218182 4.008397 -0.179560
v -0.216917 4.016102 -0.178471
v -0.215110 4.023534 -0.176940
v -0.212553 4.030671 -0.174874
v -0.209081 4.037424 -0.172207
v -0.158971 3.817947 0.128598
v -0.177012 3.820784 0.138369
v -0.192572 3.824263 0.148596
v -0.205747 3.828358 0.157816
v -0.216531 3.833101 0.165226
v -0.225173 3.838567 0.170920
v -0.231903 3.844824 0.175161
v -0.171763 3.816103 0.090168
v -0.193221 3.818989 0.096243
v -0.211016 3.822470 0.103112
v -0.225649 3.826547 0.109575
v -0.237513 3.831262 0.114812
v -0.246987 3.836696 0.118826
v -0.254350 3.842919 0.121792
v -0.179455 3.814142 0.046415
v -0.202641 3.817050 0.049538
v -0.221675 3.820519 0.053204
v -0.237157 3.824569 0.056751
v -0.249645 3.829256 0.059659
v -0.259588 3.834661 0.061892
v -0.267295 3.840851 0.063517
v -0.181786 3.812290 -0.000000
v -0.205381 3.815153 0.000531
v -0.224727 3.818556 0.001091
v -0.240437 3.822541 0.001641
v -0.253092 3.827178 0.002140
v -0.263155 3.832549 0.002542
v -0.270939 3.838707 0.002800
v -0.178476 3.810713 -0.046360
v -0.201457 3.813447 -0.048439
v -0.220301 3.816708 -0.051002
v -0.235623 3.820568 -0.053462
v -0.247987 3.825123 -0.055382
v -0.257828 3.830449 -0.056815
v -0.265434 3.836573 -0.057917
v -0.169926 3.809445 -0.089977
v -0.191003 3.811953 -0.095060
v -0.208445 3.815010 -0.100867
v -0.222780 3.818711 -0.106276
v -0.234414 3.823167 -0.110549
v -0.243703 3.828445 -0.113773
v -0.250879 3.834539 -0.116197
v -0.156521 3.808456 -0.128241
v -0.174065 3.810651 -0.137098
v -0.189158 3.813474 -0.146316
v -0.201940 3.817017 -0.154521
v -0.212425 3.821381 -0.161000
v -0.220830 3.826623 -0.165916
v -0.227321 3.832699 -0.169587
v -0.110867 3.806498 -0.180881
v -0.119356 3.808328 -0.199826
v -0.128378 3.810926 -0.215577
v -0.136727 3.814328 -0.228399
v -0.143731 3.818626 -0.238435
v -0.149373 3.823880 -0.246117
v -0.153714 3.829983 -0.251807
v -0.077712 3.805491 -0.196298
v -0.082844 3.807364 -0.219041
v -0.088744 3.809996 -0.237225
v -0.094436 3.813425 -0.251606
v -0.099246 3.817750 -0.262804
v -0.103122 3.823045 -0.271385
v -0.106096 3.829183 -0.277716
v -0.040032 3.804782 -0.205931
v -0.042442 3.806707 -0.230630
v -0.045348 3.809388 -0.250197
v -0.048229 3.812860 -0.265517
v -0.050675 3.817221 -0.277420
v -0.052646 3.822551 -0.286542
v -0.054155 3.828718 -0.293252
v -0.000065 3.804518 -0.209294
v -0.000065 3.806466 -0.234536
v -0.000065 3.809171 -0.254519
v -0.000065 3.812665 -0.270151
v -0.000065 3.817041 -0.282290
v -0.000065 3.822388 -0.291593
v -0.000065 3.828566 -0.298427
v 0.039902 3.804782 -0.205931
v 0.042312 3.806707 -0.230630
v 0.045218 3.809388 -0.250197
v 0.048099 3.812860 -0.265517
v 0.050544 3.817221 -0.277420
v 0.052515 3.822550 -0.286542
v 0.054025 3.828719 -0.293252
v 0.077581 3.805491 -0.196299
v 0.082714 3.807364 -0.219041
v 0.088614 3.809995 -0.237225
v 0.094305 3.813425 -0.251606
v 0.099115 3.817750 -0.262804
v 0.102991 3.823045 -0.271385
v 0.105966 3.829183 -0.277716
v 0.110736 3.806498 -0.180881
v 0.119225 3.808327 -0.199826
v 0.128247 3.810925 -0.215577
v 0.136597 3.814328 -0.228399
v 0.143600 3.818626 -0.238435
v 0.149243 3.823880 -0.246117
v 0.153583 3.829983 -0.251807
v 0.156390 3.808456 -0.128241
v 0.173934 3.810651 -0.137098
v 0.189027 3.813474 -0.146316
v 0.201810 3.817017 -0.154521
v 0.212295 3.821381 -0.161000
v 0.220700 3.826624 -0.165916
v 0.227191 3.832700 -0.169587
v 0.169796 3.809445 -0.089977
v 0.190873 3.811953 -0.095060
v 0.208314 3.815010 -0.100867
v 0.222650 3.818710 -0.106276
v 0.234284 3.823166 -0.110549
v 0.243572 3.828445 -0.113773
v 0.250748 3.834538 -0.116197
v 0.178346 3.810714 -0.046360
v 0.201326 3.813447 -0.048439
v 0.220171 3.816708 -0.051002
v 0.235493 3.820568 -0.053462
v 0.247856 3.825123 -0.055382
v 0.257698 3.830449 -0.056815
v 0.265303 3.836573 -0.057917
v 0.181655 3.812290 -0.000000
v 0.205251 3.815153 0.000531
v 0.224597 3.818556 0.001091
v 0.240306 3.822541 0.001641
v 0.252961 3.827178 0.002140
v 0.263025 3.832549 0.002542
v 0.270809 3.838706 0.002800
v 0.179325 3.814142 0.046415
v 0.202511 3.817050 0.049538
v 0.221545 3.820519 0.053204
v 0.237026 3.824569 0.056751
v 0.249514 3.829256 0.059659
v 0.259458 3.834661 0.061892
v 0.267165 3.840852 0.063517
v 0.171633 3.816103 0.090168
v 0.193091 3.818989 0.096243
v 0.210885 3.822471 0.103112
v 0.225518 3.826546 0.109575
v 0.237382 3.831262 0.114812
v 0.246857 3.836696 0.118826
v 0.254220 3.842919 0.121792
v 0.158841 3.817947 0.128598
v 0.176882 3.820784 0.138369
v 0.192441 3.824263 0.148596
v 0.205617 3.828358 0.157815
v 0.216400 3.833100 0.165226
v 0.225043 3.838566 0.170920
v 0.231773 3.844824 0.175161
v 0.113186 3.819896 0.181220
v 0.122169 3.823093 0.201064
v 0.131653 3.826796 0.217797
v 0.140386 3.831042 0.231587
v 0.147671 3.835907 0.242492
v 0.153525 3.841487 0.250912
v 0.158073 3.847844 0.257222
v 0.079417 3.820042 0.196460
v 0.084927 3.823556 0.220165
v 0.091173 3.827459 0.239361
v 0.097151 3.831830 0.254711
v 0.102169 3.836782 0.266761
v 0.106199 3.842434 0.276061
v 0.109320 3.848845 0.283020
v 0.040880 3.820055 0.205948
v 0.043493 3.823761 0.231655
v 0.046584 3.827807 0.252259
v 0.049618 3.832279 0.268557
v 0.052174 3.837301 0.281304
v 0.054225 3.843009 0.291134
v 0.055810 3.849460 0.298474
v -0.000065 3.820044 0.209254
v -0.000065 3.823811 0.235518
v -0.000065 3.827909 0.256551
v -0.000065 3.832421 0.273164
v -0.000065 3.837472 0.286148
v -0.000065 3.843202 0.296155
v -0.000065 3.849667 0.303620
v -0.041011 3.820055 0.205949
v -0.043623 3.823761 0.231655
v -0.046715 3.827807 0.252259
v -0.049748 3.832279 0.268557
v -0.052304 3.837301 0.281304
v -0.054356 3.843010 0.291134
v -0.055941 3.849460 0.298474
v -0.079548 3.820042 0.196460
v -0.085057 3.823556 0.220165
v -0.091304 3.827459 0.239361
v -0.097281 3.831830 0.254711
v -0.102300 3.836782 0.266761
v -0.106330 3.842435 0.276061
v -0.109450 3.848846 0.283020
v -0.113317 3.819897 0.181220
v -0.122299 3.823094 0.201064
v -0.131783 3.826797 0.217797
v -0.140516 3.831043 0.231587
v -0.147801 3.835907 0.242492
v -0.153656 3.841487 0.250912
v -0.158204 3.847843 0.257222
v -0.148102 4.008837 0.225461
v -0.187485 3.994127 0.244161
v -0.149644 3.920880 0.228834
v -0.188505 3.938357 0.246255
v -0.201499 4.007623 0.162968
v -0.225770 3.993233 0.199285
v -0.203336 3.919620 0.165961
v -0.226906 3.937462 0.201228
v -0.139996 3.941309 0.235236
v -0.136575 3.965029 0.236584
v -0.139198 3.988666 0.233388
v -0.157375 4.007173 0.232956
v -0.167725 4.004411 0.239487
v -0.178617 3.999617 0.243427
v -0.186187 3.982600 0.248751
v -0.185762 3.966437 0.251350
v -0.186775 3.950149 0.249976
v -0.179831 3.932515 0.245963
v -0.169106 3.927051 0.242429
v -0.158857 3.923430 0.236156
v -0.193128 3.907128 0.182388
v -0.179460 3.903286 0.200357
v -0.163978 3.907810 0.216574
v -0.198812 3.934550 0.239079
v -0.211342 3.932575 0.226931
v -0.221379 3.934021 0.212599
v -0.225134 3.931459 0.192844
v -0.219860 3.925866 0.182927
v -0.212005 3.922184 0.173864
v -0.207675 3.987115 0.153316
v -0.210007 3.963345 0.150732
v -0.208691 3.939706 0.154891
v -0.230526 3.949130 0.198682
v -0.232035 3.965359 0.197104
v -0.229859 3.981579 0.197559
v -0.223752 3.998568 0.190522
v -0.218252 4.003242 0.180269
v -0.210257 4.005962 0.171001
v -0.161891 4.021445 0.212321
v -0.177121 4.025342 0.195917
v -0.190847 4.020775 0.178390
v -0.220119 3.997231 0.210358
v -0.210055 3.999304 0.224507
v -0.197633 3.997760 0.236738
v -0.148526 3.987976 0.240838
v -0.159457 3.986744 0.247342
v -0.172231 3.984473 0.250799
v -0.145911 3.965475 0.243993
v -0.157012 3.965911 0.250463
v -0.170518 3.966265 0.253767
v -0.149295 3.942887 0.242590
v -0.160182 3.944983 0.248956
v -0.172879 3.947945 0.252197
v -0.172962 3.910985 0.223850
v -0.182614 3.915670 0.230665
v -0.191938 3.923204 0.235680
v -0.188223 3.906679 0.207747
v -0.197167 3.911737 0.215265
v -0.205313 3.920060 0.222041
v -0.201799 3.910311 0.190032
v -0.210148 3.915028 0.198371
v -0.216717 3.922625 0.206607
v -0.217369 3.941299 0.162975
v -0.225328 3.943471 0.172731
v -0.230528 3.946605 0.184697
v -0.218707 3.963799 0.158892
v -0.226750 3.964301 0.168901
v -0.232071 3.964839 0.181726
v -0.216405 3.986433 0.161468
v -0.224441 3.985251 0.171324
v -0.229762 3.983140 0.183453
v -0.199632 4.018486 0.186222
v -0.208149 4.014703 0.194849
v -0.215011 4.007980 0.203584
v -0.185993 4.022833 0.203524
v -0.195110 4.018680 0.211378
v -0.203557 4.011190 0.218729
v -0.170966 4.019153 0.219810
v -0.180765 4.015347 0.226950
v -0.190351 4.008558 0.232513
v -0.224835 3.949043 0.214195
v -0.214560 3.948622 0.229357
v -0.201227 3.949595 0.241897
v -0.226068 3.965813 0.213749
v -0.215327 3.966172 0.229663
v -0.201308 3.966393 0.242802
v -0.224166 3.982510 0.213011
v -0.213885 3.983613 0.228086
v -0.200604 3.983065 0.240657
v -0.043262 3.988214 -0.288582
v -0.031525 3.970487 -0.329292
v -0.044210 3.900211 -0.285365
v -0.031979 3.914699 -0.327265
v 0.039438 3.987906 -0.288568
v 0.027360 3.970237 -0.329599
v 0.039590 3.899847 -0.285336
v 0.027346 3.914421 -0.327563
v -0.055556 3.920793 -0.283633
v -0.058943 3.944572 -0.283641
v -0.054936 3.968162 -0.285373
v -0.042825 3.985678 -0.300203
v -0.040975 3.982032 -0.312067
v -0.036800 3.976467 -0.322518
v -0.035748 3.958814 -0.330437
v -0.037864 3.942573 -0.330603
v -0.036034 3.926344 -0.329256
v -0.037400 3.909330 -0.320079
v -0.041731 3.904619 -0.309250
v -0.043691 3.901881 -0.297146
v 0.020496 3.886931 -0.287216
v -0.002347 3.882747 -0.287969
v -0.025158 3.887107 -0.287158
v -0.019712 3.910772 -0.330120
v -0.002296 3.908864 -0.331520
v 0.015045 3.910616 -0.330096
v 0.032796 3.909003 -0.320302
v 0.037106 3.904269 -0.309371
v 0.039072 3.901520 -0.297179
v 0.051089 3.967722 -0.285734
v 0.054877 3.944074 -0.283879
v 0.051260 3.920284 -0.283980
v 0.031547 3.926064 -0.329527
v 0.033521 3.942261 -0.330818
v 0.031535 3.958497 -0.330713
v 0.032770 3.976185 -0.322758
v 0.037029 3.981721 -0.312203
v 0.038953 3.985362 -0.300251
v -0.024307 4.000789 -0.291293
v -0.001853 4.004820 -0.292408
v 0.020605 4.000605 -0.291363
v 0.015156 3.973878 -0.332402
v -0.002032 3.975610 -0.333948
v -0.019308 3.973995 -0.332421
v -0.054492 3.966589 -0.297249
v -0.052257 3.964434 -0.309710
v -0.046455 3.961306 -0.321418
v -0.058477 3.944121 -0.295586
v -0.056119 3.943613 -0.308287
v -0.049724 3.943059 -0.320785
v -0.055058 3.921466 -0.295598
v -0.052748 3.922625 -0.308188
v -0.046838 3.924733 -0.320088
v -0.024830 3.889415 -0.298918
v -0.023733 3.893223 -0.310995
v -0.021511 3.899990 -0.321871
v -0.002350 3.885279 -0.299649
v -0.002344 3.889452 -0.311668
v -0.002328 3.896959 -0.322846
v 0.020142 3.889244 -0.298920
v 0.019029 3.893053 -0.310896
v 0.016814 3.899807 -0.321788
v 0.050706 3.920964 -0.295992
v 0.048304 3.922175 -0.308429
v 0.042393 3.924372 -0.320080
v 0.054349 3.943615 -0.295949
v 0.051885 3.943125 -0.308731
v 0.045420 3.942659 -0.320824
v 0.050559 3.966143 -0.297654
v 0.048194 3.964005 -0.309961
v 0.042331 3.960928 -0.321416
v 0.020263 3.997446 -0.302865
v 0.019160 3.992779 -0.314532
v 0.016949 3.985256 -0.324903
v -0.001884 4.001448 -0.303874
v -0.001919 3.996412 -0.315558
v -0.001967 3.988114 -0.326160
v -0.024048 3.997622 -0.302852
v -0.023040 3.992929 -0.314617
v -0.020947 3.985366 -0.324977
v 0.015848 3.925377 -0.334880
v -0.002241 3.924572 -0.336729
v -0.020426 3.925496 -0.334901
v 0.016782 3.942045 -0.336765
v -0.002174 3.942015 -0.338816
v -0.021219 3.942192 -0.336805
v 0.015901 3.958811 -0.336099
v -0.002103 3.959565 -0.338002
v -0.020207 3.958973 -0.336120
v 0.209083 4.009613 0.161336
v 0.233611 3.995279 0.197638
v 0.210931 3.921516 0.164556
v 0.234733 3.939487 0.199749
v 0.156321 4.011168 0.227384
v 0.196729 3.996368 0.243638
v 0.157938 3.923067 0.230891
v 0.197756 3.940585 0.245853
v 0.216344 3.941582 0.153247
v 0.217618 3.965249 0.148937
v 0.215314 3.989068 0.151557
v 0.217808 4.007975 0.169310
v 0.225882 4.005268 0.178578
v 0.231486 4.000606 0.188838
v 0.237671 3.983609 0.195858
v 0.239826 3.967383 0.195422
v 0.238331 3.951157 0.197076
v 0.232856 3.933443 0.191355
v 0.227483 3.927808 0.181451
v 0.219557 3.924093 0.172396
v 0.171797 3.909971 0.217444
v 0.186881 3.905384 0.200108
v 0.200633 3.909113 0.181463
v 0.229244 3.936086 0.211132
v 0.219590 3.934707 0.225577
v 0.207681 3.936744 0.238169
v 0.189069 3.934745 0.246055
v 0.178127 3.929262 0.243161
v 0.167504 3.925621 0.237520
v 0.147606 3.991009 0.236093
v 0.145052 3.967322 0.239557
v 0.148463 3.943536 0.237994
v 0.196242 3.952388 0.249632
v 0.195333 3.968691 0.251012
v 0.195645 3.984855 0.248341
v 0.187833 4.001884 0.243385
v 0.176705 4.006713 0.240078
v 0.165964 4.009501 0.234182
v 0.198375 4.022790 0.177142
v 0.184572 4.027418 0.195330
v 0.169690 4.023658 0.212947
v 0.206506 3.999953 0.235668
v 0.218331 4.001434 0.222961
v 0.228009 3.999315 0.208700
v 0.224109 3.988410 0.159705
v 0.232233 3.987247 0.169611
v 0.237426 3.985150 0.181663
v 0.226388 3.965726 0.157091
v 0.234531 3.966254 0.167160
v 0.239863 3.966823 0.180043
v 0.225084 3.943190 0.161326
v 0.233128 3.945395 0.171129
v 0.238192 3.948573 0.183009
v 0.209341 3.912316 0.188972
v 0.217726 3.917053 0.197122
v 0.224442 3.924662 0.205241
v 0.195861 3.908789 0.207220
v 0.205032 3.913858 0.214435
v 0.213391 3.922185 0.220919
v 0.181130 3.913158 0.224256
v 0.191094 3.917859 0.230578
v 0.200649 3.925396 0.235121
v 0.158264 3.945115 0.244728
v 0.169608 3.947228 0.250375
v 0.182499 3.950194 0.252714
v 0.154910 3.967770 0.246335
v 0.166499 3.968208 0.252062
v 0.180316 3.968554 0.254467
v 0.157446 3.990327 0.242919
v 0.168848 3.989081 0.248702
v 0.181828 3.986781 0.251255
v 0.179126 4.021366 0.219974
v 0.189243 4.017551 0.226629
v 0.199062 4.010757 0.231741
v 0.193666 4.024922 0.202671
v 0.203012 4.020783 0.210245
v 0.211670 4.013310 0.217347
v 0.207198 4.020515 0.184847
v 0.215760 4.016751 0.193310
v 0.222768 4.010055 0.201965
v 0.210245 3.951797 0.240824
v 0.222909 3.950759 0.227844
v 0.232742 3.951131 0.212614
v 0.210398 3.968598 0.241664
v 0.223714 3.968309 0.228063
v 0.233978 3.967888 0.212080
v 0.209623 3.985263 0.239499
v 0.222249 3.985745 0.226472
v 0.232087 3.984577 0.211330
v -0.249175 4.007214 0.038348
v -0.290828 3.991694 0.026156
v -0.251313 3.918960 0.040472
v -0.292181 3.935877 0.027469
v -0.250815 4.004954 -0.047881
v -0.292130 3.990190 -0.033284
v -0.252947 3.916726 -0.044939
v -0.293470 3.934377 -0.031596
v -0.249073 3.939533 0.052239
v -0.247772 3.963431 0.055604
v -0.247920 3.987157 0.051066
v -0.260969 4.005355 0.037601
v -0.273027 4.002347 0.035562
v -0.283765 3.997334 0.031359
v -0.292721 3.980150 0.030545
v -0.293857 3.963987 0.032867
v -0.293509 3.947693 0.031309
v -0.285397 3.930155 0.032943
v -0.274908 3.924835 0.037406
v -0.263006 3.921347 0.039612
v -0.254765 3.904644 -0.025100
v -0.255092 3.901114 -0.002007
v -0.253715 3.905800 0.021057
v -0.295150 3.931949 0.015450
v -0.296959 3.929825 -0.001654
v -0.296081 3.931103 -0.019067
v -0.286955 3.928359 -0.037074
v -0.276573 3.922775 -0.041630
v -0.264650 3.919168 -0.043973
v -0.249771 3.984156 -0.059455
v -0.249609 3.960174 -0.062524
v -0.250928 3.936556 -0.057749
v -0.294985 3.945953 -0.036088
v -0.295458 3.962153 -0.038571
v -0.294204 3.978436 -0.037099
v -0.285343 3.995540 -0.039175
v -0.274712 4.000309 -0.044128
v -0.262627 4.003163 -0.046733
v -0.250961 4.019545 0.018353
v -0.252146 4.023187 -0.005110
v -0.252026 4.018380 -0.028450
v -0.294560 3.994345 -0.020835
v -0.295348 3.996584 -0.003342
v -0.293618 3.995204 0.013939
v -0.259874 3.986267 0.050003
v -0.272168 3.984773 0.047244
v -0.283588 3.982244 0.041204
v -0.259732 3.963689 0.054417
v -0.272318 3.963916 0.051420
v -0.284180 3.964038 0.044675
v -0.260974 3.940942 0.051112
v -0.273185 3.942892 0.048259
v -0.284477 3.945675 0.042079
v -0.265268 3.908816 0.020691
v -0.277002 3.913337 0.019595
v -0.287497 3.920704 0.017355
v -0.266594 3.904353 -0.001804
v -0.278326 3.909250 -0.001629
v -0.289016 3.917412 -0.001555
v -0.266314 3.907685 -0.024450
v -0.278032 3.912261 -0.023092
v -0.288480 3.919756 -0.020757
v -0.262719 3.938031 -0.056564
v -0.274955 3.940148 -0.053601
v -0.286239 3.943307 -0.047225
v -0.261637 3.960525 -0.061258
v -0.274122 3.960950 -0.058046
v -0.285963 3.961494 -0.050940
v -0.261624 3.983348 -0.058162
v -0.273949 3.982047 -0.055042
v -0.285364 3.979900 -0.048434
v -0.263708 4.015946 -0.027603
v -0.275631 4.012029 -0.025959
v -0.286425 4.005198 -0.023170
v -0.263790 4.020522 -0.004751
v -0.275743 4.016212 -0.004339
v -0.286815 4.008589 -0.003862
v -0.262646 4.017079 0.018117
v -0.274586 4.013087 0.017220
v -0.285427 4.006141 0.015316
v -0.299961 3.946069 -0.020147
v -0.301211 3.945827 -0.001941
v -0.299009 3.946966 0.015924
v -0.300852 3.962810 -0.021477
v -0.302239 3.963355 -0.002350
v -0.299868 3.963748 0.016429
v -0.299156 3.979541 -0.021090
v -0.300367 3.980811 -0.002825
v -0.298200 3.980427 0.015126
v 0.158240 3.993633 -0.235227
v 0.198879 3.977475 -0.250185
v 0.159876 3.905414 -0.231313
v 0.199929 3.921681 -0.247689
v 0.212577 3.997686 -0.168726
v 0.236227 3.980247 -0.204297
v 0.214364 3.909473 -0.164607
v 0.237326 3.924470 -0.201738
v 0.150470 3.925185 -0.240600
v 0.146938 3.948823 -0.244171
v 0.149600 3.972789 -0.242698
v 0.167961 3.991394 -0.241880
v 0.178790 3.988104 -0.247559
v 0.190037 3.982995 -0.250501
v 0.197811 3.965595 -0.253999
v 0.197496 3.949257 -0.255330
v 0.198422 3.933126 -0.252547
v 0.191300 3.915827 -0.247500
v 0.180243 3.910584 -0.244107
v 0.169526 3.907411 -0.238148
v 0.203441 3.895756 -0.180451
v 0.189311 3.890487 -0.198829
v 0.173968 3.893565 -0.216649
v 0.209877 3.918511 -0.239619
v 0.221811 3.917548 -0.226909
v 0.231708 3.920132 -0.212790
v 0.235731 3.919144 -0.192935
v 0.230539 3.914340 -0.182443
v 0.222805 3.911382 -0.172895
v 0.219500 3.978020 -0.157292
v 0.221933 3.954435 -0.152643
v 0.220490 3.930416 -0.155030
v 0.241058 3.936304 -0.200174
v 0.242614 3.952617 -0.199924
v 0.240412 3.968763 -0.201670
v 0.234395 3.986285 -0.196030
v 0.228985 3.991832 -0.186038
v 0.221111 3.995354 -0.176806
v 0.171831 4.007255 -0.221732
v 0.186993 4.012488 -0.204317
v 0.201224 4.009438 -0.185642
v 0.230488 3.983339 -0.215661
v 0.220540 3.984269 -0.229915
v 0.208682 3.981726 -0.242453
v 0.159477 3.971534 -0.249295
v 0.170865 3.969787 -0.254783
v 0.183759 3.967264 -0.256988
v 0.156975 3.948706 -0.250942
v 0.168609 3.948673 -0.256505
v 0.182231 3.948828 -0.258667
v 0.160310 3.926214 -0.247294
v 0.171641 3.927887 -0.252928
v 0.184442 3.930680 -0.255362
v 0.183276 3.896168 -0.223685
v 0.193181 3.900314 -0.230352
v 0.202791 3.907437 -0.235573
v 0.198241 3.893281 -0.206260
v 0.207350 3.897719 -0.213937
v 0.215647 3.905458 -0.221159
v 0.212045 3.898309 -0.188350
v 0.220325 3.902335 -0.197007
v 0.226963 3.909237 -0.205873
v 0.228897 3.931334 -0.163542
v 0.236470 3.932732 -0.173688
v 0.241168 3.934915 -0.185904
v 0.230415 3.954200 -0.161213
v 0.238130 3.953864 -0.171595
v 0.242872 3.953352 -0.184478
v 0.227956 3.976647 -0.165686
v 0.235607 3.974611 -0.175657
v 0.240425 3.971483 -0.187610
v 0.209939 4.006514 -0.193285
v 0.218389 4.002041 -0.201549
v 0.225311 3.994627 -0.209755
v 0.196035 4.009381 -0.211485
v 0.205317 4.004620 -0.218751
v 0.213913 3.996583 -0.225264
v 0.181238 4.004385 -0.228527
v 0.191300 4.000037 -0.234817
v 0.201178 3.992842 -0.239400
v 0.235167 3.934987 -0.215564
v 0.225107 3.933363 -0.230550
v 0.212406 3.933296 -0.243535
v 0.236388 3.951738 -0.216459
v 0.225899 3.950825 -0.232254
v 0.212530 3.949966 -0.245777
v 0.234520 3.968441 -0.217085
v 0.224440 3.968327 -0.232127
v 0.211774 3.966754 -0.245035
v 0.039943 4.014246 0.288509
v 0.025673 3.999827 0.330217
v 0.040280 3.926011 0.292472
v 0.025785 3.944004 0.332729
v -0.045816 4.014156 0.285738
v -0.034297 3.999751 0.327995
v -0.046194 3.925920 0.289667
v -0.034465 3.943946 0.330487
v 0.052466 3.946317 0.289890
v 0.056274 3.970126 0.288059
v 0.052210 3.993932 0.287752
v 0.038841 4.012659 0.300319
v 0.036293 4.009963 0.312416
v 0.031457 4.005246 0.323145
v 0.029903 3.988237 0.332420
v 0.031934 3.972054 0.333957
v 0.029983 3.955783 0.333880
v 0.031629 3.938015 0.326171
v 0.036535 3.932389 0.315908
v 0.039135 3.928637 0.304097
v -0.026446 3.913222 0.292908
v -0.003025 3.909104 0.294765
v 0.020470 3.913277 0.294558
v 0.013214 3.940377 0.335089
v -0.004473 3.938666 0.336031
v -0.022100 3.940353 0.333913
v -0.039787 3.937959 0.323667
v -0.043982 3.932319 0.313183
v -0.045794 3.928553 0.301299
v -0.058001 3.993809 0.284072
v -0.062061 3.969994 0.284234
v -0.058265 3.946198 0.286182
v -0.038689 3.955691 0.331440
v -0.040658 3.971972 0.331427
v -0.038579 3.988171 0.329991
v -0.039557 4.005145 0.320667
v -0.043685 4.009859 0.309723
v -0.045450 4.012564 0.297555
v 0.020278 4.026987 0.289453
v -0.002965 4.031132 0.289298
v -0.026160 4.026945 0.287830
v -0.021972 4.003562 0.331085
v -0.004435 4.005384 0.333043
v 0.013154 4.003615 0.332250
v 0.051009 3.993325 0.299771
v 0.047927 3.992166 0.312235
v 0.041315 3.989976 0.323596
v 0.055042 3.970651 0.300058
v 0.051807 3.971195 0.312803
v 0.044528 3.971689 0.324662
v 0.051234 3.947973 0.301812
v 0.048112 3.950206 0.314124
v 0.041446 3.953349 0.325246
v 0.019599 3.916532 0.306012
v 0.017982 3.921314 0.317584
v 0.015311 3.928935 0.327780
v -0.003426 3.912575 0.306196
v -0.003830 3.917711 0.317832
v -0.004198 3.926098 0.328357
v -0.026389 3.916481 0.304447
v -0.025594 3.921275 0.316181
v -0.023653 3.928922 0.326518
v -0.057733 3.947856 0.298073
v -0.055403 3.950097 0.310544
v -0.049492 3.953244 0.322258
v -0.061498 3.970517 0.296207
v -0.059039 3.971064 0.308936
v -0.052565 3.971577 0.321438
v -0.057493 3.993197 0.296060
v -0.055198 3.992037 0.308678
v -0.049336 3.989875 0.320624
v -0.026127 4.024724 0.299613
v -0.025363 4.020991 0.311720
v -0.023470 4.014294 0.322698
v -0.003366 4.028700 0.300994
v -0.003773 4.024626 0.313042
v -0.004148 4.017212 0.324275
v 0.019435 4.024769 0.301152
v 0.017849 4.021042 0.313106
v 0.015217 4.014359 0.323945
v -0.023012 3.955416 0.337455
v -0.004622 3.954741 0.339947
v 0.013846 3.955474 0.338685
v -0.023927 3.972207 0.337971
v -0.004660 3.972297 0.340613
v 0.014705 3.972249 0.339248
v -0.022940 3.988881 0.335958
v -0.004601 3.989723 0.338380
v 0.013811 3.988905 0.337184
v -0.209483 4.000324 -0.178761
v -0.232662 3.983141 -0.214816
v -0.211648 3.912030 -0.175155
v -0.233992 3.927337 -0.212584
v -0.153883 3.996325 -0.245832
v -0.194678 3.980423 -0.260709
v -0.156040 3.908009 -0.242228
v -0.196017 3.924613 -0.258460
v -0.217895 3.932950 -0.165408
v -0.219408 3.956996 -0.162918
v -0.216695 3.980632 -0.167397
v -0.217923 3.998067 -0.186989
v -0.225699 3.994612 -0.196379
v -0.230937 3.989133 -0.206475
v -0.236945 3.971656 -0.212281
v -0.239247 3.955502 -0.210652
v -0.237723 3.939179 -0.210977
v -0.232549 3.921954 -0.203777
v -0.227579 3.917061 -0.193245
v -0.219974 3.914013 -0.183571
v -0.170368 3.896224 -0.227425
v -0.185980 3.893157 -0.209530
v -0.200423 3.898375 -0.191097
v -0.228210 3.923046 -0.223632
v -0.218144 3.920496 -0.237720
v -0.206102 3.921469 -0.250430
v -0.187410 3.918709 -0.258279
v -0.176465 3.913370 -0.255014
v -0.165708 3.910091 -0.249060
v -0.145145 3.975436 -0.253493
v -0.142669 3.951398 -0.255208
v -0.146323 3.927735 -0.251533
v -0.194423 3.936069 -0.263263
v -0.193411 3.952210 -0.265990
v -0.193640 3.968551 -0.264576
v -0.185788 3.985900 -0.260998
v -0.174583 3.990949 -0.258169
v -0.163660 3.994170 -0.252486
v -0.197723 4.012101 -0.195636
v -0.183115 4.015172 -0.214366
v -0.167647 4.009958 -0.231997
v -0.204607 3.984687 -0.252952
v -0.216581 3.987226 -0.240360
v -0.226725 3.986267 -0.226135
v -0.225000 3.979331 -0.175906
v -0.232535 3.977365 -0.186033
v -0.237209 3.974306 -0.198151
v -0.227695 3.956840 -0.171591
v -0.235191 3.956589 -0.182067
v -0.239765 3.956158 -0.195105
v -0.226137 3.933950 -0.174025
v -0.233576 3.935440 -0.184308
v -0.238105 3.937711 -0.196663
v -0.208916 3.901002 -0.199090
v -0.217078 3.905111 -0.207828
v -0.223584 3.912093 -0.216732
v -0.194835 3.896025 -0.217022
v -0.203861 3.900541 -0.224749
v -0.212072 3.908351 -0.231990
v -0.179647 3.898907 -0.234480
v -0.189523 3.903140 -0.241172
v -0.199090 3.910345 -0.246403
v -0.156191 3.928854 -0.258223
v -0.167586 3.930634 -0.263840
v -0.180508 3.933533 -0.266222
v -0.152656 3.951371 -0.261855
v -0.164355 3.951436 -0.267378
v -0.178134 3.951691 -0.269484
v -0.155073 3.974262 -0.260085
v -0.166559 3.972594 -0.265557
v -0.179618 3.970152 -0.267715
v -0.177064 4.007165 -0.238824
v -0.187151 4.002887 -0.245167
v -0.197066 3.995752 -0.249815
v -0.192110 4.012139 -0.221622
v -0.201354 4.007455 -0.228983
v -0.209936 3.999488 -0.235598
v -0.206353 4.009251 -0.203402
v -0.214723 4.004851 -0.211792
v -0.221574 3.997501 -0.220117
v -0.208535 3.936283 -0.254289
v -0.221349 3.936345 -0.241300
v -0.231591 3.937927 -0.226351
v -0.208565 3.952964 -0.256453
v -0.222058 3.953818 -0.242916
v -0.232746 3.954690 -0.227162
v -0.207743 3.969744 -0.255625
v -0.220531 3.971312 -0.242684
v -0.230805 3.971392 -0.227677
v 0.262873 4.007067 -0.040699
v 0.303336 3.992439 -0.023455
v 0.264748 3.918757 -0.036575
v 0.304522 3.936616 -0.020899
v 0.257978 4.010782 0.047443
v 0.299509 3.994905 0.035793
v 0.259891 3.922442 0.050912
v 0.300707 3.939126 0.038078
v 0.263138 3.938430 -0.050067
v 0.262138 3.962070 -0.055284
v 0.262122 3.986132 -0.052334
v 0.274557 4.005288 -0.038879
v 0.286421 4.002446 -0.035549
v 0.296750 3.997723 -0.029880
v 0.305509 3.980616 -0.027086
v 0.306779 3.964301 -0.028313
v 0.306198 3.948132 -0.025589
v 0.298176 3.930487 -0.026781
v 0.288067 3.924828 -0.031950
v 0.276342 3.921190 -0.034962
v 0.262402 3.908994 0.031342
v 0.264600 3.903898 0.007908
v 0.265592 3.906999 -0.015892
v 0.306333 3.933536 -0.008040
v 0.306447 3.932577 0.009638
v 0.303951 3.934993 0.026404
v 0.293886 3.933501 0.043453
v 0.283433 3.928254 0.047860
v 0.271567 3.924796 0.050032
v 0.256632 3.990901 0.060848
v 0.256521 3.967169 0.065844
v 0.257670 3.943172 0.062657
v 0.302022 3.950980 0.041661
v 0.302430 3.967300 0.042928
v 0.301324 3.983438 0.040345
v 0.292443 4.000642 0.040738
v 0.281763 4.005770 0.044765
v 0.269750 4.008873 0.046707
v 0.263172 4.020725 -0.021051
v 0.261997 4.025895 0.002598
v 0.259956 4.022722 0.026641
v 0.302596 3.998196 0.023747
v 0.305025 3.999285 0.006731
v 0.304990 3.996748 -0.010881
v 0.273999 3.985342 -0.050412
v 0.286324 3.984076 -0.046571
v 0.297408 3.981983 -0.039150
v 0.274020 3.962417 -0.053376
v 0.286484 3.962873 -0.049453
v 0.298208 3.963504 -0.041488
v 0.274965 3.939908 -0.048259
v 0.287216 3.942059 -0.044590
v 0.298184 3.945309 -0.037436
v 0.277062 3.910045 -0.014628
v 0.288652 3.914651 -0.012701
v 0.298882 3.922179 -0.009931
v 0.276084 3.907131 0.008580
v 0.287806 3.912023 0.009201
v 0.298497 3.920183 0.009606
v 0.273975 3.911990 0.031181
v 0.285724 3.916486 0.030310
v 0.296258 3.923807 0.028252
v 0.269509 3.944547 0.061406
v 0.281768 3.946458 0.058472
v 0.293086 3.949141 0.052258
v 0.268424 3.967381 0.064501
v 0.280899 3.967543 0.061377
v 0.292861 3.967551 0.054568
v 0.268524 3.989961 0.059670
v 0.280864 3.988377 0.056849
v 0.292299 3.985721 0.050814
v 0.271649 4.020224 0.026689
v 0.283585 4.016175 0.026156
v 0.294428 4.009162 0.024676
v 0.273608 4.023226 0.003525
v 0.285528 4.018910 0.004544
v 0.296555 4.011278 0.005637
v 0.274764 4.018294 -0.019530
v 0.286536 4.014373 -0.017207
v 0.297068 4.007565 -0.013776
v 0.307830 3.949994 0.026720
v 0.310730 3.948554 0.009263
v 0.310310 3.948488 -0.009181
v 0.308719 3.966790 0.026940
v 0.311806 3.966078 0.008600
v 0.311316 3.965204 -0.010746
v 0.307112 3.983454 0.025316
v 0.309984 3.983532 0.007738
v 0.309599 3.981936 -0.010687
v -0.014810 3.738385 0.346772
v -0.014819 3.771841 0.365166
v -0.043260 3.765931 0.336309
v -0.014925 3.750617 0.364142
v -0.030935 3.753769 0.358411
v -0.034687 3.770065 0.356024
v -0.034685 3.747058 0.343379
v -0.014718 3.855958 0.329035
v -0.014647 3.876209 0.292903
v -0.043137 3.849151 0.301318
v -0.014571 3.871928 0.313824
v -0.030484 3.867331 0.311297
v -0.034396 3.867690 0.295053
v -0.034365 3.853581 0.320500
v -0.014714 3.733090 0.313926
v -0.043188 3.761133 0.309072
v -0.014704 3.756515 0.280982
v -0.034441 3.741709 0.312515
v -0.030569 3.742960 0.296142
v -0.034438 3.758007 0.289588
v -0.014627 3.738537 0.292996
v -0.014732 3.875853 0.289565
v -0.014711 3.842931 0.265637
v -0.043200 3.847565 0.293794
v -0.014651 3.863850 0.270859
v -0.030599 3.860657 0.275349
v -0.034461 3.844289 0.274288
v -0.034419 3.867190 0.290754
v 0.014679 3.738385 0.346772
v 0.043129 3.765931 0.336309
v 0.014688 3.771841 0.365166
v 0.034554 3.747058 0.343379
v 0.030804 3.753769 0.358411
v 0.034557 3.770065 0.356024
v 0.014795 3.750617 0.364142
v 0.014517 3.876209 0.292903
v 0.014587 3.855958 0.329035
v 0.043006 3.849151 0.301318
v 0.014441 3.871928 0.313824
v 0.030353 3.867331 0.311297
v 0.034234 3.853581 0.320500
v 0.034265 3.867689 0.295053
v 0.014584 3.733090 0.313926
v 0.014573 3.756516 0.280982
v 0.043058 3.761133 0.309072
v 0.014497 3.738537 0.292996
v 0.030439 3.742960 0.296142
v 0.034308 3.758007 0.289588
v 0.034311 3.741709 0.312515
v 0.014602 3.875853 0.289565
v 0.043069 3.847565 0.293794
v 0.014580 3.842931 0.265637
v 0.034289 3.867190 0.290754
v 0.030469 3.860657 0.275349
v 0.034330 3.844289 0.274288
v 0.014521 3.863850 0.270859
v 0.036143 3.551755 0.393183
v 0.085020 3.805721 0.313660
v 0.036197 3.541927 0.363359
v 0.084821 3.795129 0.289634
v 0.108548 3.644557 0.321465
v 0.108528 3.663484 0.371004
v 0.114993 3.776923 0.285871
v 0.115381 3.793921 0.327580
v -0.000065 3.530833 0.362037
v -0.000065 3.791986 0.286678
v -0.000065 3.542763 0.400297
v -0.000065 3.805362 0.318635
v -0.000065 3.664962 0.380927
v -0.000065 3.638628 0.312745
v -0.000065 3.773316 0.342901
v -0.000065 3.750112 0.285138
v 0.128015 3.746278 0.291547
v 0.128235 3.765170 0.340072
v -0.000065 3.722118 0.289534
v -0.000065 3.748056 0.354422
v 0.026494 3.792682 0.286767
v 0.051099 3.793712 0.287299
v 0.071587 3.794603 0.288356
v 0.089871 3.611906 0.333304
v 0.068482 3.581481 0.345356
v 0.049065 3.556877 0.356073
v 0.035032 3.543048 0.389082
v 0.034350 3.536916 0.381329
v 0.035079 3.537284 0.371582
v 0.088253 3.799263 0.293803
v 0.089958 3.803225 0.300168
v 0.088427 3.805506 0.307449
v 0.089797 3.628979 0.379271
v 0.068390 3.596039 0.386172
v 0.048987 3.568780 0.390943
v 0.007097 3.542783 0.400164
v 0.015928 3.543866 0.399162
v 0.026615 3.547173 0.396567
v 0.128534 3.728060 0.296273
v 0.126666 3.704221 0.302800
v 0.120604 3.675958 0.311185
v 0.128722 3.747468 0.346081
v 0.126802 3.724030 0.353687
v 0.120665 3.695722 0.362228
v 0.123456 3.647560 0.332242
v 0.128953 3.652503 0.347013
v 0.123275 3.658577 0.361159
v 0.031118 3.639806 0.312541
v 0.060653 3.641117 0.313191
v 0.086935 3.642658 0.315674
v 0.092459 3.791477 0.288225
v 0.101169 3.786464 0.286959
v 0.108782 3.781427 0.286219
v 0.092740 3.803923 0.317093
v 0.101507 3.800853 0.321164
v 0.109155 3.797324 0.324715
v 0.129325 3.784747 0.292758
v 0.134709 3.791759 0.303940
v 0.129790 3.794978 0.317064
v 0.033267 3.756515 0.283391
v 0.065066 3.763049 0.282361
v 0.092947 3.769718 0.282846
v 0.026619 3.536350 0.362891
v 0.015909 3.532300 0.362429
v 0.007083 3.530910 0.362145
v 0.071738 3.806329 0.315161
v 0.051192 3.806418 0.316766
v 0.026531 3.805915 0.318043
v 0.087054 3.666016 0.376497
v 0.060778 3.666595 0.379252
v 0.031192 3.666040 0.380458
v 0.093179 3.790388 0.334144
v 0.065204 3.785505 0.338150
v 0.033327 3.779624 0.340848
v -0.000065 3.707918 0.292597
v -0.000065 3.688892 0.297208
v -0.000065 3.665605 0.303786
v -0.000065 3.734684 0.359588
v -0.000065 3.716329 0.366133
v -0.000065 3.693063 0.373448
v -0.000065 3.608972 0.324187
v -0.000065 3.579230 0.337052
v -0.000065 3.552285 0.350048
v -0.000065 3.632721 0.387960
v -0.000065 3.599340 0.393937
v -0.000065 3.568283 0.398258
v -0.000065 3.801463 0.290979
v -0.000065 3.808138 0.298718
v -0.000065 3.809527 0.308993
v -0.000065 3.516288 0.373252
v -0.000065 3.511392 0.388739
v -0.000065 3.524019 0.399016
v -0.000065 3.797968 0.326439
v -0.000065 3.789339 0.332992
v -0.000065 3.780699 0.338556
v -0.000065 3.781060 0.284828
v -0.000065 3.769718 0.284360
v -0.000065 3.758993 0.284615
v 0.120065 3.772523 0.285838
v 0.124010 3.766644 0.286600
v 0.126536 3.758482 0.288454
v 0.120456 3.790311 0.330178
v 0.124351 3.784878 0.332970
v 0.126797 3.777000 0.335972
v -0.000065 3.743611 0.285660
v -0.000065 3.737986 0.286392
v -0.000065 3.731506 0.287590
v -0.000065 3.767792 0.345980
v -0.000065 3.762804 0.348425
v -0.000065 3.756832 0.350945
v 0.103189 3.763451 0.346100
v 0.072214 3.759520 0.349919
v 0.037054 3.754160 0.352468
v 0.036972 3.728318 0.287816
v 0.072061 3.734412 0.286947
v 0.102988 3.740385 0.287808
v 0.145811 3.752396 0.300002
v 0.153456 3.758969 0.314723
v 0.146019 3.763818 0.330098
v 0.031528 3.764137 0.283254
v 0.029627 3.773303 0.283478
v 0.027835 3.783083 0.284449
v 0.061642 3.769511 0.282544
v 0.057766 3.777195 0.283161
v 0.053932 3.785456 0.284551
v 0.088008 3.775126 0.283209
v 0.082178 3.781390 0.284023
v 0.076015 3.787948 0.285538
v 0.122135 3.788423 0.292747
v 0.113104 3.792384 0.292948
v 0.101956 3.796240 0.293440
v 0.127043 3.794738 0.302965
v 0.117380 3.797845 0.301953
v 0.105187 3.800776 0.300982
v 0.122550 3.797907 0.314893
v 0.113450 3.800871 0.312375
v 0.102214 3.803479 0.309631
v 0.005000 3.516534 0.373618
v 0.011798 3.518981 0.374018
v 0.021367 3.525330 0.373791
v 0.004735 3.512157 0.388513
v 0.011238 3.515823 0.387437
v 0.020211 3.523401 0.385238
v 0.005022 3.524039 0.398574
v 0.011817 3.525950 0.396908
v 0.021357 3.531568 0.393672
v 0.054224 3.556589 0.365025
v 0.077523 3.582735 0.355121
v 0.102179 3.614097 0.343780
v 0.055134 3.558063 0.375153
v 0.080333 3.585832 0.366953
v 0.106490 3.618292 0.357291
v 0.054126 3.563178 0.384053
v 0.077365 3.590962 0.377940
v 0.101983 3.623911 0.370075
v 0.012200 3.552355 0.350122
v 0.018783 3.579361 0.337129
v 0.025498 3.609434 0.324185
v 0.024994 3.553209 0.350509
v 0.037105 3.579813 0.337810
v 0.049829 3.610038 0.324968
v 0.038040 3.555322 0.351774
v 0.054163 3.580688 0.339961
v 0.071702 3.610844 0.327490
v 0.144082 3.765270 0.296361
v 0.140864 3.774293 0.294020
v 0.135606 3.780622 0.292925
v 0.151724 3.772258 0.310612
v 0.148117 3.781752 0.307525
v 0.141957 3.788119 0.305284
v 0.144410 3.776565 0.325945
v 0.141352 3.785506 0.322590
v 0.136132 3.791491 0.319544
v 0.036537 3.738471 0.285640
v 0.035792 3.745278 0.284348
v 0.034689 3.750741 0.283681
v 0.071254 3.745289 0.284523
v 0.069882 3.752432 0.283112
v 0.067813 3.757853 0.282466
v 0.101834 3.751936 0.285097
v 0.099882 3.759484 0.283514
v 0.096902 3.764997 0.282840
v 0.102040 3.774483 0.342069
v 0.100104 3.781606 0.339261
v 0.097137 3.786562 0.336764
v 0.071405 3.769811 0.346025
v 0.070033 3.776469 0.343313
v 0.067959 3.781271 0.340888
v 0.036616 3.763704 0.348765
v 0.035868 3.770004 0.346143
v 0.034757 3.774829 0.343728
v 0.038051 3.569919 0.395192
v 0.054198 3.598710 0.390825
v 0.071775 3.631958 0.384356
v 0.025029 3.568829 0.397372
v 0.037170 3.599342 0.393013
v 0.049926 3.633034 0.386772
v 0.012225 3.568307 0.398157
v 0.018825 3.599404 0.393803
v 0.025557 3.633095 0.387712
v 0.070945 3.800616 0.293128
v 0.049962 3.801024 0.292123
v 0.025841 3.801157 0.291356
v 0.071403 3.805009 0.299594
v 0.049840 3.806290 0.299214
v 0.025708 3.807283 0.298947
v 0.071049 3.807117 0.307248
v 0.050033 3.808277 0.307995
v 0.025882 3.809001 0.308746
v 0.088232 3.794474 0.330876
v 0.082388 3.798927 0.326718
v 0.076198 3.803101 0.321691
v 0.061770 3.790516 0.334507
v 0.057881 3.796194 0.329818
v 0.054032 3.801811 0.324042
v 0.031581 3.785751 0.336861
v 0.029670 3.792840 0.331733
v 0.027870 3.799907 0.325574
v 0.096938 3.697316 0.368003
v 0.101955 3.724470 0.359620
v 0.103551 3.746748 0.352080
v 0.067771 3.696891 0.371094
v 0.071324 3.722824 0.363007
v 0.072460 3.743870 0.355711
v 0.034804 3.695266 0.372640
v 0.036629 3.719899 0.364920
v 0.037197 3.739629 0.357972
v 0.034721 3.667914 0.303247
v 0.036543 3.692566 0.296259
v 0.037112 3.712964 0.291232
v 0.067625 3.670333 0.303587
v 0.071169 3.696283 0.296189
v 0.072303 3.717970 0.290733
v 0.096779 3.672973 0.305769
v 0.101769 3.700134 0.297937
v 0.103353 3.722978 0.292009
v 0.137246 3.679825 0.321713
v 0.144214 3.708949 0.312707
v 0.146383 3.733545 0.305424
v 0.143663 3.685322 0.337085
v 0.151274 3.714880 0.328117
v 0.153835 3.739821 0.320544
v 0.137139 3.691444 0.352066
v 0.144219 3.720702 0.343472
v 0.146498 3.745172 0.335972
v -0.036274 3.551755 0.393183
v -0.085151 3.805721 0.313660
v -0.036328 3.541927 0.363359
v -0.084951 3.795129 0.289634
v -0.108678 3.644557 0.321465
v -0.108659 3.663484 0.371004
v -0.115123 3.776923 0.285871
v -0.115511 3.793921 0.327580
v -0.128145 3.746278 0.291547
v -0.128366 3.765170 0.340072
v -0.026624 3.792682 0.286767
v -0.051230 3.793712 0.287299
v -0.071718 3.794603 0.288356
v -0.090002 3.611906 0.333304
v -0.068612 3.581481 0.345356
v -0.049195 3.556877 0.356073
v -0.035162 3.543048 0.389082
v -0.034481 3.536916 0.381329
v -0.035209 3.537284 0.371582
v -0.088383 3.799263 0.293803
v -0.090089 3.803225 0.300168
v -0.088557 3.805506 0.307449
v -0.089927 3.628979 0.379271
v -0.068521 3.596039 0.386172
v -0.049117 3.568780 0.390943
v -0.007228 3.542783 0.400164
v -0.016058 3.543866 0.399162
v -0.026746 3.547173 0.396567
v -0.128664 3.728060 0.296273
v -0.126797 3.704221 0.302800
v -0.120735 3.675958 0.311185
v -0.128852 3.747468 0.346081
v -0.126932 3.724030 0.353687
v -0.120795 3.695722 0.362228
v -0.123587 3.647560 0.332242
v -0.129083 3.652503 0.347013
v -0.123405 3.658577 0.361159
v -0.031248 3.639806 0.312541
v -0.060783 3.641117 0.313191
v -0.087066 3.642658 0.315674
v -0.092590 3.791477 0.288225
v -0.101299 3.786464 0.286959
v -0.108912 3.781427 0.286219
v -0.092871 3.803923 0.317093
v -0.101638 3.800853 0.321164
v -0.109285 3.797324 0.324715
v -0.129455 3.784747 0.292758
v -0.134840 3.791759 0.303940
v -0.129921 3.794978 0.317064
v -0.033397 3.756515 0.283391
v -0.065196 3.763049 0.282361
v -0.093078 3.769718 0.282846
v -0.026750 3.536350 0.362891
v -0.016039 3.532300 0.362429
v -0.007214 3.530910 0.362145
v -0.071868 3.806329 0.315161
v -0.051322 3.806418 0.316766
v -0.026662 3.805915 0.318043
v -0.087184 3.666016 0.376497
v -0.060909 3.666595 0.379252
v -0.031322 3.666040 0.380458
v -0.093309 3.790388 0.334144
v -0.065334 3.785505 0.338150
v -0.033457 3.779624 0.340848
v -0.120196 3.772523 0.285838
v -0.124141 3.766644 0.286600
v -0.126667 3.758482 0.288454
v -0.120586 3.790311 0.330178
v -0.124481 3.784878 0.332970
v -0.126928 3.777000 0.335972
v -0.103320 3.763451 0.346100
v -0.072345 3.759520 0.349919
v -0.037184 3.754160 0.352468
v -0.037102 3.728318 0.287816
v -0.072191 3.734412 0.286947
v -0.103119 3.740385 0.287808
v -0.145942 3.752396 0.300002
v -0.153587 3.758969 0.314723
v -0.146149 3.763818 0.330098
v -0.031659 3.764137 0.283254
v -0.029757 3.773303 0.283478
v -0.027965 3.783083 0.284449
v -0.061772 3.769511 0.282544
v -0.057897 3.777195 0.283161
v -0.054063 3.785456 0.284551
v -0.088138 3.775126 0.283209
v -0.082308 3.781390 0.284023
v -0.076146 3.787948 0.285538
v -0.122265 3.788423 0.292747
v -0.113234 3.792384 0.292948
v -0.102086 3.796240 0.293440
v -0.127173 3.794738 0.302965
v -0.117510 3.797845 0.301953
v -0.105317 3.800776 0.300982
v -0.122681 3.797907 0.314893
v -0.113581 3.800871 0.312375
v -0.102344 3.803479 0.309631
v -0.005131 3.516534 0.373618
v -0.011929 3.518981 0.374018
v -0.021497 3.525330 0.373791
v -0.004865 3.512157 0.388513
v -0.011369 3.515823 0.387437
v -0.020341 3.523401 0.385238
v -0.005152 3.524039 0.398574
v -0.011948 3.525950 0.396908
v -0.021487 3.531568 0.393672
v -0.054355 3.556589 0.365025
v -0.077654 3.582735 0.355121
v -0.102309 3.614097 0.343780
v -0.055265 3.558063 0.375153
v -0.080463 3.585832 0.366953
v -0.106621 3.618292 0.357291
v -0.054257 3.563178 0.384053
v -0.077496 3.590962 0.377940
v -0.102113 3.623911 0.370075
v -0.012331 3.552355 0.350122
v -0.018913 3.579361 0.337129
v -0.025628 3.609434 0.324185
v -0.025124 3.553209 0.350509
v -0.037235 3.579813 0.337810
v -0.049960 3.610038 0.324968
v -0.038170 3.555322 0.351774
v -0.054293 3.580688 0.339961
v -0.071832 3.610844 0.327490
v -0.144212 3.765270 0.296361
v -0.140994 3.774293 0.294020
v -0.135737 3.780622 0.292925
v -0.151854 3.772258 0.310612
v -0.148247 3.781752 0.307525
v -0.142087 3.788119 0.305284
v -0.144540 3.776565 0.325945
v -0.141482 3.785506 0.322590
v -0.136263 3.791491 0.319544
v -0.036668 3.738471 0.285640
v -0.035923 3.745278 0.284348
v -0.034820 3.750741 0.283681
v -0.071384 3.745289 0.284523
v -0.070012 3.752432 0.283112
v -0.067943 3.757853 0.282466
v -0.101964 3.751936 0.285097
v -0.100012 3.759484 0.283514
v -0.097033 3.764997 0.282840
v -0.102170 3.774483 0.342069
v -0.100234 3.781606 0.339261
v -0.097267 3.786562 0.336764
v -0.071535 3.769811 0.346025
v -0.070163 3.776469 0.343313
v -0.068090 3.781271 0.340888
v -0.036747 3.763704 0.348765
v -0.035998 3.770004 0.346143
v -0.034887 3.774829 0.343728
v -0.038181 3.569919 0.395192
v -0.054328 3.598710 0.390825
v -0.071906 3.631958 0.384356
v -0.025159 3.568829 0.397372
v -0.037300 3.599342 0.393013
v -0.050057 3.633034 0.386772
v -0.012356 3.568307 0.398157
v -0.018956 3.599404 0.393803
v -0.025688 3.633095 0.387712
v -0.071075 3.800616 0.293128
v -0.050092 3.801024 0.292123
v -0.025971 3.801157 0.291356
v -0.071533 3.805009 0.299594
v -0.049971 3.806290 0.299214
v -0.025839 3.807283 0.298947
v -0.071180 3.807117 0.307248
v -0.050164 3.808277 0.307995
v -0.026013 3.809001 0.308746
v -0.088363 3.794474 0.330876
v -0.082518 3.798927 0.326718
v -0.076328 3.803101 0.321691
v -0.061901 3.790516 0.334507
v -0.058012 3.796194 0.329818
v -0.054163 3.801811 0.324042
v -0.031711 3.785751 0.336861
v -0.029800 3.792840 0.331733
v -0.028000 3.799907 0.325574
v -0.097069 3.697316 0.368003
v -0.102086 3.724470 0.359620
v -0.103681 3.746748 0.352080
v -0.067901 3.696891 0.371094
v -0.071455 3.722824 0.363007
v -0.072591 3.743870 0.355711
v -0.034935 3.695266 0.372640
v -0.036759 3.719899 0.364920
v -0.037328 3.739629 0.357972
v -0.034852 3.667914 0.303247
v -0.036673 3.692566 0.296259
v -0.037243 3.712964 0.291232
v -0.067755 3.670333 0.303587
v -0.071299 3.696283 0.296189
v -0.072434 3.717970 0.290733
v -0.096909 3.672973 0.305769
v -0.101899 3.700134 0.297937
v -0.103483 3.722978 0.292009
v -0.137376 3.679825 0.321713
v -0.144345 3.708949 0.312707
v -0.146514 3.733545 0.305424
v -0.143793 3.685322 0.337085
v -0.151405 3.714880 0.328117
v -0.153965 3.739821 0.320544
v -0.137270 3.691444 0.352066
v -0.144349 3.720702 0.343472
v -0.146628 3.745172 0.335972
vn -0.5013 0.8333 0.2331
vn -0.3989 0.8999 0.1761
vn -0.4385 0.8931 0.1006
vn -0.5506 0.8233 0.1379
vn -0.3032 0.9449 0.1234
vn -0.3341 0.9402 0.0665
vn -0.2227 0.9716 0.0798
vn -0.2461 0.9685 0.0386
vn -0.1617 0.9857 0.0474
vn -0.1781 0.9839 0.0175
vn -0.1180 0.9927 0.0247
vn -0.1278 0.9918 0.0027
vn -0.0860 0.9963 0.0086
vn -0.0902 0.9959 -0.0075
vn -0.4597 0.8876 0.0300
vn -0.5772 0.8151 0.0490
vn -0.3508 0.9364 0.0130
vn -0.2591 0.9659 -0.0007
vn -0.1872 0.9823 -0.0110
vn -0.1330 0.9910 -0.0181
vn -0.0927 0.9954 -0.0229
vn -0.4665 0.8837 -0.0376
vn -0.5861 0.8094 -0.0360
vn -0.3561 0.9336 -0.0384
vn -0.2634 0.9639 -0.0388
vn -0.1902 0.9810 -0.0388
vn -0.1348 0.9901 -0.0387
vn -0.0937 0.9949 -0.0386
vn -0.4605 0.8815 -0.1049
vn -0.5790 0.8064 -0.1208
vn -0.3511 0.9320 -0.0897
vn -0.2594 0.9627 -0.0767
vn -0.1874 0.9800 -0.0666
vn -0.1333 0.9893 -0.0592
vn -0.0929 0.9942 -0.0542
vn -0.4399 0.8809 -0.1746
vn -0.5536 0.8062 -0.2088
vn -0.3347 0.9315 -0.1425
vn -0.2467 0.9622 -0.1155
vn -0.1787 0.9793 -0.0948
vn -0.1284 0.9885 -0.0799
vn -0.0906 0.9935 -0.0695
vn -0.4006 0.8820 -0.2483
vn -0.5047 0.8087 -0.3020
vn -0.3041 0.9318 -0.1981
vn -0.2235 0.9622 -0.1559
vn -0.1624 0.9789 -0.1241
vn -0.1187 0.9877 -0.1015
vn -0.0865 0.9926 -0.0854
vn -0.5056 0.7616 0.4053
vn -0.4234 0.8433 0.3311
vn -0.5986 0.7474 0.2881
vn -0.3365 0.9069 0.2535
vn -0.2551 0.9497 0.1814
vn -0.1869 0.9748 0.1217
vn -0.1359 0.9877 0.0773
vn -0.1003 0.9939 0.0466
vn -0.0751 0.9969 0.0251
vn -0.0583 0.9982 0.0105
vn -0.0606 0.9982 -0.0011
vn -0.0620 0.9980 -0.0134
vn -0.0630 0.9977 -0.0257
vn -0.0634 0.9972 -0.0384
vn -0.0631 0.9967 -0.0511
vn -0.0623 0.9960 -0.0633
vn -0.0610 0.9953 -0.0756
vn -0.0588 0.9945 -0.0870
vn -0.0757 0.9919 -0.1016
vn -0.1010 0.9873 -0.1229
vn -0.1368 0.9787 -0.1532
vn -0.1879 0.9623 -0.1965
vn -0.2563 0.9326 -0.2542
vn -0.3382 0.8838 -0.3231
vn -0.4266 0.8128 -0.3967
vn -0.6048 0.7140 -0.3528
vn -0.5112 0.7221 -0.4660
vn -0.6629 0.7089 -0.2409
vn -0.6927 0.7084 -0.1354
vn -0.7007 0.7127 -0.0338
vn -0.6895 0.7211 0.0679
vn -0.6575 0.7330 0.1742
vn -0.3254 0.8162 -0.4775
vn -0.2579 0.8852 -0.3872
vn -0.1719 0.8856 -0.4314
vn -0.2168 0.8179 -0.5330
vn -0.1952 0.9330 -0.3023
vn -0.1301 0.9330 -0.3356
vn -0.1430 0.9624 -0.2311
vn -0.0954 0.9622 -0.2553
vn -0.1039 0.9786 -0.1774
vn -0.0692 0.9786 -0.1937
vn -0.0765 0.9873 -0.1392
vn -0.0506 0.9876 -0.1487
vn -0.0570 0.9921 -0.1113
vn -0.0379 0.9926 -0.1156
vn -0.0856 0.8856 -0.4564
vn -0.1079 0.8185 -0.5643
vn -0.0648 0.9328 -0.3546
vn -0.0476 0.9619 -0.2692
vn -0.0346 0.9786 -0.2029
vn -0.0254 0.9878 -0.1538
vn -0.0192 0.9928 -0.1179
vn -0.0000 0.8856 -0.4644
vn -0.0000 0.8186 -0.5744
vn -0.0000 0.9327 -0.3608
vn -0.0000 0.9618 -0.2738
vn -0.0000 0.9786 -0.2060
vn -0.0000 0.9878 -0.1555
vn -0.0000 0.9929 -0.1188
vn 0.0856 0.8857 -0.4564
vn 0.1079 0.8184 -0.5644
vn 0.0648 0.9328 -0.3546
vn 0.0476 0.9619 -0.2692
vn 0.0346 0.9786 -0.2029
vn 0.0254 0.9878 -0.1538
vn 0.0192 0.9928 -0.1179
vn 0.1719 0.8857 -0.4314
vn 0.2168 0.8178 -0.5331
vn 0.1301 0.9330 -0.3356
vn 0.0954 0.9622 -0.2553
vn 0.0692 0.9786 -0.1936
vn 0.0507 0.9876 -0.1487
vn 0.0379 0.9926 -0.1155
vn 0.2579 0.8852 -0.3872
vn 0.3254 0.8162 -0.4775
vn 0.1952 0.9330 -0.3023
vn 0.1430 0.9624 -0.2311
vn 0.1039 0.9786 -0.1774
vn 0.0765 0.9873 -0.1392
vn 0.0570 0.9922 -0.1113
vn -0.3896 0.7295 -0.5622
vn -0.0450 0.9950 -0.0896
vn -0.0302 0.9954 -0.0909
vn -0.0154 0.9957 -0.0918
vn -0.0000 0.9957 -0.0922
vn 0.0154 0.9957 -0.0918
vn 0.0302 0.9954 -0.0909
vn 0.0450 0.9950 -0.0896
vn 0.0588 0.9945 -0.0870
vn 0.0757 0.9919 -0.1016
vn 0.1010 0.9873 -0.1229
vn 0.1368 0.9787 -0.1532
vn 0.1879 0.9623 -0.1965
vn 0.2563 0.9326 -0.2542
vn 0.3382 0.8838 -0.3232
vn 0.4266 0.8128 -0.3967
vn 0.3896 0.7295 -0.5622
vn 0.5112 0.7221 -0.4661
vn 0.2591 0.7341 -0.6277
vn 0.1288 0.7364 -0.6641
vn -0.0000 0.7372 -0.6757
vn -0.1288 0.7365 -0.6641
vn -0.2591 0.7341 -0.6276
vn 0.5047 0.8087 -0.3020
vn 0.4006 0.8820 -0.2483
vn 0.4398 0.8809 -0.1746
vn 0.5536 0.8062 -0.2088
vn 0.3042 0.9318 -0.1981
vn 0.3347 0.9315 -0.1425
vn 0.2235 0.9622 -0.1559
vn 0.2467 0.9622 -0.1155
vn 0.1625 0.9789 -0.1241
vn 0.1787 0.9793 -0.0948
vn 0.1187 0.9877 -0.1015
vn 0.1283 0.9885 -0.0799
vn 0.0865 0.9926 -0.0854
vn 0.0906 0.9935 -0.0695
vn 0.4604 0.8815 -0.1049
vn 0.5790 0.8064 -0.1208
vn 0.3511 0.9320 -0.0897
vn 0.2594 0.9627 -0.0767
vn 0.1875 0.9800 -0.0666
vn 0.1333 0.9893 -0.0592
vn 0.0929 0.9942 -0.0542
vn 0.4665 0.8837 -0.0376
vn 0.5861 0.8094 -0.0360
vn 0.3561 0.9336 -0.0385
vn 0.2634 0.9639 -0.0388
vn 0.1902 0.9810 -0.0388
vn 0.1348 0.9901 -0.0387
vn 0.0937 0.9949 -0.0386
vn 0.4597 0.8876 0.0300
vn 0.5772 0.8151 0.0490
vn 0.3507 0.9364 0.0130
vn 0.2591 0.9658 -0.0007
vn 0.1872 0.9823 -0.0110
vn 0.1330 0.9909 -0.0181
vn 0.0927 0.9954 -0.0229
vn 0.4385 0.8931 0.1006
vn 0.5507 0.8233 0.1379
vn 0.3340 0.9402 0.0665
vn 0.2461 0.9685 0.0386
vn 0.1781 0.9839 0.0175
vn 0.1278 0.9918 0.0027
vn 0.0902 0.9959 -0.0075
vn 0.3989 0.8999 0.1761
vn 0.5013 0.8333 0.2332
vn 0.3031 0.9449 0.1234
vn 0.2227 0.9716 0.0798
vn 0.1617 0.9857 0.0474
vn 0.1180 0.9927 0.0247
vn 0.0859 0.9963 0.0086
vn 0.6048 0.7140 -0.3527
vn 0.0610 0.9953 -0.0756
vn 0.0623 0.9960 -0.0633
vn 0.0632 0.9967 -0.0511
vn 0.0634 0.9972 -0.0384
vn 0.0630 0.9977 -0.0257
vn 0.0620 0.9980 -0.0134
vn 0.0606 0.9982 -0.0011
vn 0.0584 0.9982 0.0105
vn 0.0751 0.9969 0.0251
vn 0.1003 0.9939 0.0466
vn 0.1359 0.9877 0.0773
vn 0.1869 0.9748 0.1217
vn 0.2551 0.9498 0.1814
vn 0.3365 0.9069 0.2535
vn 0.4234 0.8433 0.3312
vn 0.5986 0.7474 0.2881
vn 0.5056 0.7616 0.4053
vn 0.6576 0.7330 0.1742
vn 0.6895 0.7211 0.0679
vn 0.7007 0.7127 -0.0338
vn 0.6927 0.7085 -0.1353
vn 0.6629 0.7089 -0.2409
vn 0.3229 0.8502 0.4158
vn 0.2563 0.9120 0.3202
vn 0.1707 0.9145 0.3667
vn 0.2153 0.8534 0.4748
vn 0.1940 0.9533 0.2313
vn 0.1291 0.9553 0.2660
vn 0.1420 0.9773 0.1575
vn 0.0946 0.9786 0.1825
vn 0.1031 0.9894 0.1023
vn 0.0685 0.9905 0.1191
vn 0.0758 0.9951 0.0633
vn 0.0501 0.9961 0.0732
vn 0.0565 0.9978 0.0351
vn 0.0375 0.9985 0.0395
vn 0.0850 0.9155 0.3931
vn 0.1072 0.8544 0.5084
vn 0.0643 0.9561 0.2859
vn 0.0472 0.9793 0.1970
vn 0.0342 0.9911 0.1287
vn 0.0251 0.9966 0.0785
vn 0.0190 0.9989 0.0420
vn -0.0000 0.9158 0.4016
vn -0.0000 0.8547 0.5191
vn -0.0000 0.9563 0.2924
vn -0.0000 0.9794 0.2017
vn -0.0000 0.9913 0.1318
vn -0.0000 0.9968 0.0803
vn -0.0000 0.9991 0.0429
vn -0.0850 0.9155 0.3931
vn -0.1072 0.8545 0.5083
vn -0.0643 0.9561 0.2859
vn -0.0472 0.9793 0.1970
vn -0.0342 0.9911 0.1287
vn -0.0251 0.9966 0.0785
vn -0.0190 0.9989 0.0420
vn -0.1707 0.9145 0.3667
vn -0.2152 0.8534 0.4748
vn -0.1291 0.9553 0.2661
vn -0.0946 0.9786 0.1825
vn -0.0685 0.9905 0.1191
vn -0.0501 0.9961 0.0732
vn -0.0375 0.9985 0.0395
vn -0.2563 0.9120 0.3203
vn -0.3229 0.8502 0.4158
vn -0.1940 0.9533 0.2313
vn -0.1420 0.9773 0.1575
vn -0.1030 0.9894 0.1023
vn -0.0758 0.9951 0.0633
vn -0.0565 0.9978 0.0351
vn 0.3856 0.7713 0.5063
vn 0.0447 0.9989 0.0131
vn 0.0300 0.9994 0.0146
vn 0.0153 0.9998 0.0156
vn -0.0000 0.9999 0.0160
vn -0.0153 0.9998 0.0156
vn -0.0300 0.9994 0.0146
vn -0.0447 0.9989 0.0132
vn -0.3856 0.7714 0.5063
vn -0.2568 0.7758 0.5763
vn -0.1279 0.7773 0.6160
vn -0.0000 0.7776 0.6288
vn 0.1279 0.7773 0.6160
vn 0.2569 0.7758 0.5763
vn -0.0456 -0.9990 -0.0020
vn -0.0296 -0.9996 -0.0019
vn -0.0280 -0.9995 0.0133
vn -0.0450 -0.9989 0.0120
vn -0.0149 -0.9999 -0.0019
vn -0.0137 -0.9998 0.0138
vn -0.0000 -1.0000 -0.0019
vn -0.0000 -0.9999 0.0140
vn 0.0149 -0.9999 -0.0019
vn 0.0137 -0.9998 0.0138
vn 0.0296 -0.9996 -0.0019
vn 0.0280 -0.9995 0.0133
vn 0.0456 -0.9990 -0.0020
vn 0.0450 -0.9989 0.0120
vn -0.0272 -0.9993 0.0257
vn -0.0445 -0.9987 0.0245
vn -0.0130 -0.9996 0.0262
vn -0.0000 -0.9997 0.0264
vn 0.0130 -0.9996 0.0262
vn 0.0272 -0.9993 0.0257
vn 0.0445 -0.9987 0.0245
vn -0.0268 -0.9989 0.0372
vn -0.0441 -0.9983 0.0369
vn -0.0127 -0.9992 0.0374
vn -0.0000 -0.9993 0.0374
vn 0.0127 -0.9992 0.0374
vn 0.0268 -0.9989 0.0372
vn 0.0441 -0.9983 0.0369
vn -0.0267 -0.9985 0.0486
vn -0.0437 -0.9978 0.0491
vn -0.0128 -0.9987 0.0484
vn -0.0000 -0.9988 0.0483
vn 0.0128 -0.9987 0.0484
vn 0.0267 -0.9985 0.0486
vn 0.0437 -0.9978 0.0491
vn -0.0270 -0.9978 0.0605
vn -0.0434 -0.9972 0.0612
vn -0.0132 -0.9981 0.0603
vn -0.0000 -0.9982 0.0602
vn 0.0132 -0.9981 0.0603
vn 0.0270 -0.9978 0.0605
vn 0.0434 -0.9972 0.0612
vn -0.0280 -0.9968 0.0747
vn -0.0431 -0.9963 0.0743
vn -0.0140 -0.9971 0.0749
vn -0.0000 -0.9972 0.0750
vn 0.0140 -0.9971 0.0749
vn 0.0280 -0.9968 0.0747
vn 0.0431 -0.9963 0.0743
vn -0.0658 -0.9976 -0.0194
vn -0.0506 -0.9985 -0.0221
vn -0.0676 -0.9977 -0.0059
vn -0.0340 -0.9991 -0.0233
vn -0.0174 -0.9996 -0.0242
vn -0.0000 -0.9997 -0.0246
vn 0.0174 -0.9996 -0.0242
vn 0.0340 -0.9991 -0.0233
vn 0.0506 -0.9985 -0.0221
vn 0.0658 -0.9976 -0.0194
vn 0.0676 -0.9977 -0.0059
vn 0.0681 -0.9976 0.0083
vn 0.0682 -0.9974 0.0222
vn 0.0678 -0.9970 0.0364
vn 0.0669 -0.9965 0.0503
vn 0.0655 -0.9958 0.0637
vn 0.0640 -0.9950 0.0772
vn 0.0616 -0.9941 0.0898
vn 0.0470 -0.9946 0.0926
vn 0.0315 -0.9951 0.0941
vn 0.0161 -0.9953 0.0952
vn -0.0000 -0.9954 0.0956
vn -0.0161 -0.9953 0.0952
vn -0.0315 -0.9951 0.0941
vn -0.0470 -0.9946 0.0926
vn -0.0640 -0.9950 0.0772
vn -0.0615 -0.9941 0.0898
vn -0.0655 -0.9958 0.0637
vn -0.0669 -0.9965 0.0503
vn -0.0678 -0.9970 0.0364
vn -0.0682 -0.9974 0.0222
vn -0.0681 -0.9976 0.0083
vn 0.0414 0.9965 -0.0729
vn 0.0270 0.9970 -0.0731
vn 0.0259 0.9979 -0.0599
vn 0.0415 0.9973 -0.0607
vn 0.0135 0.9972 -0.0733
vn 0.0127 0.9981 -0.0597
vn -0.0000 0.9973 -0.0734
vn -0.0000 0.9982 -0.0596
vn -0.0135 0.9972 -0.0733
vn -0.0127 0.9981 -0.0597
vn -0.0270 0.9970 -0.0731
vn -0.0259 0.9979 -0.0599
vn -0.0414 0.9965 -0.0729
vn -0.0416 0.9973 -0.0607
vn 0.0256 0.9985 -0.0488
vn 0.0416 0.9979 -0.0496
vn 0.0123 0.9987 -0.0485
vn -0.0000 0.9988 -0.0484
vn -0.0123 0.9987 -0.0485
vn -0.0256 0.9985 -0.0488
vn -0.0416 0.9979 -0.0495
vn 0.0254 0.9989 -0.0383
vn 0.0416 0.9984 -0.0383
vn 0.0121 0.9992 -0.0382
vn -0.0000 0.9993 -0.0382
vn -0.0121 0.9992 -0.0382
vn -0.0254 0.9989 -0.0383
vn -0.0416 0.9984 -0.0383
vn 0.0255 0.9993 -0.0277
vn 0.0415 0.9988 -0.0271
vn 0.0123 0.9995 -0.0279
vn -0.0000 0.9996 -0.0280
vn -0.0122 0.9995 -0.0279
vn -0.0255 0.9993 -0.0277
vn -0.0415 0.9988 -0.0271
vn 0.0258 0.9995 -0.0165
vn 0.0414 0.9990 -0.0159
vn 0.0126 0.9998 -0.0167
vn -0.0000 0.9999 -0.0168
vn -0.0126 0.9998 -0.0167
vn -0.0258 0.9995 -0.0165
vn -0.0413 0.9990 -0.0159
vn 0.0268 0.9996 -0.0033
vn 0.0411 0.9991 -0.0037
vn 0.0135 0.9999 -0.0031
vn -0.0000 1.0000 -0.0030
vn -0.0134 0.9999 -0.0031
vn -0.0268 0.9996 -0.0033
vn -0.0411 0.9991 -0.0037
vn 0.5232 -0.3466 0.7785
vn 0.5538 -0.1632 0.8165
vn 0.3654 -0.1712 0.9150
vn 0.3456 -0.3451 0.8726
vn 0.5645 -0.0099 0.8254
vn 0.3731 -0.0257 0.9274
vn 0.5645 0.0990 0.8195
vn 0.3743 0.0786 0.9240
vn 0.5621 0.1650 0.8105
vn 0.3737 0.1429 0.9165
vn 0.5612 0.1954 0.8043
vn 0.3737 0.1734 0.9112
vn 0.5629 0.1979 0.8025
vn 0.3752 0.1772 0.9098
vn 0.1805 -0.1767 0.9676
vn 0.1709 -0.3438 0.9233
vn 0.1845 -0.0367 0.9821
vn 0.1854 0.0644 0.9805
vn 0.1854 0.1273 0.9744
vn 0.1857 0.1580 0.9698
vn 0.1865 0.1628 0.9689
vn -0.0000 -0.1786 0.9839
vn -0.0000 -0.3433 0.9392
vn -0.0000 -0.0406 0.9992
vn -0.0000 0.0594 0.9982
vn -0.0000 0.1218 0.9926
vn -0.0000 0.1525 0.9883
vn -0.0000 0.1577 0.9875
vn -0.1805 -0.1767 0.9676
vn -0.1709 -0.3438 0.9233
vn -0.1845 -0.0367 0.9821
vn -0.1854 0.0644 0.9805
vn -0.1854 0.1273 0.9744
vn -0.1857 0.1580 0.9698
vn -0.1865 0.1628 0.9689
vn -0.3654 -0.1712 0.9150
vn -0.3456 -0.3451 0.8726
vn -0.3731 -0.0257 0.9274
vn -0.3743 0.0786 0.9240
vn -0.3737 0.1429 0.9165
vn -0.3737 0.1735 0.9112
vn -0.3752 0.1772 0.9098
vn -0.5538 -0.1632 0.8165
vn -0.5232 -0.3466 0.7786
vn -0.5645 -0.0099 0.8254
vn -0.5645 0.0990 0.8195
vn -0.5621 0.1650 0.8105
vn -0.5612 0.1954 0.8043
vn -0.5629 0.1979 0.8025
vn 0.6148 -0.5402 0.5746
vn 0.6895 -0.3473 0.6356
vn 0.4685 -0.5324 0.7050
vn 0.7302 -0.1546 0.6656
vn 0.7423 0.0060 0.6700
vn 0.7398 0.1192 0.6622
vn 0.7344 0.1868 0.6525
vn 0.7317 0.2173 0.6461
vn 0.7331 0.2186 0.6441
vn 0.7375 0.1994 0.6452
vn 0.5666 0.1804 0.8040
vn 0.3778 0.1619 0.9116
vn 0.1878 0.1492 0.9708
vn -0.0000 0.1447 0.9895
vn -0.1878 0.1492 0.9708
vn -0.3778 0.1620 0.9116
vn -0.5666 0.1804 0.8040
vn -0.7375 0.1994 0.6452
vn -0.7331 0.2187 0.6441
vn -0.7316 0.2173 0.6461
vn -0.7344 0.1868 0.6525
vn -0.7398 0.1192 0.6622
vn -0.7423 0.0060 0.6701
vn -0.7302 -0.1546 0.6655
vn -0.6895 -0.3473 0.6356
vn -0.4685 -0.5324 0.7050
vn -0.6148 -0.5402 0.5746
vn -0.3111 -0.5237 0.7931
vn -0.1544 -0.5172 0.8418
vn -0.0000 -0.5149 0.8572
vn 0.1544 -0.5172 0.8418
vn 0.3111 -0.5237 0.7931
vn 0.5705 0.1573 0.8061
vn 0.5736 0.1395 0.8071
vn 0.3826 0.1260 0.9153
vn 0.3804 0.1414 0.9139
vn 0.5761 0.1276 0.8073
vn 0.3844 0.1162 0.9158
vn 0.5781 0.1205 0.8070
vn 0.3858 0.1112 0.9158
vn 0.5796 0.1178 0.8063
vn 0.3869 0.1106 0.9155
vn 0.5806 0.1194 0.8054
vn 0.3877 0.1145 0.9147
vn 0.5811 0.1257 0.8040
vn 0.3880 0.1234 0.9133
vn 0.1903 0.1167 0.9748
vn 0.1892 0.1305 0.9732
vn 0.1912 0.1085 0.9755
vn 0.1919 0.1049 0.9758
vn 0.1925 0.1057 0.9756
vn 0.1929 0.1109 0.9749
vn 0.1931 0.1215 0.9736
vn -0.0000 0.1135 0.9935
vn -0.0000 0.1267 0.9919
vn -0.0000 0.1058 0.9944
vn -0.0000 0.1027 0.9947
vn -0.0000 0.1039 0.9946
vn -0.0000 0.1097 0.9940
vn -0.0000 0.1208 0.9927
vn -0.1903 0.1167 0.9748
vn -0.1892 0.1305 0.9732
vn -0.1912 0.1085 0.9755
vn -0.1919 0.1049 0.9758
vn -0.1925 0.1056 0.9756
vn -0.1929 0.1109 0.9749
vn -0.1931 0.1215 0.9736
vn -0.3826 0.1259 0.9153
vn -0.3804 0.1414 0.9139
vn -0.3844 0.1162 0.9158
vn -0.3858 0.1112 0.9158
vn -0.3869 0.1106 0.9155
vn -0.3877 0.1145 0.9147
vn -0.3880 0.1234 0.9133
vn -0.5736 0.1396 0.8071
vn -0.5705 0.1573 0.8061
vn -0.5761 0.1276 0.8073
vn -0.5781 0.1205 0.8070
vn -0.5796 0.1178 0.8063
vn -0.5806 0.1194 0.8054
vn -0.5811 0.1258 0.8040
vn 0.7424 0.1742 0.6469
vn 0.7463 0.1542 0.6475
vn 0.7492 0.1401 0.6473
vn 0.7515 0.1307 0.6467
vn 0.7532 0.1254 0.6457
vn 0.7544 0.1241 0.6446
vn 0.7550 0.1270 0.6434
vn 0.7547 0.1357 0.6419
vn 0.5809 0.1387 0.8021
vn 0.3879 0.1394 0.9111
vn 0.1930 0.1392 0.9713
vn -0.0000 0.1390 0.9903
vn -0.1930 0.1392 0.9713
vn -0.3879 0.1394 0.9111
vn -0.5809 0.1387 0.8021
vn -0.7547 0.1357 0.6419
vn -0.7550 0.1270 0.6434
vn -0.7544 0.1241 0.6446
vn -0.7532 0.1254 0.6457
vn -0.7515 0.1307 0.6467
vn -0.7492 0.1401 0.6473
vn -0.7463 0.1542 0.6475
vn -0.7424 0.1741 0.6469
vn 0.8059 -0.3908 -0.4448
vn 0.8493 -0.2301 -0.4751
vn 0.9275 -0.2072 -0.3111
vn 0.8787 -0.3803 -0.2884
vn 0.8672 -0.0902 -0.4897
vn 0.9451 -0.0577 -0.3218
vn 0.8695 0.0160 -0.4936
vn 0.9444 0.0536 -0.3245
vn 0.8660 0.0871 -0.4924
vn 0.9378 0.1261 -0.3234
vn 0.8625 0.1275 -0.4897
vn 0.9324 0.1656 -0.3212
vn 0.8615 0.1431 -0.4872
vn 0.9306 0.1788 -0.3193
vn 0.9698 -0.1864 -0.1572
vn 0.9181 -0.3699 -0.1423
vn 0.9859 -0.0295 -0.1649
vn 0.9822 0.0851 -0.1675
vn 0.9732 0.1577 -0.1676
vn 0.9665 0.1955 -0.1666
vn 0.9645 0.2058 -0.1656
vn 0.9856 -0.1690 -0.0080
vn 0.9326 -0.3609 -0.0008
vn 0.9999 -0.0069 -0.0136
vn 0.9938 0.1096 -0.0171
vn 0.9832 0.1816 -0.0190
vn 0.9760 0.2171 -0.0196
vn 0.9743 0.2243 -0.0195
vn 0.9771 -0.1564 0.1441
vn 0.9243 -0.3537 0.1433
vn 0.9901 0.0091 0.1403
vn 0.9828 0.1262 0.1351
vn 0.9716 0.1971 0.1310
vn 0.9645 0.2306 0.1286
vn 0.9635 0.2351 0.1279
vn 0.9400 -0.1494 0.3068
vn 0.8887 -0.3492 0.2971
vn 0.9523 0.0172 0.3047
vn 0.9452 0.1341 0.2978
vn 0.9347 0.2038 0.2912
vn 0.9285 0.2356 0.2871
vn 0.9283 0.2380 0.2857
vn 0.8623 -0.1490 0.4840
vn 0.8147 -0.3475 0.4643
vn 0.8746 0.0162 0.4845
vn 0.8693 0.1319 0.4764
vn 0.8608 0.2007 0.4677
vn 0.8561 0.2314 0.4621
vn 0.8568 0.2327 0.4602
vn 0.6298 -0.5494 -0.5491
vn 0.6875 -0.3993 -0.6065
vn 0.7327 -0.5524 -0.3975
vn 0.7227 -0.2525 -0.6434
vn 0.7390 -0.1238 -0.6622
vn 0.7433 -0.0248 -0.6685
vn 0.7426 0.0430 -0.6684
vn 0.7412 0.0829 -0.6661
vn 0.7413 0.0999 -0.6637
vn 0.7429 0.1001 -0.6619
vn 0.8629 0.1407 -0.4854
vn 0.9322 0.1731 -0.3179
vn 0.9666 0.1964 -0.1646
vn 0.9772 0.2114 -0.0189
vn 0.9672 0.2190 0.1284
vn 0.9327 0.2195 0.2862
vn 0.8615 0.2131 0.4609
vn 0.7253 -0.5448 0.4210
vn 0.7915 -0.5472 0.2723
vn 0.8248 -0.5489 0.1355
vn 0.8348 -0.5505 0.0069
vn 0.8252 -0.5518 -0.1204
vn 0.7940 -0.5527 -0.2533
vn 0.8653 0.1311 -0.4839
vn 0.8674 0.1224 -0.4824
vn 0.9372 0.1481 -0.3158
vn 0.9349 0.1599 -0.3167
vn 0.8691 0.1155 -0.4810
vn 0.9390 0.1383 -0.3150
vn 0.8705 0.1097 -0.4798
vn 0.9404 0.1297 -0.3144
vn 0.8717 0.1048 -0.4788
vn 0.9416 0.1221 -0.3139
vn 0.8726 0.1004 -0.4779
vn 0.9426 0.1148 -0.3135
vn 0.8734 0.0965 -0.4773
vn 0.9435 0.1076 -0.3133
vn 0.9727 0.1648 -0.1634
vn 0.9700 0.1796 -0.1638
vn 0.9747 0.1525 -0.1631
vn 0.9764 0.1419 -0.1631
vn 0.9777 0.1325 -0.1631
vn 0.9788 0.1238 -0.1631
vn 0.9798 0.1153 -0.1631
vn 0.9846 0.1738 -0.0181
vn 0.9814 0.1912 -0.0183
vn 0.9870 0.1596 -0.0183
vn 0.9889 0.1477 -0.0186
vn 0.9903 0.1375 -0.0191
vn 0.9915 0.1285 -0.0195
vn 0.9926 0.1202 -0.0197
vn 0.9758 0.1764 0.1291
vn 0.9721 0.1959 0.1290
vn 0.9785 0.1609 0.1287
vn 0.9806 0.1485 0.1280
vn 0.9822 0.1383 0.1272
vn 0.9834 0.1300 0.1265
vn 0.9843 0.1233 0.1260
vn 0.9420 0.1735 0.2872
vn 0.9380 0.1944 0.2871
vn 0.9450 0.1576 0.2867
vn 0.9472 0.1453 0.2858
vn 0.9489 0.1360 0.2848
vn 0.9501 0.1294 0.2839
vn 0.9509 0.1252 0.2831
vn 0.8710 0.1660 0.4625
vn 0.8668 0.1871 0.4622
vn 0.8740 0.1505 0.4620
vn 0.8764 0.1392 0.4611
vn 0.8781 0.1316 0.4600
vn 0.8793 0.1273 0.4589
vn 0.8800 0.1265 0.4579
vn 0.7452 0.0936 -0.6602
vn 0.7474 0.0880 -0.6585
vn 0.7493 0.0842 -0.6568
vn 0.7510 0.0817 -0.6552
vn 0.7524 0.0805 -0.6538
vn 0.7534 0.0804 -0.6526
vn 0.7540 0.0816 -0.6517
vn 0.7541 0.0855 -0.6511
vn 0.8739 0.0941 -0.4770
vn 0.9443 0.1015 -0.3130
vn 0.9807 0.1079 -0.1630
vn 0.9933 0.1136 -0.0197
vn 0.9849 0.1191 0.1259
vn 0.9511 0.1246 0.2826
vn 0.8799 0.1304 0.4569
vn -0.5292 -0.4029 -0.7467
vn -0.5542 -0.2695 -0.7875
vn -0.3700 -0.2797 -0.8859
vn -0.3546 -0.4023 -0.8440
vn -0.5669 -0.1528 -0.8095
vn -0.3783 -0.1728 -0.9094
vn -0.5716 -0.0620 -0.8182
vn -0.3819 -0.0893 -0.9199
vn -0.5725 0.0011 -0.8199
vn -0.3832 -0.0310 -0.9231
vn -0.5728 0.0390 -0.8188
vn -0.3840 0.0046 -0.9233
vn -0.5737 0.0561 -0.8172
vn -0.3851 0.0210 -0.9226
vn -0.1843 -0.2847 -0.9407
vn -0.1770 -0.4005 -0.8990
vn -0.1883 -0.1841 -0.9647
vn -0.1902 -0.1055 -0.9761
vn -0.1910 -0.0504 -0.9803
vn -0.1916 -0.0167 -0.9813
vn -0.1923 -0.0010 -0.9813
vn -0.0000 -0.2861 -0.9582
vn -0.0000 -0.3997 -0.9166
vn -0.0000 -0.1877 -0.9822
vn -0.0000 -0.1108 -0.9938
vn -0.0000 -0.0568 -0.9984
vn -0.0000 -0.0238 -0.9997
vn -0.0000 -0.0085 -1.0000
vn 0.1843 -0.2847 -0.9407
vn 0.1770 -0.4005 -0.8990
vn 0.1883 -0.1841 -0.9647
vn 0.1902 -0.1055 -0.9761
vn 0.1910 -0.0504 -0.9803
vn 0.1916 -0.0167 -0.9813
vn 0.1923 -0.0010 -0.9813
vn 0.3700 -0.2797 -0.8859
vn 0.3546 -0.4023 -0.8441
vn 0.3783 -0.1728 -0.9094
vn 0.3819 -0.0894 -0.9199
vn 0.3832 -0.0310 -0.9231
vn 0.3840 0.0046 -0.9233
vn 0.3851 0.0210 -0.9226
vn 0.5543 -0.2695 -0.7875
vn 0.5292 -0.4029 -0.7467
vn 0.5669 -0.1528 -0.8095
vn 0.5716 -0.0620 -0.8182
vn 0.5725 0.0011 -0.8199
vn 0.5728 0.0390 -0.8188
vn 0.5737 0.0561 -0.8172
vn -0.6298 -0.5494 -0.5491
vn -0.6875 -0.3993 -0.6065
vn -0.4887 -0.5423 -0.6834
vn -0.7227 -0.2524 -0.6434
vn -0.7390 -0.1238 -0.6622
vn -0.7433 -0.0248 -0.6685
vn -0.7426 0.0430 -0.6684
vn -0.7412 0.0829 -0.6661
vn -0.7413 0.0999 -0.6638
vn -0.7429 0.1001 -0.6619
vn -0.5755 0.0578 -0.8158
vn -0.3867 0.0232 -0.9219
vn -0.1932 0.0013 -0.9812
vn -0.0000 -0.0062 -1.0000
vn 0.1932 0.0013 -0.9812
vn 0.3867 0.0232 -0.9219
vn 0.5755 0.0578 -0.8158
vn 0.4887 -0.5423 -0.6834
vn 0.3298 -0.5332 -0.7790
vn 0.1654 -0.5261 -0.8342
vn -0.0000 -0.5235 -0.8520
vn -0.1654 -0.5261 -0.8342
vn -0.3298 -0.5333 -0.7790
vn -0.5778 0.0535 -0.8144
vn -0.5800 0.0505 -0.8130
vn -0.3904 0.0189 -0.9204
vn -0.3885 0.0202 -0.9212
vn -0.5821 0.0496 -0.8116
vn -0.3923 0.0200 -0.9196
vn -0.5840 0.0505 -0.8102
vn -0.3939 0.0236 -0.9188
vn -0.5856 0.0532 -0.8089
vn -0.3954 0.0295 -0.9180
vn -0.5867 0.0579 -0.8077
vn -0.3964 0.0384 -0.9173
vn -0.5873 0.0651 -0.8067
vn -0.3970 0.0508 -0.9164
vn -0.1953 -0.0016 -0.9807
vn -0.1942 -0.0011 -0.9810
vn -0.1964 0.0009 -0.9805
vn -0.1974 0.0060 -0.9803
vn -0.1982 0.0141 -0.9801
vn -0.1989 0.0256 -0.9797
vn -0.1992 0.0415 -0.9791
vn -0.0000 -0.0086 -1.0000
vn -0.0000 -0.0084 -1.0000
vn -0.0000 -0.0057 -1.0000
vn -0.0000 -0.0000 -1.0000
vn -0.0000 0.0087 -1.0000
vn -0.0000 0.0211 -0.9998
vn -0.0000 0.0382 -0.9993
vn 0.1953 -0.0016 -0.9807
vn 0.1942 -0.0011 -0.9810
vn 0.1964 0.0009 -0.9805
vn 0.1974 0.0060 -0.9803
vn 0.1982 0.0141 -0.9801
vn 0.1989 0.0256 -0.9797
vn 0.1992 0.0415 -0.9791
vn 0.3904 0.0188 -0.9204
vn 0.3885 0.0202 -0.9212
vn 0.3923 0.0200 -0.9196
vn 0.3940 0.0236 -0.9188
vn 0.3954 0.0296 -0.9180
vn 0.3964 0.0384 -0.9173
vn 0.3970 0.0508 -0.9164
vn 0.5800 0.0505 -0.8130
vn 0.5778 0.0535 -0.8144
vn 0.5821 0.0496 -0.8116
vn 0.5840 0.0504 -0.8102
vn 0.5856 0.0532 -0.8089
vn 0.5867 0.0579 -0.8077
vn 0.5873 0.0651 -0.8067
vn -0.7452 0.0936 -0.6602
vn -0.7474 0.0880 -0.6585
vn -0.7493 0.0842 -0.6568
vn -0.7510 0.0817 -0.6552
vn -0.7524 0.0805 -0.6538
vn -0.7534 0.0804 -0.6526
vn -0.7540 0.0816 -0.6517
vn -0.7541 0.0855 -0.6511
vn -0.5872 0.0765 -0.8058
vn -0.3968 0.0689 -0.9153
vn -0.1991 0.0640 -0.9779
vn -0.0000 0.0623 -0.9981
vn 0.1991 0.0640 -0.9779
vn 0.3968 0.0689 -0.9153
vn 0.5872 0.0765 -0.8058
vn -0.8147 -0.3475 0.4643
vn -0.8623 -0.1491 0.4840
vn -0.9400 -0.1494 0.3068
vn -0.8887 -0.3492 0.2971
vn -0.8746 0.0162 0.4845
vn -0.9523 0.0172 0.3047
vn -0.8693 0.1319 0.4764
vn -0.9452 0.1341 0.2978
vn -0.8608 0.2007 0.4677
vn -0.9347 0.2038 0.2912
vn -0.8561 0.2314 0.4621
vn -0.9285 0.2356 0.2871
vn -0.8568 0.2327 0.4602
vn -0.9283 0.2380 0.2857
vn -0.9771 -0.1564 0.1441
vn -0.9243 -0.3537 0.1433
vn -0.9901 0.0091 0.1403
vn -0.9828 0.1262 0.1351
vn -0.9716 0.1971 0.1310
vn -0.9645 0.2306 0.1286
vn -0.9635 0.2351 0.1279
vn -0.9856 -0.1690 -0.0080
vn -0.9326 -0.3608 -0.0008
vn -0.9999 -0.0068 -0.0136
vn -0.9938 0.1096 -0.0172
vn -0.9832 0.1815 -0.0190
vn -0.9759 0.2171 -0.0196
vn -0.9743 0.2244 -0.0195
vn -0.9698 -0.1863 -0.1572
vn -0.9181 -0.3699 -0.1423
vn -0.9859 -0.0295 -0.1649
vn -0.9822 0.0851 -0.1675
vn -0.9732 0.1577 -0.1676
vn -0.9665 0.1954 -0.1666
vn -0.9645 0.2057 -0.1656
vn -0.9275 -0.2072 -0.3111
vn -0.8787 -0.3803 -0.2885
vn -0.9451 -0.0578 -0.3218
vn -0.9444 0.0536 -0.3245
vn -0.9378 0.1261 -0.3234
vn -0.9324 0.1656 -0.3212
vn -0.9306 0.1788 -0.3193
vn -0.8493 -0.2301 -0.4751
vn -0.8059 -0.3908 -0.4448
vn -0.8672 -0.0902 -0.4896
vn -0.8695 0.0160 -0.4936
vn -0.8660 0.0871 -0.4924
vn -0.8625 0.1275 -0.4897
vn -0.8615 0.1431 -0.4872
vn -0.7253 -0.5448 0.4210
vn -0.8615 0.2130 0.4609
vn -0.9327 0.2195 0.2862
vn -0.9673 0.2189 0.1284
vn -0.9772 0.2114 -0.0189
vn -0.9666 0.1963 -0.1646
vn -0.9322 0.1731 -0.3179
vn -0.8629 0.1407 -0.4854
vn -0.7327 -0.5524 -0.3975
vn -0.7939 -0.5527 -0.2533
vn -0.8252 -0.5519 -0.1204
vn -0.8348 -0.5505 0.0069
vn -0.8248 -0.5489 0.1355
vn -0.7915 -0.5471 0.2723
vn -0.8668 0.1871 0.4622
vn -0.8710 0.1660 0.4625
vn -0.9420 0.1736 0.2872
vn -0.9380 0.1944 0.2871
vn -0.8740 0.1505 0.4620
vn -0.9450 0.1576 0.2867
vn -0.8764 0.1392 0.4611
vn -0.9472 0.1453 0.2858
vn -0.8781 0.1316 0.4600
vn -0.9489 0.1361 0.2848
vn -0.8793 0.1273 0.4589
vn -0.9501 0.1294 0.2839
vn -0.8800 0.1264 0.4579
vn -0.9509 0.1251 0.2831
vn -0.9758 0.1764 0.1291
vn -0.9721 0.1959 0.1290
vn -0.9785 0.1609 0.1287
vn -0.9806 0.1485 0.1280
vn -0.9822 0.1383 0.1272
vn -0.9834 0.1300 0.1265
vn -0.9843 0.1232 0.1261
vn -0.9846 0.1738 -0.0181
vn -0.9814 0.1912 -0.0183
vn -0.9870 0.1596 -0.0183
vn -0.9889 0.1477 -0.0186
vn -0.9903 0.1375 -0.0191
vn -0.9915 0.1285 -0.0195
vn -0.9926 0.1202 -0.0197
vn -0.9727 0.1648 -0.1634
vn -0.9700 0.1796 -0.1638
vn -0.9748 0.1525 -0.1631
vn -0.9764 0.1419 -0.1631
vn -0.9777 0.1325 -0.1631
vn -0.9788 0.1238 -0.1631
vn -0.9798 0.1153 -0.1631
vn -0.9372 0.1481 -0.3158
vn -0.9349 0.1600 -0.3167
vn -0.9390 0.1383 -0.3150
vn -0.9404 0.1297 -0.3144
vn -0.9416 0.1220 -0.3139
vn -0.9426 0.1148 -0.3135
vn -0.9435 0.1076 -0.3133
vn -0.8674 0.1224 -0.4824
vn -0.8653 0.1311 -0.4839
vn -0.8691 0.1155 -0.4810
vn -0.8705 0.1097 -0.4798
vn -0.8717 0.1048 -0.4787
vn -0.8726 0.1005 -0.4779
vn -0.8734 0.0965 -0.4773
vn -0.8799 0.1304 0.4569
vn -0.9511 0.1246 0.2826
vn -0.9849 0.1190 0.1259
vn -0.9933 0.1136 -0.0197
vn -0.9807 0.1079 -0.1630
vn -0.9443 0.1015 -0.3130
vn -0.8739 0.0941 -0.4770
vn 0.5793 0.1635 0.7985
vn 0.5755 0.2062 0.7914
vn 0.3840 0.2129 0.8984
vn 0.3868 0.1674 0.9068
vn 0.5674 0.2699 0.7780
vn 0.3784 0.2789 0.8826
vn 0.5523 0.3552 0.7542
vn 0.3680 0.3654 0.8550
vn 0.5272 0.4583 0.7156
vn 0.3509 0.4684 0.8109
vn 0.4900 0.5700 0.6596
vn 0.3259 0.5787 0.7476
vn 0.4416 0.6776 0.5881
vn 0.2939 0.6842 0.6675
vn 0.1911 0.2160 0.9575
vn 0.1925 0.1690 0.9666
vn 0.1882 0.2831 0.9404
vn 0.1830 0.3701 0.9108
vn 0.1744 0.4729 0.8637
vn 0.1620 0.5824 0.7966
vn 0.1461 0.6867 0.7121
vn -0.0000 0.2169 0.9762
vn -0.0000 0.1693 0.9856
vn -0.0000 0.2843 0.9587
vn -0.0000 0.3715 0.9284
vn -0.0000 0.4741 0.8805
vn -0.0000 0.5834 0.8122
vn -0.0000 0.6873 0.7264
vn -0.1911 0.2160 0.9575
vn -0.1925 0.1689 0.9666
vn -0.1882 0.2831 0.9404
vn -0.1830 0.3701 0.9108
vn -0.1745 0.4729 0.8637
vn -0.1620 0.5824 0.7966
vn -0.1461 0.6867 0.7121
vn -0.3841 0.2129 0.8984
vn -0.3868 0.1674 0.9068
vn -0.3784 0.2789 0.8826
vn -0.3680 0.3654 0.8550
vn -0.3510 0.4683 0.8109
vn -0.3260 0.5787 0.7476
vn -0.2939 0.6842 0.6675
vn -0.5755 0.2062 0.7914
vn -0.5793 0.1635 0.7985
vn -0.5674 0.2699 0.7780
vn -0.5523 0.3552 0.7542
vn -0.5272 0.4583 0.7156
vn -0.4900 0.5700 0.6596
vn -0.4416 0.6776 0.5881
vn 0.7530 0.1559 0.6393
vn 0.7485 0.1942 0.6341
vn 0.7389 0.2543 0.6240
vn 0.7206 0.3373 0.6058
vn 0.6894 0.4399 0.5755
vn 0.6420 0.5534 0.5306
vn 0.5793 0.6643 0.4724
vn -0.5793 0.6643 0.4725
vn -0.6420 0.5534 0.5307
vn -0.6894 0.4399 0.5755
vn -0.7206 0.3373 0.6058
vn -0.7389 0.2543 0.6240
vn -0.7485 0.1942 0.6341
vn -0.7530 0.1559 0.6393
vn 0.8733 0.1008 -0.4766
vn 0.8704 0.1262 -0.4759
vn 0.9416 0.1252 -0.3126
vn 0.9441 0.1041 -0.3128
vn 0.8629 0.1758 -0.4737
vn 0.9347 0.1708 -0.3117
vn 0.8469 0.2525 -0.4679
vn 0.9192 0.2441 -0.3091
vn 0.8164 0.3554 -0.4551
vn 0.8885 0.3451 -0.3024
vn 0.7658 0.4766 -0.4318
vn 0.8359 0.4665 -0.2892
vn 0.6936 0.6012 -0.3969
vn 0.7591 0.5931 -0.2683
vn 0.9782 0.1289 -0.1628
vn 0.9806 0.1091 -0.1629
vn 0.9714 0.1729 -0.1629
vn 0.9559 0.2448 -0.1624
vn 0.9249 0.3446 -0.1605
vn 0.8713 0.4653 -0.1558
vn 0.7923 0.5921 -0.1473
vn 0.9904 0.1366 -0.0200
vn 0.9931 0.1159 -0.0197
vn 0.9832 0.1813 -0.0208
vn 0.9671 0.2535 -0.0225
vn 0.9353 0.3528 -0.0249
vn 0.8809 0.4725 -0.0279
vn 0.8010 0.5978 -0.0310
vn 0.9811 0.1478 0.1248
vn 0.9843 0.1243 0.1256
vn 0.9731 0.1950 0.1227
vn 0.9559 0.2687 0.1186
vn 0.9230 0.3684 0.1113
vn 0.8678 0.4868 0.1002
vn 0.7883 0.6094 0.0853
vn 0.9462 0.1619 0.2801
vn 0.9500 0.1341 0.2819
vn 0.9372 0.2128 0.2762
vn 0.9188 0.2892 0.2687
vn 0.8848 0.3898 0.2554
vn 0.8295 0.5067 0.2348
vn 0.7521 0.6257 0.2071
vn 0.8740 0.1781 0.4522
vn 0.8784 0.1452 0.4554
vn 0.8642 0.2336 0.4456
vn 0.8450 0.3133 0.4333
vn 0.8111 0.4150 0.4123
vn 0.7578 0.5303 0.3802
vn 0.6853 0.6452 0.3378
vn 0.7531 0.0993 -0.6504
vn 0.7496 0.1316 -0.6487
vn 0.7415 0.1875 -0.6442
vn 0.7254 0.2689 -0.6337
vn 0.6963 0.3739 -0.6127
vn 0.6501 0.4939 -0.5774
vn 0.5869 0.6144 -0.5273
vn -0.5859 0.0986 -0.8044
vn -0.5822 0.1390 -0.8011
vn -0.3925 0.1457 -0.9082
vn -0.3956 0.0983 -0.9131
vn -0.5743 0.2017 -0.7934
vn -0.3862 0.2140 -0.8973
vn -0.5596 0.2878 -0.7772
vn -0.3750 0.3035 -0.8759
vn -0.5346 0.3941 -0.7476
vn -0.3568 0.4104 -0.8392
vn -0.4969 0.5119 -0.7007
vn -0.3306 0.5257 -0.7838
vn -0.4474 0.6274 -0.6374
vn -0.2972 0.6366 -0.7116
vn -0.1966 0.1501 -0.9689
vn -0.1984 0.0983 -0.9752
vn -0.1931 0.2220 -0.9557
vn -0.1871 0.3136 -0.9310
vn -0.1776 0.4206 -0.8897
vn -0.1643 0.5340 -0.8294
vn -0.1476 0.6419 -0.7524
vn -0.0000 0.1517 -0.9884
vn -0.0000 0.0983 -0.9952
vn -0.0000 0.2247 -0.9744
vn -0.0000 0.3170 -0.9484
vn -0.0000 0.4240 -0.9057
vn -0.0000 0.5367 -0.8438
vn -0.0000 0.6436 -0.7653
vn 0.1966 0.1501 -0.9689
vn 0.1984 0.0983 -0.9752
vn 0.1931 0.2220 -0.9557
vn 0.1871 0.3136 -0.9310
vn 0.1776 0.4206 -0.8897
vn 0.1643 0.5340 -0.8294
vn 0.1476 0.6419 -0.7524
vn 0.3925 0.1457 -0.9082
vn 0.3956 0.0983 -0.9132
vn 0.3862 0.2139 -0.8973
vn 0.3750 0.3035 -0.8759
vn 0.3568 0.4105 -0.8391
vn 0.3306 0.5257 -0.7838
vn 0.2972 0.6366 -0.7116
vn 0.5822 0.1390 -0.8011
vn 0.5859 0.0986 -0.8044
vn 0.5743 0.2017 -0.7934
vn 0.5596 0.2877 -0.7772
vn 0.5346 0.3942 -0.7476
vn 0.4969 0.5119 -0.7007
vn 0.4474 0.6273 -0.6374
vn -0.7531 0.0992 -0.6504
vn -0.7496 0.1316 -0.6487
vn -0.7415 0.1875 -0.6442
vn -0.7254 0.2689 -0.6337
vn -0.6963 0.3739 -0.6127
vn -0.6502 0.4939 -0.5774
vn -0.5869 0.6144 -0.5273
vn -0.8784 0.1452 0.4554
vn -0.8740 0.1781 0.4522
vn -0.9462 0.1620 0.2801
vn -0.9500 0.1342 0.2819
vn -0.8642 0.2336 0.4456
vn -0.9372 0.2128 0.2762
vn -0.8450 0.3133 0.4333
vn -0.9188 0.2892 0.2687
vn -0.8111 0.4150 0.4123
vn -0.8848 0.3898 0.2554
vn -0.7578 0.5302 0.3803
vn -0.8295 0.5067 0.2349
vn -0.6853 0.6452 0.3378
vn -0.7521 0.6257 0.2071
vn -0.9811 0.1478 0.1248
vn -0.9843 0.1243 0.1256
vn -0.9731 0.1950 0.1227
vn -0.9559 0.2687 0.1186
vn -0.9230 0.3684 0.1113
vn -0.8678 0.4868 0.1002
vn -0.7883 0.6094 0.0853
vn -0.9904 0.1366 -0.0199
vn -0.9931 0.1159 -0.0197
vn -0.9832 0.1813 -0.0208
vn -0.9671 0.2535 -0.0225
vn -0.9353 0.3529 -0.0249
vn -0.8809 0.4725 -0.0279
vn -0.8010 0.5978 -0.0311
vn -0.9782 0.1288 -0.1628
vn -0.9806 0.1091 -0.1629
vn -0.9714 0.1729 -0.1629
vn -0.9559 0.2448 -0.1624
vn -0.9249 0.3446 -0.1605
vn -0.8713 0.4653 -0.1558
vn -0.7923 0.5921 -0.1473
vn -0.9416 0.1252 -0.3126
vn -0.9441 0.1040 -0.3128
vn -0.9347 0.1708 -0.3117
vn -0.9192 0.2442 -0.3091
vn -0.8885 0.3451 -0.3024
vn -0.8359 0.4665 -0.2892
vn -0.7591 0.5931 -0.2683
vn -0.8704 0.1262 -0.4759
vn -0.8733 0.1008 -0.4766
vn -0.8629 0.1758 -0.4737
vn -0.8469 0.2525 -0.4679
vn -0.8164 0.3554 -0.4551
vn -0.7658 0.4766 -0.4318
vn -0.6936 0.6012 -0.3969
vn -0.0912 -0.9920 0.0877
vn -0.1259 -0.9864 0.1052
vn -0.1370 -0.9873 0.0808
vn -0.0960 -0.9929 0.0700
vn -0.1743 -0.9760 0.1304
vn -0.1929 -0.9764 0.0968
vn -0.2447 -0.9550 0.1677
vn -0.2714 -0.9550 0.1200
vn -0.3430 -0.9131 0.2203
vn -0.3782 -0.9132 0.1520
vn -0.4667 -0.8368 0.2864
vn -0.5117 -0.8375 0.1918
vn -0.6026 -0.7132 0.3582
vn -0.6585 -0.7150 0.2349
vn -0.1435 -0.9880 0.0576
vn -0.0992 -0.9937 0.0530
vn -0.2043 -0.9768 0.0646
vn -0.2878 -0.9548 0.0746
vn -0.3991 -0.9127 0.0881
vn -0.5373 -0.8369 0.1045
vn -0.6885 -0.7150 0.1216
vn -0.1467 -0.9886 0.0344
vn -0.1010 -0.9942 0.0356
vn -0.2096 -0.9772 0.0327
vn -0.2956 -0.9548 0.0302
vn -0.4091 -0.9121 0.0264
vn -0.5489 -0.8356 0.0211
vn -0.7002 -0.7138 0.0143
vn -0.1465 -0.9891 0.0110
vn -0.1012 -0.9947 0.0179
vn -0.2089 -0.9779 0.0005
vn -0.2948 -0.9554 -0.0148
vn -0.4090 -0.9118 -0.0361
vn -0.5483 -0.8339 -0.0632
vn -0.6964 -0.7116 -0.0930
vn -0.1428 -0.9897 -0.0130
vn -0.0999 -0.9950 0.0003
vn -0.2017 -0.9789 -0.0328
vn -0.2849 -0.9566 -0.0620
vn -0.3972 -0.9120 -0.1026
vn -0.5335 -0.8318 -0.1532
vn -0.6748 -0.7085 -0.2068
vn -0.1339 -0.9902 -0.0387
vn -0.0965 -0.9952 -0.0183
vn -0.1864 -0.9801 -0.0683
vn -0.2633 -0.9581 -0.1129
vn -0.3697 -0.9124 -0.1758
vn -0.4980 -0.8294 -0.2531
vn -0.6276 -0.7041 -0.3323
vn -0.0796 -0.9912 0.1057
vn -0.1068 -0.9858 0.1295
vn -0.1463 -0.9755 0.1642
vn -0.2054 -0.9544 0.2166
vn -0.2894 -0.9118 0.2912
vn -0.3956 -0.8337 0.3853
vn -0.5116 -0.7081 0.4867
vn -0.5440 -0.6974 -0.4666
vn -0.4332 -0.8259 -0.3609
vn -0.3205 -0.9125 -0.2542
vn -0.2268 -0.9596 -0.1666
vn -0.1601 -0.9815 -0.1050
vn -0.1159 -0.9911 -0.0647
vn -0.0857 -0.9956 -0.0375
vn -0.0653 -0.9967 -0.0491
vn -0.0892 -0.9924 -0.0850
vn -0.0598 -0.9934 -0.0974
vn -0.0436 -0.9976 -0.0542
vn -0.1241 -0.9828 -0.1368
vn -0.0841 -0.9836 -0.1594
vn -0.1770 -0.9604 -0.2151
vn -0.1206 -0.9604 -0.2512
vn -0.2513 -0.9114 -0.3258
vn -0.1715 -0.9094 -0.3790
vn -0.3404 -0.8205 -0.4593
vn -0.2323 -0.8142 -0.5321
vn -0.4258 -0.6876 -0.5881
vn -0.2895 -0.6770 -0.6766
vn -0.0302 -0.9941 -0.1043
vn -0.0222 -0.9981 -0.0570
vn -0.0425 -0.9840 -0.1729
vn -0.0611 -0.9600 -0.2731
vn -0.0868 -0.9075 -0.4111
vn -0.1174 -0.8093 -0.5755
vn -0.1459 -0.6691 -0.7287
vn -0.0000 -0.9943 -0.1066
vn -0.0000 -0.9983 -0.0581
vn -0.0000 -0.9841 -0.1775
vn -0.0000 -0.9598 -0.2806
vn -0.0000 -0.9067 -0.4218
vn -0.0000 -0.8075 -0.5899
vn -0.0000 -0.6662 -0.7458
vn 0.0302 -0.9941 -0.1043
vn 0.0222 -0.9981 -0.0570
vn 0.0425 -0.9840 -0.1729
vn 0.0611 -0.9600 -0.2731
vn 0.0868 -0.9075 -0.4111
vn 0.1174 -0.8093 -0.5755
vn 0.1459 -0.6691 -0.7287
vn 0.0598 -0.9934 -0.0974
vn 0.0436 -0.9976 -0.0542
vn 0.0841 -0.9836 -0.1594
vn 0.1206 -0.9604 -0.2512
vn 0.1715 -0.9094 -0.3790
vn 0.2323 -0.8142 -0.5321
vn 0.2895 -0.6770 -0.6766
vn 0.0892 -0.9924 -0.0850
vn 0.0653 -0.9967 -0.0491
vn 0.1241 -0.9828 -0.1368
vn 0.1770 -0.9604 -0.2151
vn 0.2514 -0.9114 -0.3258
vn 0.3404 -0.8205 -0.4593
vn 0.4258 -0.6876 -0.5881
vn 0.5440 -0.6974 -0.4666
vn 0.4332 -0.8259 -0.3609
vn 0.3205 -0.9125 -0.2542
vn 0.2268 -0.9596 -0.1666
vn 0.1601 -0.9815 -0.1050
vn 0.1159 -0.9912 -0.0647
vn 0.0857 -0.9956 -0.0375
vn 0.0965 -0.9952 -0.0183
vn 0.1339 -0.9902 -0.0387
vn 0.1428 -0.9897 -0.0130
vn 0.0999 -0.9950 0.0003
vn 0.1864 -0.9801 -0.0683
vn 0.2017 -0.9789 -0.0328
vn 0.2633 -0.9581 -0.1129
vn 0.2849 -0.9566 -0.0620
vn 0.3697 -0.9124 -0.1758
vn 0.3972 -0.9120 -0.1026
vn 0.4980 -0.8294 -0.2531
vn 0.5334 -0.8318 -0.1532
vn 0.6276 -0.7041 -0.3323
vn 0.6748 -0.7085 -0.2068
vn 0.1466 -0.9891 0.0110
vn 0.1012 -0.9947 0.0179
vn 0.2089 -0.9779 0.0005
vn 0.2948 -0.9554 -0.0148
vn 0.4090 -0.9118 -0.0361
vn 0.5483 -0.8339 -0.0632
vn 0.6964 -0.7116 -0.0930
vn 0.1467 -0.9886 0.0344
vn 0.1010 -0.9942 0.0356
vn 0.2096 -0.9772 0.0327
vn 0.2955 -0.9549 0.0302
vn 0.4091 -0.9121 0.0264
vn 0.5489 -0.8356 0.0211
vn 0.7002 -0.7138 0.0143
vn 0.1435 -0.9880 0.0576
vn 0.0992 -0.9937 0.0530
vn 0.2043 -0.9768 0.0646
vn 0.2878 -0.9548 0.0746
vn 0.3991 -0.9127 0.0881
vn 0.5373 -0.8369 0.1045
vn 0.6884 -0.7150 0.1216
vn 0.1370 -0.9873 0.0808
vn 0.0960 -0.9929 0.0700
vn 0.1929 -0.9764 0.0967
vn 0.2714 -0.9550 0.1200
vn 0.3782 -0.9132 0.1519
vn 0.5117 -0.8375 0.1918
vn 0.6585 -0.7150 0.2349
vn 0.1259 -0.9864 0.1052
vn 0.0912 -0.9920 0.0877
vn 0.1743 -0.9760 0.1304
vn 0.2447 -0.9550 0.1677
vn 0.3430 -0.9131 0.2203
vn 0.4667 -0.8368 0.2864
vn 0.6026 -0.7131 0.3582
vn 0.5116 -0.7080 0.4867
vn 0.3956 -0.8337 0.3853
vn 0.2894 -0.9118 0.2912
vn 0.2054 -0.9544 0.2166
vn 0.1463 -0.9755 0.1642
vn 0.1068 -0.9858 0.1295
vn 0.0796 -0.9912 0.1057
vn 0.0599 -0.9914 0.1167
vn 0.0808 -0.9857 0.1481
vn 0.0535 -0.9858 0.1594
vn 0.0397 -0.9918 0.1216
vn 0.1111 -0.9749 0.1928
vn 0.0742 -0.9743 0.2126
vn 0.1566 -0.9530 0.2593
vn 0.1048 -0.9513 0.2899
vn 0.2212 -0.9090 0.3534
vn 0.1481 -0.9055 0.3977
vn 0.3031 -0.8280 0.4718
vn 0.2029 -0.8214 0.5330
vn 0.3916 -0.6992 0.5981
vn 0.2615 -0.6894 0.6755
vn 0.0269 -0.9858 0.1655
vn 0.0201 -0.9920 0.1243
vn 0.0372 -0.9739 0.2241
vn 0.0526 -0.9499 0.3080
vn 0.0741 -0.9027 0.4237
vn 0.1014 -0.8165 0.5684
vn 0.1304 -0.6822 0.7195
vn -0.0000 -0.9859 0.1676
vn -0.0000 -0.9921 0.1253
vn -0.0000 -0.9737 0.2280
vn -0.0000 -0.9494 0.3141
vn -0.0000 -0.9017 0.4323
vn -0.0000 -0.8147 0.5799
vn -0.0000 -0.6795 0.7336
vn -0.0269 -0.9858 0.1655
vn -0.0201 -0.9920 0.1243
vn -0.0372 -0.9739 0.2241
vn -0.0526 -0.9499 0.3080
vn -0.0741 -0.9027 0.4238
vn -0.1014 -0.8165 0.5684
vn -0.1304 -0.6822 0.7195
vn -0.0536 -0.9858 0.1594
vn -0.0397 -0.9918 0.1216
vn -0.0742 -0.9743 0.2126
vn -0.1048 -0.9513 0.2899
vn -0.1481 -0.9055 0.3978
vn -0.2029 -0.8214 0.5330
vn -0.2615 -0.6894 0.6755
vn -0.0808 -0.9857 0.1482
vn -0.0599 -0.9914 0.1167
vn -0.1111 -0.9749 0.1928
vn -0.1566 -0.9530 0.2593
vn -0.2212 -0.9090 0.3534
vn -0.3031 -0.8280 0.4718
vn -0.3916 -0.6992 0.5981
vn 0.5123 0.3459 0.7861
vn 0.3311 0.3381 0.8810
vn 0.3814 0.0292 0.9240
vn 0.5642 0.0225 0.8253
vn 0.0252 0.2913 0.9563
vn 0.0495 0.0374 0.9981
vn 0.3194 -0.2811 0.9050
vn 0.5003 -0.3021 0.8114
vn 0.0154 -0.2186 0.9757
vn -0.3492 0.3357 0.8748
vn 0.3276 0.6771 0.6590
vn -0.2258 0.1904 0.9554
vn 0.1556 0.6439 0.7491
vn -0.0977 0.5457 0.8323
vn -0.3351 0.4075 0.8495
vn -0.3240 0.2327 0.9170
vn -0.3244 0.0416 0.9450
vn -0.3315 -0.1511 0.9313
vn -0.3495 -0.3304 0.8767
vn -0.1175 -0.4780 0.8705
vn 0.1319 -0.5912 0.7957
vn 0.3026 -0.6374 0.7087
vn -0.2322 -0.1080 0.9666
vn -0.3613 -0.2555 0.8968
vn -0.1835 0.0413 0.9822
vn 0.0198 -0.8698 0.4929
vn -0.1307 -0.7994 0.5864
vn -0.3735 -0.8647 0.3357
vn -0.2432 -0.9432 0.2262
vn -0.3451 -0.6336 0.6925
vn -0.5560 -0.6733 0.4873
vn -0.5840 -0.8099 0.0553
vn -0.4663 -0.8813 -0.0763
vn -0.7259 -0.6423 0.2460
vn -0.5198 -0.3783 0.7660
vn -0.5246 -0.3752 0.7642
vn -0.6966 -0.3911 0.6015
vn -0.8301 -0.3823 0.4058
vn -0.9142 -0.3435 0.2152
vn -0.8685 -0.4955 -0.0087
vn -0.7537 -0.6121 -0.2394
vn -0.6407 -0.6606 -0.3914
vn -0.8302 -0.3857 0.4026
vn -0.9360 -0.2691 0.2269
vn -0.6837 -0.4272 0.5916
vn -0.7215 -0.3319 -0.6077
vn -0.8403 -0.3084 -0.4458
vn -0.8565 0.0009 -0.5162
vn -0.7336 -0.0069 -0.6795
vn -0.9572 -0.2411 -0.1601
vn -0.9792 0.0137 -0.2023
vn -0.8269 0.3123 -0.4675
vn -0.7075 0.3201 -0.6301
vn -0.9465 0.2690 -0.1783
vn -0.9880 -0.1254 0.0904
vn -0.9685 -0.1657 0.1856
vn -0.9847 0.0263 0.1724
vn -0.9608 0.2176 0.1718
vn -0.8995 0.3942 0.1886
vn -0.8478 0.5284 -0.0454
vn -0.7283 0.6239 -0.2835
vn -0.6137 0.6569 -0.4381
vn -0.9817 0.1729 0.0793
vn -0.9240 0.3226 0.2052
vn -0.9990 0.0227 0.0384
vn -0.4317 0.8910 -0.1402
vn -0.5517 0.8340 -0.0040
vn -0.3396 0.9005 0.2716
vn -0.2066 0.9658 0.1570
vn -0.6998 0.6863 0.1981
vn -0.5290 0.7278 0.4364
vn -0.0990 0.8448 0.5259
vn 0.0539 0.9022 0.4278
vn -0.3196 0.6954 0.6437
vn -0.8139 0.4459 0.3725
vn -0.8140 0.4427 0.3761
vn -0.6802 0.4602 0.5705
vn -0.5088 0.4500 0.7340
vn -0.5034 0.4531 0.7357
vn -0.6657 0.4951 0.5583
vn -0.8788 -0.1416 0.4557
vn -0.7519 -0.1429 0.6436
vn -0.7609 0.0382 0.6477
vn -0.8913 0.0338 0.4521
vn -0.5862 -0.1349 0.7988
vn -0.5882 0.0409 0.8077
vn -0.7449 0.2181 0.6305
vn -0.8719 0.2084 0.4431
vn -0.5795 0.2154 0.7860
vn -0.9315 0.3309 -0.1509
vn -0.8842 0.3089 -0.3505
vn -0.9485 -0.0002 -0.3168
vn -0.9937 0.0086 -0.1120
vn -0.7394 0.2417 -0.6284
vn -0.7845 -0.0142 -0.6199
vn -0.8901 -0.3148 -0.3295
vn -0.9386 -0.3200 -0.1287
vn -0.7432 -0.2723 -0.6111
vn -0.4361 0.2686 -0.8589
vn -0.7165 0.6574 -0.2332
vn -0.5782 0.1239 -0.8064
vn -0.6722 0.6106 -0.4186
vn -0.5694 0.4944 -0.6568
vn -0.4277 0.3426 -0.8365
vn -0.4827 0.1658 -0.8600
vn -0.5008 -0.0269 -0.8652
vn -0.4848 -0.2196 -0.8466
vn -0.4314 -0.3962 -0.8105
vn -0.5755 -0.5318 -0.6213
vn -0.6808 -0.6287 -0.3757
vn -0.7263 -0.6614 -0.1872
vn -0.5794 -0.1686 -0.7974
vn -0.4382 -0.3212 -0.8395
vn -0.6245 -0.0206 -0.7808
vn -0.3743 -0.8953 -0.2417
vn -0.3487 -0.8374 -0.4210
vn -0.0026 -0.8997 -0.4365
vn -0.0035 -0.9652 -0.2616
vn -0.2914 -0.6883 -0.6644
vn -0.0016 -0.7270 -0.6867
vn 0.3406 -0.8411 -0.4202
vn 0.3670 -0.8979 -0.2430
vn 0.2821 -0.6942 -0.6622
vn -0.2326 -0.4470 -0.8638
vn -0.2318 -0.4435 -0.8658
vn -0.0006 -0.4588 -0.8885
vn 0.2209 -0.4474 -0.8666
vn 0.4198 -0.4014 -0.8140
vn 0.5681 -0.5391 -0.6217
vn 0.6722 -0.6365 -0.3782
vn 0.7180 -0.6698 -0.1895
vn 0.2299 -0.4477 -0.8641
vn 0.4292 -0.3290 -0.8411
vn -0.0029 -0.4921 -0.8705
vn 0.9338 -0.3315 -0.1345
vn 0.8838 -0.3240 -0.3375
vn 0.9441 -0.0094 -0.3295
vn 0.9930 -0.0009 -0.1184
vn 0.7416 -0.2777 -0.6106
vn 0.7825 -0.0212 -0.6223
vn 0.8833 0.3015 -0.3589
vn 0.9327 0.3246 -0.1574
vn 0.7419 0.2342 -0.6283
vn 0.5733 -0.1796 -0.7994
vn 0.4803 -0.2219 -0.8486
vn 0.4989 -0.0314 -0.8661
vn 0.4811 0.1595 -0.8620
vn 0.4219 0.3400 -0.8405
vn 0.5701 0.4915 -0.6583
vn 0.6739 0.6064 -0.4221
vn 0.7193 0.6532 -0.2364
vn 0.5744 0.1237 -0.8092
vn 0.4311 0.2679 -0.8616
vn 0.6197 -0.0268 -0.7844
vn 0.3723 0.8759 -0.3071
vn 0.3455 0.8065 -0.4797
vn 0.0040 0.8656 -0.5007
vn 0.0037 0.9436 -0.3310
vn 0.2863 0.6427 -0.7106
vn 0.0037 0.6752 -0.7376
vn -0.3408 0.8084 -0.4799
vn -0.3659 0.8791 -0.3053
vn -0.2851 0.6416 -0.7121
vn 0.2325 0.3833 -0.8939
vn 0.2237 0.3821 -0.8967
vn 0.0026 0.3930 -0.9195
vn -0.2280 0.3822 -0.8955
vn -0.2292 0.3865 -0.8934
vn 0.0004 0.4279 -0.9038
vn 0.2100 -0.2085 -0.9552
vn 0.0005 -0.2161 -0.9764
vn 0.0013 -0.0363 -0.9993
vn 0.2197 -0.0359 -0.9749
vn -0.2207 -0.2088 -0.9527
vn -0.2281 -0.0339 -0.9730
vn 0.0018 0.1447 -0.9895
vn 0.2112 0.1378 -0.9677
vn -0.2192 0.1418 -0.9653
vn 0.7044 0.3229 -0.6321
vn 0.8262 0.3149 -0.4672
vn 0.8568 -0.0003 -0.5157
vn 0.7310 -0.0085 -0.6823
vn 0.9455 0.2707 -0.1811
vn 0.9794 0.0132 -0.2013
vn 0.8398 -0.3134 -0.4432
vn 0.7189 -0.3379 -0.6074
vn 0.9563 -0.2440 -0.1610
vn 0.9246 0.3229 0.2021
vn 0.6087 0.6611 -0.4387
vn 0.9818 0.1738 0.0761
vn 0.7244 0.6275 -0.2855
vn 0.8459 0.5309 -0.0511
vn 0.9005 0.3956 0.1808
vn 0.9620 0.2180 0.1643
vn 0.9856 0.0264 0.1668
vn 0.9697 -0.1660 0.1795
vn 0.9149 -0.3447 0.2102
vn 0.8665 -0.4990 -0.0107
vn 0.7498 -0.6177 -0.2371
vn 0.6360 -0.6674 -0.3874
vn 0.9881 -0.1257 0.0885
vn 0.9364 -0.2683 0.2262
vn 0.9991 0.0229 0.0356
vn 0.4626 -0.8835 -0.0735
vn 0.5817 -0.8117 0.0527
vn 0.3837 -0.8638 0.3266
vn 0.2503 -0.9422 0.2226
vn 0.7264 -0.6447 0.2381
vn 0.5707 -0.6727 0.4709
vn 0.1609 -0.7991 0.5793
vn 0.0087 -0.8706 0.4919
vn 0.3782 -0.6326 0.6759
vn 0.8336 -0.3846 0.3964
vn 0.8349 -0.3830 0.3954
vn 0.7154 -0.3903 0.5796
vn 0.5597 -0.3740 0.7395
vn 0.3965 -0.3292 0.8570
vn 0.1687 -0.4777 0.8622
vn -0.0815 -0.5933 0.8008
vn -0.2543 -0.6418 0.7235
vn 0.5613 -0.3780 0.7362
vn 0.4183 -0.2547 0.8719
vn 0.7018 -0.4238 0.5725
vn -0.4437 -0.3054 0.8426
vn -0.2570 -0.2829 0.9241
vn -0.3171 0.0322 0.9478
vn -0.5068 0.0253 0.8617
vn 0.0487 -0.2187 0.9746
vn 0.0189 0.0402 0.9990
vn -0.2687 0.3459 0.8990
vn -0.4558 0.3551 0.8162
vn 0.0391 0.2971 0.9540
vn 0.2977 -0.1052 0.9489
vn 0.3843 -0.1499 0.9109
vn 0.3801 0.0438 0.9239
vn 0.3772 0.2357 0.8957
vn 0.3827 0.4104 0.8278
vn 0.1494 0.5503 0.8215
vn -0.1047 0.6514 0.7515
vn -0.2790 0.6871 0.6709
vn 0.2919 0.1913 0.9371
vn 0.4071 0.3382 0.8485
vn 0.2519 0.0433 0.9668
vn -0.0244 0.9063 0.4219
vn 0.1301 0.8477 0.5143
vn 0.3505 0.9005 0.2572
vn 0.2144 0.9655 0.1476
vn 0.3532 0.6975 0.6235
vn 0.5443 0.7286 0.4158
vn 0.5499 0.8351 -0.0119
vn 0.4283 0.8922 -0.1433
vn 0.7009 0.6886 0.1857
vn 0.5457 0.4555 0.7034
vn 0.5442 0.4517 0.7070
vn 0.6993 0.4612 0.5461
vn 0.8191 0.4444 0.3627
vn 0.8178 0.4463 0.3634
vn 0.6847 0.4936 0.5363
vn 0.6232 -0.1334 0.7706
vn 0.7724 -0.1419 0.6190
vn 0.7819 0.0392 0.6221
vn 0.6261 0.0425 0.7786
vn 0.8849 -0.1400 0.4442
vn 0.8976 0.0345 0.4394
vn 0.7656 0.2190 0.6049
vn 0.6167 0.2169 0.7568
vn 0.8783 0.2081 0.4304
vn -0.1748 0.3619 0.9157
vn -0.3656 0.3451 0.8644
vn -0.3602 0.0314 0.9323
vn -0.1638 0.0282 0.9861
vn -0.6259 0.2893 0.7243
vn -0.6372 0.0339 0.7699
vn -0.3814 -0.2852 0.8793
vn -0.1915 -0.3085 0.9317
vn -0.6387 -0.2239 0.7362
vn -0.8563 0.3294 0.3977
vn -0.2141 0.6916 0.6898
vn -0.8271 0.1865 0.5302
vn -0.3955 0.6497 0.6492
vn -0.6314 0.5438 0.5528
vn -0.8160 0.4006 0.4168
vn -0.8505 0.2238 0.4759
vn -0.8671 0.0328 0.4971
vn -0.8599 -0.1597 0.4848
vn -0.8340 -0.3405 0.4341
vn -0.6567 -0.4859 0.5767
vn -0.4262 -0.5985 0.6783
vn -0.2471 -0.6472 0.7212
vn -0.8349 -0.1203 0.5370
vn -0.8711 -0.2682 0.4114
vn -0.8163 0.0340 0.5766
vn -0.2976 -0.8740 0.3840
vn -0.4691 -0.8055 0.3622
vn -0.4902 -0.8709 0.0339
vn -0.3206 -0.9467 0.0309
vn -0.7008 -0.6439 0.3070
vn -0.7283 -0.6843 0.0362
vn -0.4817 -0.8235 -0.2995
vn -0.3097 -0.8926 -0.3278
vn -0.7133 -0.6584 -0.2405
vn -0.8903 -0.3883 0.2380
vn -0.8888 -0.3872 0.2454
vn -0.9141 -0.4040 0.0349
vn -0.8992 -0.3976 -0.1828
vn -0.8507 -0.3620 -0.3812
vn -0.6778 -0.5156 -0.5241
vn -0.4454 -0.6351 -0.6311
vn -0.2632 -0.6847 -0.6796
vn -0.8968 -0.4019 -0.1850
vn -0.8787 -0.2924 -0.3772
vn -0.8988 -0.4372 0.0313
vn -0.2059 -0.3618 -0.9092
vn -0.4008 -0.3358 -0.8524
vn -0.3804 -0.0229 -0.9246
vn -0.1784 -0.0306 -0.9835
vn -0.6617 -0.2653 -0.7013
vn -0.6598 -0.0093 -0.7514
vn -0.3874 0.2973 -0.8727
vn -0.1914 0.3091 -0.9316
vn -0.6507 0.2509 -0.7167
vn -0.8410 -0.1515 -0.5193
vn -0.8781 -0.1861 -0.4409
vn -0.8859 0.0068 -0.4638
vn -0.8694 0.2006 -0.4514
vn -0.8338 0.3795 -0.4008
vn -0.6547 0.5155 -0.5528
vn -0.4173 0.6170 -0.6672
vn -0.2329 0.6548 -0.7190
vn -0.8353 0.1556 -0.5272
vn -0.8661 0.3091 -0.3929
vn -0.8226 -0.0003 -0.5686
vn -0.2675 0.8877 -0.3747
vn -0.4425 0.8286 -0.3428
vn -0.4475 0.8942 -0.0102
vn -0.2745 0.9614 -0.0168
vn -0.6815 0.6781 -0.2750
vn -0.6943 0.7197 0.0012
vn -0.4290 0.8437 0.3227
vn -0.2544 0.9048 0.3415
vn -0.6684 0.6912 0.2749
vn -0.8775 0.4329 -0.2065
vn -0.8795 0.4299 -0.2041
vn -0.8935 0.4488 0.0136
vn -0.8687 0.4411 0.2254
vn -0.8704 0.4415 0.2181
vn -0.8769 0.4806 0.0085
vn -0.9718 -0.1568 -0.1759
vn -0.9874 -0.1554 0.0307
vn -0.9993 0.0247 0.0264
vn -0.9822 0.0183 -0.1870
vn -0.9624 -0.1457 0.2293
vn -0.9720 0.0291 0.2330
vn -0.9787 0.2042 0.0217
vn -0.9636 0.1932 -0.1849
vn -0.9540 0.2029 0.2209
vn -0.4460 0.2910 -0.8464
vn -0.2590 0.2718 -0.9269
vn -0.3029 -0.0477 -0.9518
vn -0.4960 -0.0473 -0.8670
vn 0.0401 0.2161 -0.9755
vn 0.0213 -0.0440 -0.9988
vn -0.2467 -0.3623 -0.8988
vn -0.4332 -0.3810 -0.8168
vn 0.0502 -0.3003 -0.9525
vn 0.4153 0.2708 -0.8684
vn -0.2724 0.6343 -0.7236
vn 0.3028 0.1182 -0.9457
vn -0.0999 0.5902 -0.8011
vn 0.1533 0.4815 -0.8630
vn 0.3870 0.3407 -0.8568
vn 0.3783 0.1600 -0.9118
vn 0.3797 -0.0342 -0.9245
vn 0.3857 -0.2264 -0.8944
vn 0.4011 -0.4011 -0.8236
vn 0.1732 -0.5505 -0.8167
vn -0.0757 -0.6627 -0.7451
vn -0.2467 -0.7061 -0.6637
vn 0.3092 -0.1899 -0.9318
vn 0.4271 -0.3312 -0.8414
vn 0.2644 -0.0377 -0.9637
vn 0.0115 -0.9103 -0.4138
vn 0.1614 -0.8474 -0.5059
vn 0.3808 -0.8885 -0.2561
vn 0.2492 -0.9575 -0.1450
vn 0.3786 -0.6902 -0.6166
vn 0.5657 -0.7114 -0.4171
vn 0.5782 -0.8159 0.0044
vn 0.4612 -0.8768 0.1361
vn 0.7214 -0.6642 -0.1960
vn 0.5604 -0.4387 -0.7025
vn 0.5620 -0.4356 -0.7031
vn 0.7099 -0.4385 -0.5511
vn 0.8283 -0.4156 -0.3758
vn 0.9108 -0.3624 -0.1977
vn 0.8667 -0.4978 0.0321
vn 0.7541 -0.6000 0.2669
vn 0.6437 -0.6401 0.4193
vn 0.8259 -0.4181 -0.3784
vn 0.9270 -0.2930 -0.2340
vn 0.6980 -0.4705 -0.5398
vn 0.7404 -0.2935 0.6047
vn 0.8541 -0.2793 0.4387
vn 0.8764 0.0407 0.4799
vn 0.7582 0.0466 0.6504
vn 0.9601 -0.2316 0.1569
vn 0.9843 0.0282 0.1743
vn 0.8410 0.3533 0.4098
vn 0.7263 0.3786 0.5737
vn 0.9496 0.2835 0.1336
vn 0.9834 -0.1392 -0.1167
vn 0.9660 -0.1826 -0.1829
vn 0.9825 0.0110 -0.1857
vn 0.9585 0.2031 -0.2001
vn 0.8966 0.3780 -0.2307
vn 0.8466 0.5320 -0.0141
vn 0.7295 0.6509 0.2104
vn 0.6172 0.7003 0.3586
vn 0.9772 0.1680 -0.1300
vn 0.9153 0.3072 -0.2606
vn 0.9967 0.0169 -0.0797
vn 0.4273 0.9024 0.0562
vn 0.5468 0.8344 -0.0697
vn 0.3474 0.8757 -0.3354
vn 0.2130 0.9494 -0.2306
vn 0.6960 0.6708 -0.2559
vn 0.5390 0.6919 -0.4803
vn 0.1299 0.8041 -0.5801
vn -0.0225 0.8693 -0.4937
vn 0.3531 0.6461 -0.6767
vn 0.8100 0.4138 -0.4156
vn 0.8126 0.4114 -0.4128
vn 0.6937 0.4139 -0.5894
vn 0.5463 0.3919 -0.7403
vn 0.5443 0.3950 -0.7401
vn 0.6806 0.4464 -0.5810
vn 0.8773 -0.1786 -0.4454
vn 0.7668 -0.1931 -0.6122
vn 0.7760 -0.0136 -0.6306
vn 0.8894 -0.0035 -0.4571
vn 0.6262 -0.1975 -0.7542
vn 0.6298 -0.0229 -0.7764
vn 0.7599 0.1663 -0.6284
vn 0.8707 0.1713 -0.4610
vn 0.6195 0.1527 -0.7700
vn 0.9189 0.3500 0.1821
vn 0.8580 0.3410 0.3841
vn 0.9233 0.0215 0.3835
vn 0.9846 0.0129 0.1744
vn 0.7004 0.2923 0.6512
vn 0.7423 0.0329 0.6693
vn 0.8598 -0.2987 0.4140
vn 0.9214 -0.3248 0.2135
vn 0.7012 -0.2280 0.6755
vn 0.3847 0.3395 0.8584
vn 0.6953 0.6842 0.2198
vn 0.5251 0.1923 0.8290
vn 0.6424 0.6494 0.4069
vn 0.5300 0.5497 0.6457
vn 0.3791 0.4105 0.8293
vn 0.4356 0.2328 0.8695
vn 0.4522 0.0413 0.8909
vn 0.4358 -0.1517 0.8872
vn 0.3790 -0.3334 0.8632
vn 0.5307 -0.4876 0.6933
vn 0.6439 -0.6078 0.4647
vn 0.6974 -0.6591 0.2815
vn 0.5248 -0.1123 0.8438
vn 0.3842 -0.2584 0.8863
vn 0.5714 0.0398 0.8197
vn 0.3477 -0.8768 0.3320
vn 0.3168 -0.8043 0.5028
vn -0.0158 -0.8610 0.5084
vn -0.0105 -0.9405 0.3396
vn 0.2520 -0.6370 0.7285
vn -0.0237 -0.6685 0.7434
vn -0.3488 -0.8043 0.4811
vn -0.3670 -0.8780 0.3073
vn -0.3013 -0.6348 0.7116
vn 0.1900 -0.3772 0.9064
vn 0.1861 -0.3744 0.9084
vn -0.0301 -0.3850 0.9224
vn -0.2504 -0.3734 0.8932
vn -0.4400 -0.3333 0.8338
vn -0.5762 -0.4865 0.6567
vn -0.6735 -0.6074 0.4212
vn -0.7131 -0.6599 0.2369
vn -0.2474 -0.3784 0.8920
vn -0.4395 -0.2584 0.8603
vn -0.0314 -0.4207 0.9066
vn -0.9321 -0.3261 0.1578
vn -0.8851 -0.2998 0.3559
vn -0.9469 0.0191 0.3211
vn -0.9930 0.0106 0.1175
vn -0.7431 -0.2298 0.6285
vn -0.7855 0.0310 0.6181
vn -0.8827 0.3378 0.3267
vn -0.9291 0.3473 0.1271
vn -0.7416 0.2905 0.6046
vn -0.5727 -0.1112 0.8122
vn -0.4944 -0.1541 0.8555
vn -0.5110 0.0401 0.8586
vn -0.4938 0.2329 0.8378
vn -0.4390 0.4086 0.8002
vn -0.5742 0.5463 0.6098
vn -0.6705 0.6463 0.3643
vn -0.7096 0.6823 0.1761
vn -0.5724 0.1886 0.7980
vn -0.4389 0.3375 0.8327
vn -0.6168 0.0382 0.7862
vn -0.3649 0.9028 0.2274
vn -0.3468 0.8451 0.4069
vn -0.0149 0.9030 0.4294
vn -0.0095 0.9671 0.2541
vn -0.2998 0.6968 0.6516
vn -0.0230 0.7323 0.6806
vn 0.3167 0.8464 0.4283
vn 0.3476 0.9033 0.2515
vn 0.2521 0.6999 0.6683
vn -0.2465 0.4576 0.8543
vn -0.2496 0.4526 0.8561
vn -0.0296 0.4660 0.8843
vn 0.1864 0.4545 0.8710
vn 0.1905 0.4577 0.8685
vn -0.0308 0.5005 0.8652
vn -0.2428 -0.1320 0.9611
vn -0.0325 -0.1363 0.9901
vn -0.0329 0.0448 0.9985
vn -0.2509 0.0438 0.9670
vn 0.1725 -0.1297 0.9764
vn 0.1811 0.0443 0.9825
vn -0.0323 0.2244 0.9740
vn -0.2424 0.2183 0.9453
vn 0.1727 0.2171 0.9608
vn -0.7332 0.3811 0.5632
vn -0.8456 0.3560 0.3978
vn -0.8837 0.0412 0.4662
vn -0.7689 0.0458 0.6377
vn -0.9505 0.2872 0.1189
vn -0.9869 0.0307 0.1585
vn -0.8616 -0.2806 0.4230
vn -0.7504 -0.2972 0.5904
vn -0.9631 -0.2302 0.1390
vn -0.9099 0.3126 -0.2727
vn -0.6179 0.7037 0.3507
vn -0.9738 0.1741 -0.1466
vn -0.7290 0.6545 0.2005
vn -0.8436 0.5364 -0.0262
vn -0.8911 0.3834 -0.2430
vn -0.9543 0.2082 -0.2145
vn -0.9793 0.0154 -0.2016
vn -0.9634 -0.1789 -0.1995
vn -0.9084 -0.3590 -0.2142
vn -0.8681 -0.4963 0.0140
vn -0.7591 -0.6012 0.2495
vn -0.6503 -0.6436 0.4037
vn -0.9813 -0.1370 -0.1351
vn -0.9241 -0.2891 -0.2499
vn -0.9951 0.0209 -0.0969
vn -0.4640 -0.8773 0.1229
vn -0.5797 -0.8147 -0.0096
vn -0.3825 -0.8855 -0.2638
vn -0.2522 -0.9556 -0.1521
vn -0.7207 -0.6607 -0.2100
vn -0.5655 -0.7068 -0.4251
vn -0.1665 -0.8446 -0.5088
vn -0.0174 -0.9096 -0.4152
vn -0.3810 -0.6850 -0.6210
vn -0.8218 -0.4139 -0.3916
vn -0.8250 -0.4106 -0.3883
vn -0.7078 -0.4327 -0.5584
vn -0.5607 -0.4295 -0.7079
vn -0.4019 -0.3959 -0.8257
vn -0.1797 -0.5468 -0.8178
vn 0.0669 -0.6624 -0.7462
vn 0.2388 -0.7090 -0.6636
vn -0.5613 -0.4339 -0.7048
vn -0.4296 -0.3264 -0.8420
vn -0.6954 -0.4650 -0.5478
vn 0.4269 -0.3850 -0.8182
vn 0.2394 -0.3633 -0.9004
vn 0.2980 -0.0463 -0.9534
vn 0.4918 -0.0478 -0.8694
vn -0.0600 -0.2977 -0.9528
vn -0.0293 -0.0400 -0.9988
vn 0.2547 0.2767 -0.9266
vn 0.4434 0.2957 -0.8462
vn -0.0478 0.2219 -0.9739
vn -0.3150 -0.1867 -0.9305
vn -0.3884 -0.2210 -0.8946
vn -0.3826 -0.0281 -0.9235
vn -0.3793 0.1666 -0.9102
vn -0.3846 0.3471 -0.8553
vn -0.1555 0.4872 -0.8593
vn 0.0966 0.5962 -0.7970
vn 0.2709 0.6410 -0.7182
vn -0.3079 0.1251 -0.9432
vn -0.4157 0.2773 -0.8662
vn -0.2696 -0.0328 -0.9624
vn 0.0244 0.8736 -0.4860
vn -0.1278 0.8085 -0.5744
vn -0.3414 0.8788 -0.3334
vn -0.2076 0.9514 -0.2273
vn -0.3499 0.6507 -0.6739
vn -0.5328 0.6967 -0.4804
vn -0.5412 0.8376 -0.0742
vn -0.4224 0.9048 0.0531
vn -0.6896 0.6751 -0.2622
vn -0.5419 0.4022 -0.7380
vn -0.5414 0.3978 -0.7407
vn -0.6879 0.4199 -0.5920
vn -0.8058 0.4169 -0.4206
vn -0.8024 0.4198 -0.4241
vn -0.6741 0.4523 -0.5839
vn -0.6231 -0.1910 -0.7585
vn -0.7632 -0.1867 -0.6186
vn -0.7716 -0.0071 -0.6361
vn -0.6259 -0.0163 -0.7797
vn -0.8724 -0.1732 -0.4571
vn -0.8836 0.0023 -0.4682
vn -0.7549 0.1727 -0.6327
vn -0.6149 0.1592 -0.7724
vn -0.8643 0.1773 -0.4708
vn 0.2414 0.3049 -0.9213
vn 0.4376 0.2937 -0.8498
vn 0.4313 -0.0334 -0.9016
vn 0.2303 -0.0413 -0.9722
vn 0.6964 0.2472 -0.6737
vn 0.7094 -0.0179 -0.7046
vn 0.4509 -0.3529 -0.8199
vn 0.2555 -0.3793 -0.8893
vn 0.7072 -0.2788 -0.6497
vn 0.8859 0.3010 -0.3530
vn 0.2732 0.6518 -0.7075
vn 0.8632 0.1474 -0.4829
vn 0.4561 0.6137 -0.6445
vn 0.6866 0.5121 -0.5161
vn 0.8566 0.3756 -0.3538
vn 0.8963 0.1954 -0.3980
vn 0.9145 0.0007 -0.4046
vn 0.9044 -0.1929 -0.3806
vn 0.8722 -0.3695 -0.3207
vn 0.7082 -0.5273 -0.4694
vn 0.4823 -0.6499 -0.5873
vn 0.3013 -0.7014 -0.6460
vn 0.8692 -0.1556 -0.4694
vn 0.8980 -0.2948 -0.3265
vn 0.8527 -0.0067 -0.5224
vn 0.3271 -0.8999 -0.2884
vn 0.4985 -0.8288 -0.2543
vn 0.4881 -0.8698 0.0718
vn 0.3186 -0.9458 0.0625
vn 0.7253 -0.6620 -0.1889
vn 0.7262 -0.6827 0.0809
vn 0.4597 -0.7993 0.3869
vn 0.2889 -0.8691 0.4016
vn 0.6913 -0.6376 0.3400
vn 0.9046 -0.4066 -0.1280
vn 0.9069 -0.4013 -0.1288
vn 0.9113 -0.4034 0.0821
vn 0.8792 -0.3831 0.2833
vn 0.8244 -0.3339 0.4570
vn 0.6490 -0.4771 0.5926
vn 0.4206 -0.5898 0.6894
vn 0.2441 -0.6408 0.7279
vn 0.8856 -0.3843 0.2609
vn 0.8701 -0.2643 0.4160
vn 0.8966 -0.4355 0.0798
vn 0.1972 -0.3003 0.9332
vn 0.3825 -0.2753 0.8820
vn 0.3644 0.0437 0.9302
vn 0.1745 0.0412 0.9838
vn 0.6365 -0.2149 0.7407
vn 0.6373 0.0440 0.7693
vn 0.3698 0.3600 0.8565
vn 0.1833 0.3803 0.9065
vn 0.6262 0.3004 0.7195
vn 0.8401 -0.1159 0.5300
vn 0.8521 -0.1542 0.5002
vn 0.8609 0.0390 0.5073
vn 0.8442 0.2308 0.4838
vn 0.8091 0.4056 0.4253
vn 0.6279 0.5515 0.5492
vn 0.3949 0.6618 0.6373
vn 0.2162 0.7080 0.6723
vn 0.8343 0.1924 0.5167
vn 0.8583 0.3332 0.3902
vn 0.8242 0.0394 0.5649
vn 0.2512 0.9116 0.3253
vn 0.4250 0.8481 0.3163
vn 0.4506 0.8927 -0.0050
vn 0.2780 0.9604 -0.0206
vn 0.6631 0.6930 0.2828
vn 0.6964 0.7174 0.0199
vn 0.4636 0.8233 -0.3275
vn 0.2894 0.8838 -0.3675
vn 0.6970 0.6728 -0.2480
vn 0.8683 0.4419 0.2254
vn 0.8617 0.4428 0.2478
vn 0.8932 0.4475 0.0450
vn 0.8893 0.4263 -0.1654
vn 0.8870 0.4312 -0.1650
vn 0.8772 0.4785 0.0399
vn 0.9534 -0.1439 0.2653
vn 0.9847 -0.1565 0.0767
vn 0.9973 0.0243 0.0699
vn 0.9637 0.0318 0.2651
vn 0.9794 -0.1598 -0.1231
vn 0.9903 0.0148 -0.1378
vn 0.9770 0.2044 0.0610
vn 0.9460 0.2062 0.2502
vn 0.9721 0.1895 -0.1386
vn 0.1906 0.2065 0.9597
vn 0.1805 0.5246 0.8320
vn -0.1805 0.5246 0.8320
vn -0.1906 0.2065 0.9597
vn 0.9668 -0.2084 -0.1477
vn 0.9680 0.1472 -0.2031
vn 0.9617 0.2393 0.1336
vn 0.9740 -0.1087 0.1988
vn 0.1819 0.9469 -0.2653
vn -0.1734 0.9825 0.0685
vn -0.0000 -0.0000 1.0000
vn -0.9740 -0.1087 0.1988
vn -0.9617 0.2393 0.1336
vn -0.9680 0.1472 -0.2031
vn -0.9668 -0.2084 -0.1477
vn -0.1791 -0.3445 -0.9216
vn -0.1797 0.0088 -0.9837
vn 0.1797 0.0088 -0.9837
vn 0.1791 -0.3445 -0.9216
vn -0.1897 -0.9211 0.3400
vn -0.2012 -0.4720 0.8583
vn -0.6124 -0.3810 0.6927
vn -0.7201 -0.6329 0.2845
vn -0.7203 0.0995 0.6865
vn -0.1658 0.8641 0.4752
vn -0.5673 0.7216 0.3968
vn -0.6881 0.4173 0.5937
vn -0.2336 0.9679 0.0923
vn -0.6912 0.7198 0.0640
vn -0.1801 -0.9834 -0.0225
vn -0.6957 -0.7160 -0.0582
vn -0.5759 -0.6662 -0.4738
vn -0.1714 -0.8028 -0.5710
vn -0.6954 -0.2908 -0.6571
vn -0.1819 0.9469 -0.2652
vn -0.1738 0.5708 -0.8025
vn -0.5789 0.4726 -0.6645
vn -0.6935 0.6749 -0.2522
vn -0.6976 0.0495 -0.7147
vn 0.1897 -0.9211 0.3400
vn 0.7201 -0.6329 0.2845
vn 0.6125 -0.3810 0.6927
vn 0.2012 -0.4720 0.8583
vn 0.7203 0.0995 0.6864
vn 0.1734 0.9825 0.0686
vn 0.1658 0.8641 0.4752
vn 0.5673 0.7216 0.3968
vn 0.6912 0.7198 0.0640
vn 0.6881 0.4173 0.5937
vn 0.1801 -0.9834 -0.0225
vn 0.1714 -0.8028 -0.5710
vn 0.5759 -0.6662 -0.4738
vn 0.6957 -0.7160 -0.0582
vn 0.6954 -0.2908 -0.6571
vn 0.2424 0.9035 -0.3535
vn 0.6935 0.6749 -0.2522
vn 0.5789 0.4726 -0.6645
vn 0.1738 0.5708 -0.8025
vn 0.6977 0.0495 -0.7147
vn -0.0317 -0.0044 -0.9995
vn -0.0268 0.0546 -0.9981
vn -0.0065 0.1159 -0.9932
vn -0.0087 0.0476 -0.9988
vn -0.0174 0.1599 -0.9870
vn -0.0006 0.2334 -0.9724
vn 0.0412 0.2091 -0.9770
vn 0.0446 0.1354 -0.9898
vn 0.0366 0.3185 -0.9472
vn -0.0000 -0.0591 -0.9983
vn -0.0000 -0.0272 -0.9996
vn -0.0331 -0.0418 -0.9986
vn -0.0000 0.0260 -0.9997
vn -0.0000 0.1239 -0.9923
vn -0.0000 0.3096 -0.9509
vn -0.0012 0.3493 -0.9370
vn 0.0134 0.4281 -0.9036
vn 0.0409 0.5044 -0.8625
vn 0.0770 0.5591 -0.8255
vn 0.1058 0.4768 -0.8726
vn 0.1266 0.3819 -0.9155
vn 0.1437 0.3082 -0.9404
vn 0.0509 0.0788 -0.9956
vn 0.1619 0.2458 -0.9557
vn -0.0074 0.0001 -1.0000
vn 0.2715 0.5791 -0.7687
vn 0.2282 0.6307 -0.7417
vn 0.2947 0.8723 -0.3901
vn 0.3574 0.8548 -0.3763
vn 0.1756 0.6910 -0.7012
vn 0.2176 0.8883 -0.4044
vn 0.2556 0.9638 0.0755
vn 0.3048 0.9405 0.1500
vn 0.1953 0.9805 -0.0203
vn 0.3150 0.5283 -0.7884
vn 0.1174 0.7390 -0.6634
vn 0.1377 0.8989 -0.4159
vn 0.1300 0.9859 -0.1052
vn 0.0891 0.9756 0.2009
vn 0.1237 0.9381 0.3235
vn 0.1481 0.8799 0.4515
vn 0.1670 0.8248 0.5402
vn 0.3527 0.9108 0.2148
vn 0.1857 0.7743 0.6049
vn 0.4234 0.8311 -0.3606
vn 0.2042 -0.7893 -0.5791
vn 0.4067 -0.7777 -0.4793
vn 0.5515 -0.7987 0.2407
vn 0.2904 -0.9168 0.2741
vn 0.5500 -0.7650 -0.3352
vn 0.6631 -0.7149 0.2220
vn 0.4073 -0.3790 0.8310
vn 0.2057 -0.3380 0.9184
vn 0.5469 -0.4401 0.7122
vn -0.0000 -0.5464 -0.8375
vn 0.0729 -0.5634 -0.8230
vn -0.0000 -0.7815 -0.6239
vn 0.2069 -0.6111 -0.7640
vn 0.3681 -0.6711 -0.6436
vn 0.5032 -0.6962 -0.5120
vn 0.6437 -0.7405 -0.1930
vn 0.7095 -0.6692 0.2207
vn 0.6361 -0.4893 0.5966
vn 0.4928 -0.2763 0.8251
vn 0.3633 -0.1905 0.9120
vn 0.2057 -0.0803 0.9753
vn 0.0726 -0.0107 0.9973
vn -0.0000 -0.3076 0.9515
vn -0.0000 0.0110 0.9999
vn -0.0000 -0.9581 0.2864
vn 0.6876 -0.7041 -0.1775
vn 0.6974 -0.6712 -0.2513
vn 0.7763 -0.5909 0.2196
vn 0.7412 -0.6331 0.2234
vn 0.7128 -0.6179 -0.3317
vn 0.8242 -0.5285 0.2034
vn 0.6756 -0.3846 0.6290
vn 0.6735 -0.4590 0.5794
vn 0.6853 -0.2955 0.6656
vn 0.4876 -0.6611 -0.5702
vn 0.4635 -0.6129 -0.6400
vn 0.4413 -0.5525 -0.7071
vn 0.4245 -0.4734 -0.7719
vn 0.7370 -0.5280 -0.4219
vn 0.8902 -0.4243 0.1655
vn 0.7094 -0.1785 0.6818
vn 0.4065 0.0440 0.9126
vn 0.4205 -0.0497 0.9059
vn 0.4442 -0.1332 0.8860
vn 0.4726 -0.2122 0.8554
vn 0.0352 -0.4696 -0.8822
vn 0.0260 -0.4204 -0.9070
vn 0.0896 -0.4432 -0.8920
vn 0.1161 -0.5017 -0.8572
vn 0.0233 -0.3814 -0.9241
vn 0.0796 -0.3992 -0.9134
vn 0.2250 -0.5051 -0.8332
vn 0.2562 -0.5640 -0.7850
vn 0.2047 -0.4522 -0.8681
vn -0.0000 -0.4616 -0.8871
vn -0.0000 -0.4158 -0.9094
vn -0.0000 -0.3785 -0.9256
vn -0.0000 -0.3378 -0.9412
vn 0.0214 -0.3395 -0.9403
vn 0.0730 -0.3530 -0.9328
vn 0.1896 -0.3935 -0.8996
vn 0.6772 -0.0423 -0.7346
vn 0.5975 0.1613 -0.7854
vn 0.8630 0.4672 -0.1922
vn 0.9734 0.2107 -0.0903
vn 0.4350 0.3980 -0.8077
vn 0.6226 0.7218 -0.3022
vn 0.6368 0.5847 0.5026
vn 0.7003 0.3709 0.6099
vn 0.4783 0.8094 0.3407
vn 0.3337 -0.2128 -0.9183
vn 0.3157 -0.1618 -0.9350
vn 0.7056 -0.1411 -0.6944
vn 0.2806 -0.0412 -0.9590
vn 0.2125 0.1321 -0.9682
vn 0.2360 0.6759 0.6982
vn 0.2986 0.5061 0.8092
vn 0.3254 0.3807 0.8656
vn 0.7164 0.2627 0.6463
vn 0.3390 0.3263 0.8824
vn 0.9971 0.0690 -0.0335
vn -0.0030 -0.1990 -0.9800
vn -0.0129 -0.1570 -0.9875
vn 0.0241 -0.1515 -0.9882
vn 0.0363 -0.2023 -0.9786
vn -0.0264 -0.0916 -0.9954
vn 0.0049 -0.0671 -0.9977
vn 0.1057 -0.1252 -0.9865
vn 0.1236 -0.1966 -0.9727
vn 0.0740 -0.0092 -0.9972
vn -0.0000 -0.2108 -0.9775
vn -0.0000 -0.1974 -0.9803
vn 0.0020 -0.2136 -0.9769
vn -0.0000 -0.1606 -0.9870
vn -0.0000 -0.1030 -0.9947
vn 0.1332 -0.2234 -0.9656
vn 0.0424 -0.2198 -0.9746
vn 0.1266 0.3705 0.9202
vn 0.1107 0.4424 0.8899
vn 0.0251 0.4188 0.9078
vn 0.0371 0.3686 0.9289
vn 0.0806 0.5556 0.8275
vn 0.0058 0.5004 0.8658
vn -0.0132 0.4132 0.9105
vn -0.0030 0.3722 0.9282
vn -0.0272 0.4760 0.8790
vn 0.1352 0.3432 0.9295
vn 0.0579 0.6363 0.7693
vn -0.0067 0.5630 0.8265
vn -0.0344 0.5229 0.8517
vn -0.0000 0.5068 0.8621
vn -0.0000 0.4652 0.8852
vn -0.0000 0.4097 0.9122
vn -0.0000 0.3737 0.9275
vn 0.0020 0.3577 0.9338
vn -0.0000 0.3605 0.9327
vn 0.0431 0.3512 0.9353
vn 0.2499 -0.0252 0.9679
vn 0.2176 0.0482 0.9748
vn 0.0873 0.1266 0.9881
vn 0.1139 0.0612 0.9916
vn 0.1976 0.1079 0.9743
vn 0.0776 0.1722 0.9820
vn 0.0254 0.1522 0.9880
vn 0.0346 0.0996 0.9944
vn 0.0228 0.1917 0.9812
vn 0.1842 0.1698 0.9681
vn 0.0716 0.2186 0.9732
vn 0.0210 0.2332 0.9722
vn -0.0000 0.2350 0.9720
vn -0.0000 0.1948 0.9808
vn -0.0000 0.1570 0.9876
vn -0.0000 0.1084 0.9941
vn 0.0614 0.7263 -0.6846
vn 0.0338 0.6795 -0.7329
vn 0.0462 0.9055 -0.4218
vn 0.0770 0.9036 -0.4214
vn 0.0198 0.6283 -0.7777
vn 0.0323 0.9072 -0.4194
vn 0.0375 0.9993 -0.0001
vn 0.0676 0.9944 -0.0818
vn 0.0220 0.9961 0.0849
vn -0.0000 0.6037 -0.7972
vn -0.0000 0.9088 -0.4172
vn -0.0000 0.9922 0.1247
vn -0.0000 0.8431 0.5378
vn -0.0011 0.8715 0.4905
vn 0.0161 0.9206 0.3902
vn 0.0479 0.9575 0.2845
vn 0.0520 0.6878 0.7240
vn 0.0488 0.7541 0.6550
vn -0.0059 0.6721 0.7404
vn -0.0081 0.6076 0.7942
vn 0.0438 0.8439 0.5348
vn 0.0005 0.7777 0.6286
vn -0.0286 0.6155 0.7876
vn -0.0333 0.5587 0.8287
vn -0.0190 0.7147 0.6992
vn -0.0000 0.6823 0.7311
vn -0.0000 0.5889 0.8082
vn -0.0000 0.5374 0.8433
vn 0.1720 0.2322 0.9573
vn 0.1590 0.2836 0.9457
vn 0.0578 0.3061 0.9502
vn 0.0653 0.2660 0.9617
vn 0.1460 0.3205 0.9359
vn 0.0497 0.3352 0.9408
vn 0.0131 0.3146 0.9491
vn 0.0180 0.2766 0.9608
vn 0.0071 0.3428 0.9394
vn 0.3934 0.1416 0.9084
vn 0.3762 0.2233 0.8992
vn 0.3566 0.2840 0.8900
vn -0.0000 0.3446 0.9387
vn -0.0000 0.3157 0.9489
vn -0.0000 0.2776 0.9607
vn 0.0181 -0.2955 -0.9552
vn 0.0130 -0.2571 -0.9663
vn 0.0576 -0.2649 -0.9626
vn 0.0658 -0.3052 -0.9500
vn 0.0070 -0.2287 -0.9735
vn 0.0492 -0.2358 -0.9706
vn 0.1594 -0.2816 -0.9462
vn 0.1747 -0.3322 -0.9269
vn 0.1448 -0.2454 -0.9586
vn -0.0000 -0.2946 -0.9556
vn -0.0000 -0.2560 -0.9667
vn -0.0000 -0.2268 -0.9739
vn 0.3551 -0.2515 -0.9004
vn 0.3803 -0.3077 -0.8722
vn 0.4048 -0.3840 -0.8299
vn 0.7524 -0.4118 -0.5141
vn 0.7476 -0.3011 -0.5920
vn 0.9871 -0.1503 0.0557
vn 0.9513 -0.2875 0.1113
vn 0.7287 -0.2113 -0.6514
vn 0.9995 -0.0313 0.0072
vn 0.7376 0.0813 0.6704
vn 0.7315 -0.0433 0.6805
vn 0.7299 0.1828 0.6587
vn 0.0317 -0.0044 -0.9995
vn 0.0087 0.0476 -0.9988
vn 0.0065 0.1159 -0.9932
vn 0.0268 0.0546 -0.9981
vn 0.0006 0.2334 -0.9724
vn 0.0174 0.1600 -0.9870
vn -0.0446 0.1354 -0.9898
vn -0.0412 0.2091 -0.9770
vn -0.0366 0.3185 -0.9472
vn 0.0331 -0.0418 -0.9986
vn 0.0012 0.3493 -0.9370
vn -0.0134 0.4281 -0.9036
vn -0.0409 0.5044 -0.8625
vn -0.1058 0.4768 -0.8726
vn -0.0770 0.5591 -0.8255
vn -0.1266 0.3818 -0.9155
vn -0.1437 0.3082 -0.9404
vn -0.0509 0.0788 -0.9956
vn -0.1619 0.2458 -0.9557
vn 0.0074 0.0001 -1.0000
vn -0.2715 0.5791 -0.7687
vn -0.3574 0.8548 -0.3763
vn -0.2947 0.8723 -0.3901
vn -0.2282 0.6307 -0.7417
vn -0.2176 0.8883 -0.4045
vn -0.1756 0.6910 -0.7012
vn -0.3048 0.9405 0.1500
vn -0.2556 0.9638 0.0755
vn -0.1953 0.9805 -0.0202
vn -0.3150 0.5283 -0.7884
vn -0.1174 0.7390 -0.6634
vn -0.1377 0.8989 -0.4159
vn -0.1300 0.9859 -0.1052
vn -0.1237 0.9381 0.3235
vn -0.0889 0.9755 0.2011
vn -0.1481 0.8799 0.4515
vn -0.1670 0.8248 0.5401
vn -0.3527 0.9107 0.2148
vn -0.1857 0.7743 0.6049
vn -0.4234 0.8311 -0.3606
vn -0.2042 -0.7893 -0.5791
vn -0.2904 -0.9168 0.2741
vn -0.5515 -0.7987 0.2407
vn -0.4067 -0.7777 -0.4793
vn -0.6631 -0.7149 0.2220
vn -0.5500 -0.7649 -0.3352
vn -0.2057 -0.3380 0.9184
vn -0.4073 -0.3790 0.8310
vn -0.5469 -0.4401 0.7122
vn -0.0728 -0.5634 -0.8230
vn -0.2069 -0.6111 -0.7640
vn -0.3681 -0.6710 -0.6436
vn -0.6437 -0.7405 -0.1930
vn -0.5032 -0.6962 -0.5120
vn -0.7095 -0.6692 0.2207
vn -0.6361 -0.4893 0.5966
vn -0.3633 -0.1906 0.9120
vn -0.4928 -0.2763 0.8251
vn -0.2057 -0.0803 0.9753
vn -0.0726 -0.0107 0.9973
vn -0.6876 -0.7041 -0.1775
vn -0.7412 -0.6331 0.2234
vn -0.7763 -0.5909 0.2196
vn -0.6974 -0.6712 -0.2513
vn -0.8242 -0.5285 0.2035
vn -0.7128 -0.6179 -0.3318
vn -0.6735 -0.4590 0.5795
vn -0.6756 -0.3846 0.6290
vn -0.6853 -0.2955 0.6656
vn -0.4876 -0.6611 -0.5702
vn -0.4635 -0.6129 -0.6400
vn -0.4413 -0.5525 -0.7071
vn -0.7370 -0.5280 -0.4219
vn -0.4245 -0.4733 -0.7719
vn -0.8902 -0.4243 0.1655
vn -0.7094 -0.1785 0.6818
vn -0.4205 -0.0497 0.9059
vn -0.4065 0.0440 0.9126
vn -0.4442 -0.1332 0.8860
vn -0.4726 -0.2122 0.8554
vn -0.0352 -0.4696 -0.8822
vn -0.1161 -0.5017 -0.8572
vn -0.0896 -0.4432 -0.8920
vn -0.0260 -0.4204 -0.9070
vn -0.0796 -0.3992 -0.9134
vn -0.0233 -0.3814 -0.9241
vn -0.2563 -0.5640 -0.7850
vn -0.2250 -0.5051 -0.8332
vn -0.2047 -0.4522 -0.8681
vn -0.0214 -0.3395 -0.9403
vn -0.0730 -0.3530 -0.9328
vn -0.1896 -0.3935 -0.8996
vn -0.6772 -0.0423 -0.7345
vn -0.9734 0.2108 -0.0903
vn -0.8630 0.4673 -0.1922
vn -0.5975 0.1613 -0.7854
vn -0.6226 0.7218 -0.3022
vn -0.4351 0.3979 -0.8077
vn -0.7003 0.3709 0.6099
vn -0.6367 0.5847 0.5026
vn -0.4783 0.8094 0.3407
vn -0.3337 -0.2128 -0.9183
vn -0.7056 -0.1411 -0.6944
vn -0.3157 -0.1618 -0.9350
vn -0.2806 -0.0412 -0.9589
vn -0.2125 0.1320 -0.9682
vn -0.2360 0.6758 0.6983
vn -0.2986 0.5061 0.8092
vn -0.3254 0.3807 0.8656
vn -0.7165 0.2627 0.6463
vn -0.3390 0.3262 0.8824
vn -0.9971 0.0689 -0.0335
vn 0.0030 -0.1990 -0.9800
vn -0.0363 -0.2023 -0.9786
vn -0.0241 -0.1515 -0.9882
vn 0.0129 -0.1570 -0.9875
vn -0.0049 -0.0671 -0.9977
vn 0.0264 -0.0916 -0.9954
vn -0.1236 -0.1966 -0.9727
vn -0.1057 -0.1252 -0.9865
vn -0.0740 -0.0092 -0.9972
vn -0.0020 -0.2136 -0.9769
vn -0.1332 -0.2234 -0.9656
vn -0.0424 -0.2198 -0.9746
vn -0.1266 0.3705 0.9202
vn -0.0371 0.3686 0.9289
vn -0.0251 0.4188 0.9078
vn -0.1107 0.4424 0.8900
vn -0.0058 0.5004 0.8658
vn -0.0806 0.5556 0.8275
vn 0.0030 0.3722 0.9282
vn 0.0132 0.4132 0.9105
vn 0.0272 0.4760 0.8790
vn -0.1352 0.3432 0.9295
vn -0.0579 0.6363 0.7693
vn 0.0067 0.5630 0.8265
vn 0.0344 0.5229 0.8517
vn -0.0020 0.3577 0.9338
vn -0.0431 0.3512 0.9353
vn -0.2500 -0.0252 0.9679
vn -0.1139 0.0612 0.9916
vn -0.0873 0.1266 0.9881
vn -0.2176 0.0482 0.9748
vn -0.0776 0.1722 0.9820
vn -0.1976 0.1079 0.9743
vn -0.0346 0.0996 0.9944
vn -0.0254 0.1522 0.9880
vn -0.0228 0.1917 0.9812
vn -0.1842 0.1698 0.9681
vn -0.0716 0.2186 0.9732
vn -0.0210 0.2332 0.9722
vn -0.0614 0.7263 -0.6846
vn -0.0770 0.9036 -0.4214
vn -0.0462 0.9055 -0.4218
vn -0.0338 0.6795 -0.7329
vn -0.0323 0.9072 -0.4194
vn -0.0198 0.6283 -0.7777
vn -0.0676 0.9944 -0.0818
vn -0.0375 0.9993 -0.0001
vn -0.0220 0.9961 0.0849
vn 0.0011 0.8715 0.4905
vn -0.0161 0.9206 0.3902
vn -0.0479 0.9575 0.2844
vn -0.0520 0.6878 0.7240
vn 0.0081 0.6076 0.7942
vn 0.0059 0.6721 0.7404
vn -0.0488 0.7541 0.6550
vn -0.0005 0.7777 0.6286
vn -0.0438 0.8438 0.5348
vn 0.0333 0.5587 0.8287
vn 0.0286 0.6155 0.7876
vn 0.0190 0.7147 0.6992
vn -0.1720 0.2322 0.9573
vn -0.0653 0.2660 0.9617
vn -0.0578 0.3061 0.9502
vn -0.1590 0.2836 0.9457
vn -0.0497 0.3352 0.9408
vn -0.1460 0.3205 0.9359
vn -0.0180 0.2766 0.9608
vn -0.0131 0.3146 0.9491
vn -0.0071 0.3428 0.9394
vn -0.3934 0.1416 0.9084
vn -0.3762 0.2233 0.8992
vn -0.3566 0.2840 0.8900
vn -0.0181 -0.2955 -0.9552
vn -0.0658 -0.3052 -0.9500
vn -0.0576 -0.2649 -0.9626
vn -0.0130 -0.2571 -0.9663
vn -0.0492 -0.2358 -0.9706
vn -0.0070 -0.2287 -0.9735
vn -0.1747 -0.3322 -0.9269
vn -0.1594 -0.2816 -0.9462
vn -0.1448 -0.2454 -0.9586
vn -0.3551 -0.2515 -0.9004
vn -0.3803 -0.3077 -0.8722
vn -0.4048 -0.3840 -0.8299
vn -0.7524 -0.4118 -0.5141
vn -0.9513 -0.2875 0.1113
vn -0.9871 -0.1503 0.0557
vn -0.7476 -0.3011 -0.5920
vn -0.9995 -0.0313 0.0072
vn -0.7287 -0.2113 -0.6514
vn -0.7315 -0.0433 0.6805
vn -0.7376 0.0813 0.6704
vn -0.7299 0.1828 0.6587
vn -0.7785 0.6203 -0.0960
vn -0.9382 0.3097 -0.1547
vn -0.9876 0.0106 -0.1564
vn -0.9487 -0.2878 -0.1308
vn -0.8011 -0.5965 -0.0495
vn -0.0373 0.6394 0.7680
vn -0.1696 0.8414 0.5131
vn -0.3407 0.8998 0.2724
vn -0.5503 0.8323 0.0669
vn -0.0626 -0.5819 0.8109
vn -0.0057 -0.2695 0.9630
vn 0.0100 0.0330 0.9994
vn 0.0077 0.3338 0.9426
vn -0.5815 -0.8035 0.1274
vn -0.3745 -0.8640 0.3366
vn -0.2017 -0.7950 0.5721
vn 0.5763 0.5878 -0.5677
vn 0.7272 0.2708 -0.6308
vn 0.7623 -0.0337 -0.6464
vn 0.7190 -0.3326 -0.6103
vn 0.5655 -0.6358 -0.5253
vn -0.5705 0.5908 -0.5705
vn -0.2927 0.8030 -0.5191
vn 0.0026 0.8638 -0.5038
vn 0.2986 0.7995 -0.5213
vn -0.5707 -0.6296 -0.5273
vn -0.7279 -0.3261 -0.6032
vn -0.7642 -0.0267 -0.6445
vn -0.7300 0.2780 -0.6243
vn 0.2900 -0.8377 -0.4627
vn -0.0043 -0.8980 -0.4399
vn -0.2972 -0.8367 -0.4601
vn 0.0437 0.6473 0.7610
vn -0.0048 0.3408 0.9401
vn -0.0054 0.0354 0.9994
vn 0.0093 -0.2716 0.9624
vn 0.0697 -0.5853 0.8078
vn 0.7660 0.6269 -0.1426
vn 0.5511 0.8334 0.0418
vn 0.3531 0.8983 0.2615
vn 0.1793 0.8454 0.5031
vn 0.7889 -0.6073 -0.0936
vn 0.9352 -0.2979 -0.1914
vn 0.9748 0.0087 -0.2229
vn 0.9240 0.3156 -0.2160
vn 0.2112 -0.7961 0.5672
vn 0.3863 -0.8611 0.3307
vn 0.5818 -0.8064 0.1064
vn -0.5189 0.6200 -0.5884
vn -0.5745 0.3071 -0.7587
vn -0.6039 -0.0050 -0.7970
vn -0.5900 -0.3152 -0.7433
vn -0.5494 -0.6211 -0.5590
vn -0.5060 0.6493 0.5677
vn -0.4612 0.8416 0.2812
vn -0.4524 0.8918 -0.0113
vn -0.4727 0.8271 -0.3040
vn -0.5338 -0.5898 0.6060
vn -0.5772 -0.2713 0.7702
vn -0.5957 0.0433 0.8020
vn -0.5639 0.3503 0.7479
vn -0.5124 -0.8169 -0.2647
vn -0.4947 -0.8684 0.0329
vn -0.4999 -0.8026 0.3254
vn 0.7639 0.6395 0.0863
vn 0.9196 0.3377 0.2006
vn 0.9727 0.0279 0.2305
vn 0.9312 -0.2844 0.2278
vn 0.7874 -0.6000 0.1413
vn 0.0268 0.5859 -0.8100
vn 0.1755 0.8014 -0.5719
vn 0.3516 0.8727 -0.3388
vn 0.5472 0.8289 -0.1163
vn 0.0518 -0.6556 -0.7533
vn -0.0279 -0.3570 -0.9337
vn -0.0449 -0.0484 -0.9978
vn -0.0413 0.2667 -0.9629
vn 0.5784 -0.8146 -0.0426
vn 0.3850 -0.8856 -0.2599
vn 0.2070 -0.8422 -0.4979
vn -0.5880 0.6447 0.4885
vn -0.7592 0.3353 0.5578
vn -0.8009 0.0225 0.5984
vn -0.7558 -0.2901 0.5871
vn -0.5848 -0.6001 0.5458
vn 0.5552 0.6475 0.5220
vn 0.2731 0.8442 0.4612
vn -0.0164 0.9011 0.4333
vn -0.3055 0.8446 0.4396
vn 0.5512 -0.6011 0.5787
vn 0.7190 -0.2898 0.6318
vn 0.7669 0.0241 0.6413
vn 0.7224 0.3380 0.6032
vn -0.3048 -0.8017 0.5142
vn -0.0172 -0.8586 0.5123
vn 0.2709 -0.8002 0.5351
vn -0.0144 0.5943 -0.8041
vn 0.0563 0.2743 -0.9600
vn 0.0638 -0.0432 -0.9970
vn 0.0399 -0.3543 -0.9343
vn -0.0451 -0.6548 -0.7545
vn -0.7564 0.6485 0.0862
vn -0.5409 0.8328 -0.1179
vn -0.3458 0.8754 -0.3377
vn -0.1681 0.8061 -0.5673
vn -0.7862 -0.6025 0.1371
vn -0.9316 -0.2836 0.2275
vn -0.9708 0.0337 0.2377
vn -0.9162 0.3464 0.2014
vn -0.2067 -0.8395 -0.5026
vn -0.3869 -0.8823 -0.2682
vn -0.5796 -0.8132 -0.0522
vn 0.4721 0.6678 0.5755
vn 0.5243 0.3671 0.7683
vn 0.5506 0.0514 0.8332
vn 0.5375 -0.2710 0.7985
vn 0.4982 -0.5921 0.6334
vn 0.5209 0.6156 -0.5913
vn 0.4834 0.8218 -0.3018
vn 0.4563 0.8898 -0.0063
vn 0.4449 0.8492 0.2845
vn 0.5468 -0.6393 -0.5406
vn 0.5827 -0.3343 -0.7408
vn 0.5931 -0.0176 -0.8049
vn 0.5698 0.3007 -0.7648
vn 0.4798 -0.8011 0.3579
vn 0.4937 -0.8668 0.0702
vn 0.5181 -0.8233 -0.2318
vn 0.5018 -0.8329 -0.2336
vn 0.5511 -0.8229 -0.1382
vn 0.4392 -0.8927 -0.1009
vn 0.3996 -0.8995 -0.1766
vn 0.3347 -0.9400 -0.0668
vn 0.3038 -0.9447 -0.1239
vn 0.2465 -0.9684 -0.0388
vn 0.2231 -0.9715 -0.0802
vn 0.1783 -0.9838 -0.0176
vn 0.1619 -0.9857 -0.0476
vn 0.1279 -0.9918 -0.0027
vn 0.1181 -0.9927 -0.0247
vn 0.0903 -0.9959 0.0075
vn 0.0860 -0.9963 -0.0086
vn 0.5777 -0.8148 -0.0492
vn 0.4604 -0.8872 -0.0301
vn 0.3514 -0.9361 -0.0131
vn 0.2596 -0.9657 0.0006
vn 0.1874 -0.9822 0.0109
vn 0.1331 -0.9909 0.0181
vn 0.0928 -0.9954 0.0229
vn 0.5866 -0.8091 0.0360
vn 0.4673 -0.8833 0.0376
vn 0.3568 -0.9334 0.0384
vn 0.2638 -0.9638 0.0388
vn 0.1904 -0.9809 0.0388
vn 0.1349 -0.9901 0.0387
vn 0.0937 -0.9949 0.0386
vn 0.5794 -0.8060 0.1209
vn 0.4612 -0.8810 0.1050
vn 0.3518 -0.9317 0.0898
vn 0.2598 -0.9626 0.0768
vn 0.1877 -0.9800 0.0666
vn 0.1334 -0.9893 0.0593
vn 0.0930 -0.9942 0.0542
vn 0.5541 -0.8058 0.2091
vn 0.4406 -0.8805 0.1749
vn 0.3354 -0.9312 0.1428
vn 0.2471 -0.9621 0.1157
vn 0.1789 -0.9793 0.0949
vn 0.1285 -0.9885 0.0799
vn 0.0907 -0.9934 0.0695
vn 0.5052 -0.8083 0.3025
vn 0.4013 -0.8815 0.2488
vn 0.3048 -0.9315 0.1985
vn 0.2239 -0.9620 0.1562
vn 0.1627 -0.9788 0.1242
vn 0.1188 -0.9877 0.1016
vn 0.0865 -0.9926 0.0854
vn 0.5060 -0.7611 -0.4058
vn 0.5990 -0.7470 -0.2885
vn 0.4238 -0.8428 -0.3317
vn 0.3371 -0.9065 -0.2542
vn 0.2557 -0.9495 -0.1820
vn 0.1873 -0.9747 -0.1220
vn 0.1361 -0.9877 -0.0776
vn 0.1003 -0.9939 -0.0467
vn 0.0751 -0.9969 -0.0251
vn 0.0606 -0.9982 0.0011
vn 0.0584 -0.9982 -0.0105
vn 0.0620 -0.9980 0.0134
vn 0.0630 -0.9977 0.0257
vn 0.0634 -0.9972 0.0384
vn 0.0632 -0.9967 0.0511
vn 0.0623 -0.9960 0.0633
vn 0.0610 -0.9953 0.0756
vn 0.0757 -0.9919 0.1016
vn 0.0588 -0.9945 0.0870
vn 0.1011 -0.9872 0.1230
vn 0.1370 -0.9786 0.1534
vn 0.1883 -0.9622 0.1969
vn 0.2569 -0.9323 0.2548
vn 0.3389 -0.8834 0.3238
vn 0.4270 -0.8123 0.3972
vn 0.6050 -0.7136 0.3531
vn 0.5115 -0.7216 0.4666
vn 0.6631 -0.7086 0.2411
vn 0.6929 -0.7082 0.1355
vn 0.7009 -0.7125 0.0338
vn 0.6898 -0.7208 -0.0680
vn 0.6578 -0.7327 -0.1745
vn 0.3258 -0.8157 0.4780
vn 0.2170 -0.8174 0.5336
vn 0.1722 -0.8852 0.4322
vn 0.2585 -0.8847 0.3879
vn 0.1304 -0.9327 0.3364
vn 0.1957 -0.9327 0.3029
vn 0.0956 -0.9620 0.2557
vn 0.1433 -0.9622 0.2315
vn 0.0693 -0.9786 0.1939
vn 0.1041 -0.9786 0.1776
vn 0.0507 -0.9876 0.1488
vn 0.0766 -0.9873 0.1393
vn 0.0379 -0.9926 0.1156
vn 0.0571 -0.9921 0.1114
vn 0.1080 -0.8181 0.5648
vn 0.0858 -0.8853 0.4571
vn 0.0650 -0.9325 0.3554
vn 0.0477 -0.9618 0.2697
vn 0.0347 -0.9785 0.2031
vn 0.0254 -0.9878 0.1539
vn 0.0192 -0.9928 0.1180
vn -0.0000 -0.8183 0.5748
vn -0.0000 -0.8852 0.4652
vn -0.0000 -0.9324 0.3615
vn -0.0000 -0.9617 0.2742
vn -0.0000 -0.9785 0.2062
vn -0.0000 -0.9878 0.1556
vn -0.0000 -0.9929 0.1188
vn -0.1080 -0.8181 0.5648
vn -0.0857 -0.8853 0.4571
vn -0.0650 -0.9325 0.3553
vn -0.0477 -0.9618 0.2697
vn -0.0347 -0.9785 0.2031
vn -0.0254 -0.9878 0.1540
vn -0.0192 -0.9928 0.1179
vn -0.2170 -0.8174 0.5336
vn -0.1722 -0.8852 0.4321
vn -0.1304 -0.9327 0.3363
vn -0.0956 -0.9620 0.2557
vn -0.0693 -0.9786 0.1939
vn -0.0507 -0.9876 0.1488
vn -0.0379 -0.9926 0.1156
vn -0.3258 -0.8157 0.4780
vn -0.2585 -0.8847 0.3879
vn -0.1957 -0.9327 0.3029
vn -0.1433 -0.9622 0.2315
vn -0.1041 -0.9786 0.1776
vn -0.0766 -0.9873 0.1393
vn -0.0571 -0.9921 0.1113
vn 0.3900 -0.7289 0.5627
vn 0.0450 -0.9950 0.0896
vn 0.0302 -0.9954 0.0909
vn 0.0154 -0.9957 0.0919
vn -0.0000 -0.9957 0.0922
vn -0.0154 -0.9957 0.0918
vn -0.0302 -0.9954 0.0909
vn -0.0451 -0.9950 0.0896
vn -0.0757 -0.9919 0.1016
vn -0.0588 -0.9945 0.0870
vn -0.1011 -0.9872 0.1230
vn -0.1370 -0.9786 0.1534
vn -0.1883 -0.9622 0.1969
vn -0.2569 -0.9323 0.2548
vn -0.3389 -0.8834 0.3238
vn -0.4270 -0.8123 0.3972
vn -0.3900 -0.7289 0.5627
vn -0.5115 -0.7216 0.4666
vn -0.2594 -0.7336 0.6281
vn -0.1290 -0.7360 0.6645
vn -0.0000 -0.7368 0.6761
vn 0.1290 -0.7360 0.6645
vn 0.2594 -0.7336 0.6281
vn -0.5052 -0.8083 0.3025
vn -0.5541 -0.8058 0.2091
vn -0.4406 -0.8805 0.1749
vn -0.4013 -0.8815 0.2488
vn -0.3354 -0.9312 0.1428
vn -0.3048 -0.9315 0.1985
vn -0.2471 -0.9621 0.1157
vn -0.2239 -0.9620 0.1562
vn -0.1789 -0.9793 0.0948
vn -0.1627 -0.9788 0.1242
vn -0.1285 -0.9885 0.0799
vn -0.1188 -0.9877 0.1016
vn -0.0907 -0.9934 0.0695
vn -0.0865 -0.9926 0.0854
vn -0.5794 -0.8060 0.1209
vn -0.4612 -0.8811 0.1050
vn -0.3518 -0.9318 0.0898
vn -0.2599 -0.9626 0.0768
vn -0.1877 -0.9800 0.0666
vn -0.1334 -0.9893 0.0593
vn -0.0930 -0.9942 0.0542
vn -0.5866 -0.8091 0.0360
vn -0.4673 -0.8833 0.0376
vn -0.3568 -0.9334 0.0384
vn -0.2638 -0.9638 0.0388
vn -0.1904 -0.9809 0.0388
vn -0.1349 -0.9901 0.0387
vn -0.0937 -0.9949 0.0386
vn -0.5777 -0.8148 -0.0492
vn -0.4604 -0.8872 -0.0301
vn -0.3514 -0.9361 -0.0131
vn -0.2595 -0.9657 0.0006
vn -0.1874 -0.9822 0.0109
vn -0.1331 -0.9909 0.0181
vn -0.0928 -0.9954 0.0229
vn -0.5512 -0.8229 -0.1382
vn -0.4392 -0.8927 -0.1009
vn -0.3347 -0.9400 -0.0668
vn -0.2465 -0.9684 -0.0388
vn -0.1783 -0.9838 -0.0176
vn -0.1280 -0.9918 -0.0027
vn -0.0903 -0.9959 0.0075
vn -0.5018 -0.8328 -0.2336
vn -0.3996 -0.8995 -0.1766
vn -0.3038 -0.9447 -0.1239
vn -0.2231 -0.9715 -0.0801
vn -0.1619 -0.9857 -0.0476
vn -0.1181 -0.9927 -0.0248
vn -0.0860 -0.9963 -0.0086
vn -0.6050 -0.7136 0.3531
vn -0.0610 -0.9953 0.0756
vn -0.0623 -0.9960 0.0633
vn -0.0632 -0.9967 0.0511
vn -0.0635 -0.9972 0.0384
vn -0.0630 -0.9977 0.0257
vn -0.0620 -0.9980 0.0134
vn -0.0606 -0.9982 0.0011
vn -0.0751 -0.9969 -0.0251
vn -0.0584 -0.9982 -0.0105
vn -0.1004 -0.9939 -0.0467
vn -0.1361 -0.9877 -0.0776
vn -0.1873 -0.9747 -0.1221
vn -0.2557 -0.9495 -0.1820
vn -0.3371 -0.9065 -0.2542
vn -0.4239 -0.8428 -0.3317
vn -0.5990 -0.7470 -0.2885
vn -0.5060 -0.7611 -0.4058
vn -0.6579 -0.7327 -0.1745
vn -0.6898 -0.7208 -0.0680
vn -0.7009 -0.7124 0.0338
vn -0.6929 -0.7082 0.1355
vn -0.6631 -0.7086 0.2411
vn -0.3234 -0.8498 -0.4164
vn -0.2155 -0.8530 -0.4753
vn -0.1711 -0.9142 -0.3674
vn -0.2569 -0.9116 -0.3210
vn -0.1294 -0.9550 -0.2668
vn -0.1945 -0.9531 -0.2320
vn -0.0948 -0.9785 -0.1830
vn -0.1423 -0.9771 -0.1579
vn -0.0686 -0.9905 -0.1193
vn -0.1032 -0.9894 -0.1025
vn -0.0502 -0.9960 -0.0733
vn -0.0759 -0.9951 -0.0634
vn -0.0375 -0.9985 -0.0396
vn -0.0565 -0.9978 -0.0351
vn -0.1074 -0.8542 -0.5088
vn -0.0852 -0.9152 -0.3939
vn -0.0645 -0.9559 -0.2866
vn -0.0473 -0.9792 -0.1974
vn -0.0343 -0.9911 -0.1289
vn -0.0251 -0.9966 -0.0786
vn -0.0190 -0.9989 -0.0421
vn -0.0000 -0.8544 -0.5196
vn -0.0000 -0.9155 -0.4024
vn -0.0000 -0.9561 -0.2931
vn -0.0000 -0.9793 -0.2022
vn -0.0000 -0.9912 -0.1321
vn -0.0000 -0.9968 -0.0804
vn -0.0000 -0.9991 -0.0430
vn 0.1074 -0.8542 -0.5087
vn 0.0852 -0.9152 -0.3939
vn 0.0645 -0.9559 -0.2867
vn 0.0473 -0.9792 -0.1974
vn 0.0343 -0.9911 -0.1289
vn 0.0251 -0.9966 -0.0786
vn 0.0190 -0.9989 -0.0421
vn 0.2155 -0.8531 -0.4752
vn 0.1711 -0.9142 -0.3675
vn 0.1294 -0.9550 -0.2668
vn 0.0948 -0.9785 -0.1829
vn 0.0686 -0.9905 -0.1193
vn 0.0502 -0.9960 -0.0733
vn 0.0375 -0.9985 -0.0395
vn 0.3234 -0.8498 -0.4164
vn 0.2569 -0.9116 -0.3210
vn 0.1945 -0.9531 -0.2320
vn 0.1423 -0.9772 -0.1579
vn 0.1032 -0.9894 -0.1025
vn 0.0759 -0.9951 -0.0634
vn 0.0565 -0.9978 -0.0351
vn -0.3860 -0.7708 -0.5068
vn -0.0447 -0.9989 -0.0132
vn -0.0300 -0.9994 -0.0146
vn -0.0153 -0.9998 -0.0157
vn -0.0000 -0.9999 -0.0160
vn 0.0153 -0.9998 -0.0156
vn 0.0300 -0.9994 -0.0146
vn 0.0447 -0.9989 -0.0132
vn 0.3860 -0.7708 -0.5068
vn 0.2571 -0.7754 -0.5767
vn 0.1280 -0.7770 -0.6164
vn -0.0000 -0.7773 -0.6291
vn -0.1280 -0.7770 -0.6164
vn -0.2571 -0.7754 -0.5767
vn 0.0456 0.9990 0.0020
vn 0.0451 0.9989 -0.0120
vn 0.0280 0.9995 -0.0133
vn 0.0296 0.9996 0.0019
vn 0.0137 0.9998 -0.0138
vn 0.0149 0.9999 0.0019
vn -0.0000 0.9999 -0.0140
vn -0.0000 1.0000 0.0019
vn -0.0137 0.9998 -0.0138
vn -0.0149 0.9999 0.0019
vn -0.0280 0.9995 -0.0133
vn -0.0296 0.9996 0.0019
vn -0.0451 0.9989 -0.0120
vn -0.0456 0.9990 0.0020
vn 0.0445 0.9987 -0.0245
vn 0.0272 0.9993 -0.0257
vn 0.0130 0.9996 -0.0262
vn -0.0000 0.9997 -0.0264
vn -0.0130 0.9996 -0.0262
vn -0.0272 0.9993 -0.0257
vn -0.0445 0.9987 -0.0245
vn 0.0441 0.9983 -0.0369
vn 0.0268 0.9989 -0.0372
vn 0.0127 0.9992 -0.0374
vn -0.0000 0.9993 -0.0374
vn -0.0127 0.9992 -0.0374
vn -0.0268 0.9989 -0.0372
vn -0.0441 0.9983 -0.0369
vn 0.0437 0.9978 -0.0491
vn 0.0267 0.9985 -0.0486
vn 0.0128 0.9987 -0.0484
vn -0.0000 0.9988 -0.0483
vn -0.0128 0.9987 -0.0484
vn -0.0267 0.9985 -0.0486
vn -0.0437 0.9978 -0.0491
vn 0.0434 0.9972 -0.0612
vn 0.0270 0.9978 -0.0605
vn 0.0132 0.9981 -0.0603
vn -0.0000 0.9982 -0.0602
vn -0.0132 0.9981 -0.0603
vn -0.0270 0.9978 -0.0605
vn -0.0434 0.9972 -0.0612
vn 0.0431 0.9963 -0.0743
vn 0.0280 0.9968 -0.0747
vn 0.0140 0.9971 -0.0749
vn -0.0000 0.9972 -0.0750
vn -0.0140 0.9971 -0.0749
vn -0.0280 0.9968 -0.0747
vn -0.0431 0.9963 -0.0743
vn 0.0658 0.9976 0.0194
vn 0.0676 0.9977 0.0059
vn 0.0506 0.9985 0.0221
vn 0.0340 0.9991 0.0234
vn 0.0174 0.9996 0.0243
vn -0.0000 0.9997 0.0246
vn -0.0174 0.9996 0.0243
vn -0.0340 0.9991 0.0234
vn -0.0506 0.9985 0.0221
vn -0.0676 0.9977 0.0059
vn -0.0658 0.9976 0.0194
vn -0.0681 0.9976 -0.0083
vn -0.0682 0.9974 -0.0222
vn -0.0678 0.9970 -0.0364
vn -0.0669 0.9965 -0.0503
vn -0.0655 0.9958 -0.0637
vn -0.0640 0.9950 -0.0772
vn -0.0471 0.9946 -0.0926
vn -0.0616 0.9941 -0.0898
vn -0.0315 0.9951 -0.0942
vn -0.0161 0.9953 -0.0952
vn -0.0000 0.9954 -0.0956
vn 0.0161 0.9953 -0.0952
vn 0.0315 0.9951 -0.0942
vn 0.0471 0.9946 -0.0926
vn 0.0640 0.9950 -0.0772
vn 0.0616 0.9941 -0.0898
vn 0.0655 0.9958 -0.0637
vn 0.0669 0.9965 -0.0504
vn 0.0678 0.9970 -0.0364
vn 0.0682 0.9974 -0.0222
vn 0.0681 0.9976 -0.0083
vn -0.0414 -0.9965 0.0729
vn -0.0416 -0.9973 0.0607
vn -0.0259 -0.9979 0.0599
vn -0.0270 -0.9970 0.0731
vn -0.0127 -0.9981 0.0597
vn -0.0135 -0.9972 0.0733
vn -0.0000 -0.9982 0.0596
vn -0.0000 -0.9973 0.0734
vn 0.0127 -0.9981 0.0597
vn 0.0135 -0.9972 0.0733
vn 0.0259 -0.9979 0.0599
vn 0.0270 -0.9970 0.0731
vn 0.0416 -0.9973 0.0607
vn 0.0414 -0.9965 0.0729
vn -0.0416 -0.9979 0.0495
vn -0.0256 -0.9985 0.0488
vn -0.0123 -0.9987 0.0485
vn -0.0000 -0.9988 0.0484
vn 0.0123 -0.9987 0.0485
vn 0.0256 -0.9985 0.0488
vn 0.0416 -0.9979 0.0495
vn -0.0416 -0.9984 0.0383
vn -0.0254 -0.9989 0.0382
vn -0.0121 -0.9992 0.0382
vn -0.0000 -0.9993 0.0382
vn 0.0121 -0.9992 0.0382
vn 0.0254 -0.9989 0.0382
vn 0.0416 -0.9984 0.0383
vn -0.0415 -0.9988 0.0271
vn -0.0255 -0.9993 0.0277
vn -0.0122 -0.9995 0.0279
vn -0.0000 -0.9996 0.0280
vn 0.0122 -0.9995 0.0280
vn 0.0255 -0.9993 0.0277
vn 0.0415 -0.9988 0.0271
vn -0.0414 -0.9990 0.0159
vn -0.0258 -0.9995 0.0166
vn -0.0126 -0.9998 0.0168
vn -0.0000 -0.9999 0.0168
vn 0.0126 -0.9998 0.0168
vn 0.0258 -0.9995 0.0166
vn 0.0414 -0.9990 0.0159
vn -0.0412 -0.9991 0.0037
vn -0.0268 -0.9996 0.0033
vn -0.0134 -0.9999 0.0031
vn -0.0000 -1.0000 0.0030
vn 0.0134 -0.9999 0.0031
vn 0.0268 -0.9996 0.0033
vn 0.0411 -0.9991 0.0037
vn -0.5232 0.3468 -0.7784
vn -0.3457 0.3455 -0.8724
vn -0.3654 0.1725 -0.9147
vn -0.5538 0.1647 -0.8162
vn -0.3733 0.0271 -0.9273
vn -0.5646 0.0117 -0.8253
vn -0.3745 -0.0778 -0.9240
vn -0.5648 -0.0978 -0.8194
vn -0.3739 -0.1425 -0.9165
vn -0.5623 -0.1644 -0.8104
vn -0.3739 -0.1734 -0.9111
vn -0.5613 -0.1953 -0.8042
vn -0.3754 -0.1773 -0.9098
vn -0.5630 -0.1979 -0.8024
vn -0.1709 0.3444 -0.9231
vn -0.1805 0.1779 -0.9674
vn -0.1846 0.0379 -0.9821
vn -0.1855 -0.0637 -0.9806
vn -0.1855 -0.1271 -0.9744
vn -0.1858 -0.1579 -0.9698
vn -0.1866 -0.1628 -0.9688
vn -0.0000 0.3440 -0.9390
vn -0.0000 0.1798 -0.9837
vn -0.0000 0.0417 -0.9991
vn -0.0000 -0.0587 -0.9983
vn -0.0000 -0.1216 -0.9926
vn -0.0000 -0.1524 -0.9883
vn -0.0000 -0.1577 -0.9875
vn 0.1709 0.3444 -0.9231
vn 0.1805 0.1779 -0.9674
vn 0.1846 0.0379 -0.9821
vn 0.1855 -0.0637 -0.9806
vn 0.1855 -0.1271 -0.9744
vn 0.1858 -0.1579 -0.9698
vn 0.1866 -0.1628 -0.9688
vn 0.3457 0.3455 -0.8724
vn 0.3654 0.1725 -0.9147
vn 0.3733 0.0271 -0.9273
vn 0.3745 -0.0778 -0.9240
vn 0.3739 -0.1425 -0.9165
vn 0.3739 -0.1734 -0.9111
vn 0.3754 -0.1773 -0.9098
vn 0.5232 0.3468 -0.7784
vn 0.5538 0.1647 -0.8162
vn 0.5646 0.0117 -0.8253
vn 0.5648 -0.0978 -0.8194
vn 0.5623 -0.1644 -0.8104
vn 0.5613 -0.1953 -0.8042
vn 0.5630 -0.1979 -0.8024
vn -0.6153 0.5391 -0.5751
vn -0.4688 0.5317 -0.7053
vn -0.6893 0.3475 -0.6356
vn -0.7299 0.1566 -0.6654
vn -0.7423 -0.0038 -0.6701
vn -0.7399 -0.1176 -0.6623
vn -0.7344 -0.1861 -0.6527
vn -0.7316 -0.2171 -0.6462
vn -0.7330 -0.2187 -0.6441
vn -0.5667 -0.1805 -0.8039
vn -0.7375 -0.1994 -0.6453
vn -0.3779 -0.1620 -0.9116
vn -0.1879 -0.1493 -0.9708
vn -0.0000 -0.1448 -0.9895
vn 0.1879 -0.1493 -0.9708
vn 0.3779 -0.1620 -0.9115
vn 0.5667 -0.1804 -0.8039
vn 0.7330 -0.2187 -0.6441
vn 0.7375 -0.1994 -0.6453
vn 0.7316 -0.2171 -0.6462
vn 0.7344 -0.1861 -0.6527
vn 0.7399 -0.1176 -0.6623
vn 0.7423 -0.0038 -0.6701
vn 0.7299 0.1565 -0.6654
vn 0.6893 0.3475 -0.6356
vn 0.4688 0.5317 -0.7053
vn 0.6153 0.5391 -0.5751
vn 0.3112 0.5235 -0.7932
vn 0.1544 0.5174 -0.8417
vn -0.0000 0.5152 -0.8571
vn -0.1544 0.5174 -0.8417
vn -0.3112 0.5235 -0.7932
vn -0.5706 -0.1573 -0.8060
vn -0.3806 -0.1414 -0.9139
vn -0.3828 -0.1260 -0.9152
vn -0.5738 -0.1396 -0.8070
vn -0.3846 -0.1162 -0.9158
vn -0.5763 -0.1276 -0.8072
vn -0.3860 -0.1112 -0.9158
vn -0.5782 -0.1205 -0.8069
vn -0.3871 -0.1106 -0.9154
vn -0.5797 -0.1178 -0.8062
vn -0.3878 -0.1145 -0.9146
vn -0.5808 -0.1194 -0.8053
vn -0.3882 -0.1235 -0.9133
vn -0.5812 -0.1258 -0.8040
vn -0.1893 -0.1305 -0.9732
vn -0.1904 -0.1168 -0.9747
vn -0.1913 -0.1085 -0.9755
vn -0.1920 -0.1049 -0.9758
vn -0.1926 -0.1057 -0.9756
vn -0.1930 -0.1110 -0.9749
vn -0.1932 -0.1215 -0.9736
vn -0.0000 -0.1267 -0.9919
vn -0.0000 -0.1135 -0.9935
vn -0.0000 -0.1058 -0.9944
vn -0.0000 -0.1027 -0.9947
vn -0.0000 -0.1039 -0.9946
vn -0.0000 -0.1097 -0.9940
vn -0.0000 -0.1208 -0.9927
vn 0.1893 -0.1305 -0.9732
vn 0.1904 -0.1168 -0.9747
vn 0.1913 -0.1085 -0.9755
vn 0.1920 -0.1049 -0.9758
vn 0.1926 -0.1057 -0.9756
vn 0.1930 -0.1110 -0.9749
vn 0.1932 -0.1215 -0.9736
vn 0.3806 -0.1414 -0.9139
vn 0.3828 -0.1260 -0.9152
vn 0.3846 -0.1162 -0.9158
vn 0.3860 -0.1112 -0.9158
vn 0.3871 -0.1106 -0.9154
vn 0.3878 -0.1145 -0.9146
vn 0.3882 -0.1235 -0.9133
vn 0.5706 -0.1573 -0.8060
vn 0.5738 -0.1396 -0.8070
vn 0.5763 -0.1276 -0.8072
vn 0.5782 -0.1205 -0.8069
vn 0.5797 -0.1178 -0.8062
vn 0.5808 -0.1194 -0.8053
vn 0.5812 -0.1258 -0.8040
vn -0.7424 -0.1741 -0.6470
vn -0.7462 -0.1542 -0.6476
vn -0.7491 -0.1401 -0.6474
vn -0.7514 -0.1307 -0.6467
vn -0.7531 -0.1254 -0.6458
vn -0.7543 -0.1241 -0.6447
vn -0.7549 -0.1270 -0.6435
vn -0.5810 -0.1388 -0.8020
vn -0.7546 -0.1358 -0.6420
vn -0.3880 -0.1395 -0.9110
vn -0.1931 -0.1393 -0.9712
vn -0.0000 -0.1391 -0.9903
vn 0.1931 -0.1393 -0.9712
vn 0.3880 -0.1395 -0.9110
vn 0.5810 -0.1388 -0.8020
vn 0.7549 -0.1270 -0.6435
vn 0.7546 -0.1358 -0.6420
vn 0.7543 -0.1241 -0.6447
vn 0.7531 -0.1254 -0.6458
vn 0.7514 -0.1307 -0.6467
vn 0.7491 -0.1401 -0.6474
vn 0.7462 -0.1542 -0.6476
vn 0.7424 -0.1741 -0.6470
vn -0.8057 0.3910 0.4451
vn -0.8786 0.3806 0.2886
vn -0.9272 0.2086 0.3111
vn -0.8490 0.2312 0.4752
vn -0.9449 0.0595 0.3218
vn -0.8670 0.0916 0.4897
vn -0.9444 -0.0522 0.3246
vn -0.8695 -0.0150 0.4937
vn -0.9379 -0.1254 0.3235
vn -0.8660 -0.0864 0.4926
vn -0.9324 -0.1653 0.3214
vn -0.8624 -0.1272 0.4899
vn -0.9306 -0.1787 0.3195
vn -0.8614 -0.1430 0.4875
vn -0.9179 0.3704 0.1424
vn -0.9695 0.1881 0.1572
vn -0.9858 0.0316 0.1649
vn -0.9823 -0.0836 0.1675
vn -0.9733 -0.1570 0.1676
vn -0.9665 -0.1952 0.1667
vn -0.9645 -0.2057 0.1656
vn -0.9324 0.3614 0.0009
vn -0.9852 0.1711 0.0080
vn -0.9999 0.0092 0.0135
vn -0.9940 -0.1080 0.0170
vn -0.9834 -0.1807 0.0189
vn -0.9760 -0.2168 0.0196
vn -0.9743 -0.2243 0.0195
vn -0.9241 0.3543 -0.1432
vn -0.9768 0.1587 -0.1441
vn -0.9901 -0.0066 -0.1404
vn -0.9829 -0.1245 -0.1353
vn -0.9717 -0.1963 -0.1311
vn -0.9646 -0.2303 -0.1287
vn -0.9635 -0.2351 -0.1280
vn -0.8885 0.3498 -0.2971
vn -0.9396 0.1518 -0.3068
vn -0.9523 -0.0145 -0.3049
vn -0.9453 -0.1323 -0.2981
vn -0.9348 -0.2030 -0.2915
vn -0.9285 -0.2354 -0.2873
vn -0.9282 -0.2380 -0.2859
vn -0.8144 0.3479 -0.4644
vn -0.8619 0.1513 -0.4840
vn -0.8745 -0.0136 -0.4848
vn -0.8694 -0.1301 -0.4767
vn -0.8608 -0.1998 -0.4680
vn -0.8560 -0.2312 -0.4624
vn -0.8567 -0.2327 -0.4604
vn -0.6296 0.5495 0.5492
vn -0.7327 0.5522 0.3978
vn -0.6873 0.3995 0.6066
vn -0.7225 0.2531 0.6434
vn -0.7389 0.1248 0.6622
vn -0.7433 0.0255 0.6685
vn -0.7426 -0.0426 0.6684
vn -0.7412 -0.0827 0.6662
vn -0.7412 -0.0998 0.6638
vn -0.8628 -0.1406 0.4856
vn -0.7428 -0.1000 0.6620
vn -0.9321 -0.1731 0.3180
vn -0.9666 -0.1964 0.1647
vn -0.9772 -0.2114 0.0189
vn -0.9672 -0.2190 -0.1285
vn -0.9326 -0.2195 -0.2864
vn -0.8613 -0.2131 -0.4612
vn -0.7258 0.5436 -0.4215
vn -0.7921 0.5462 -0.2726
vn -0.8253 0.5481 -0.1356
vn -0.8352 0.5499 -0.0068
vn -0.8255 0.5514 0.1205
vn -0.7941 0.5523 0.2536
vn -0.8651 -0.1311 0.4841
vn -0.9349 -0.1599 0.3169
vn -0.9372 -0.1480 0.3160
vn -0.8672 -0.1223 0.4826
vn -0.9389 -0.1382 0.3152
vn -0.8689 -0.1154 0.4813
vn -0.9403 -0.1297 0.3146
vn -0.8704 -0.1096 0.4801
vn -0.9415 -0.1220 0.3141
vn -0.8715 -0.1047 0.4790
vn -0.9426 -0.1148 0.3137
vn -0.8725 -0.1004 0.4782
vn -0.9435 -0.1076 0.3134
vn -0.8733 -0.0965 0.4776
vn -0.9700 -0.1796 0.1639
vn -0.9727 -0.1647 0.1634
vn -0.9747 -0.1525 0.1632
vn -0.9763 -0.1419 0.1631
vn -0.9777 -0.1325 0.1632
vn -0.9788 -0.1238 0.1632
vn -0.9798 -0.1153 0.1632
vn -0.9814 -0.1912 0.0183
vn -0.9846 -0.1738 0.0181
vn -0.9870 -0.1596 0.0183
vn -0.9889 -0.1477 0.0186
vn -0.9903 -0.1375 0.0191
vn -0.9915 -0.1285 0.0195
vn -0.9926 -0.1202 0.0197
vn -0.9721 -0.1959 -0.1291
vn -0.9758 -0.1764 -0.1292
vn -0.9785 -0.1609 -0.1288
vn -0.9806 -0.1484 -0.1281
vn -0.9822 -0.1383 -0.1273
vn -0.9834 -0.1300 -0.1266
vn -0.9843 -0.1233 -0.1261
vn -0.9379 -0.1944 -0.2873
vn -0.9420 -0.1735 -0.2874
vn -0.9449 -0.1575 -0.2869
vn -0.9471 -0.1453 -0.2860
vn -0.9488 -0.1360 -0.2850
vn -0.9500 -0.1294 -0.2841
vn -0.9508 -0.1252 -0.2833
vn -0.8667 -0.1871 -0.4624
vn -0.8708 -0.1660 -0.4627
vn -0.8739 -0.1504 -0.4623
vn -0.8762 -0.1392 -0.4614
vn -0.8780 -0.1316 -0.4603
vn -0.8792 -0.1273 -0.4592
vn -0.8798 -0.1265 -0.4582
vn -0.7452 -0.0935 0.6603
vn -0.7473 -0.0879 0.6586
vn -0.7493 -0.0841 0.6569
vn -0.7509 -0.0817 0.6553
vn -0.7523 -0.0804 0.6539
vn -0.7533 -0.0804 0.6527
vn -0.7539 -0.0816 0.6519
vn -0.8737 -0.0941 0.4772
vn -0.7540 -0.0855 0.6512
vn -0.9442 -0.1015 0.3132
vn -0.9807 -0.1079 0.1631
vn -0.9933 -0.1136 0.0197
vn -0.9849 -0.1190 -0.1259
vn -0.9511 -0.1246 -0.2828
vn -0.8797 -0.1304 -0.4572
vn 0.5291 0.4032 0.7466
vn 0.3545 0.4028 0.8438
vn 0.3700 0.2802 0.8858
vn 0.5542 0.2700 0.7873
vn 0.3784 0.1733 0.9093
vn 0.5670 0.1534 0.8093
vn 0.3820 0.0897 0.9198
vn 0.5717 0.0624 0.8181
vn 0.3834 0.0311 0.9231
vn 0.5727 -0.0009 0.8198
vn 0.3842 -0.0046 0.9232
vn 0.5729 -0.0390 0.8187
vn 0.3853 -0.0210 0.9226
vn 0.5738 -0.0561 0.8171
vn 0.1770 0.4011 0.8988
vn 0.1843 0.2852 0.9406
vn 0.1883 0.1846 0.9646
vn 0.1903 0.1058 0.9760
vn 0.1911 0.0505 0.9803
vn 0.1917 0.0167 0.9813
vn 0.1924 0.0010 0.9813
vn -0.0000 0.4003 0.9164
vn -0.0000 0.2867 0.9580
vn -0.0000 0.1882 0.9821
vn -0.0000 0.1111 0.9938
vn -0.0000 0.0570 0.9984
vn -0.0000 0.0238 0.9997
vn -0.0000 0.0084 1.0000
vn -0.1770 0.4011 0.8988
vn -0.1843 0.2852 0.9406
vn -0.1883 0.1846 0.9646
vn -0.1903 0.1059 0.9760
vn -0.1911 0.0505 0.9803
vn -0.1917 0.0167 0.9813
vn -0.1924 0.0010 0.9813
vn -0.3545 0.4028 0.8438
vn -0.3700 0.2802 0.8858
vn -0.3784 0.1733 0.9093
vn -0.3820 0.0897 0.9198
vn -0.3834 0.0311 0.9231
vn -0.3842 -0.0046 0.9232
vn -0.3853 -0.0210 0.9226
vn -0.5291 0.4032 0.7466
vn -0.5542 0.2700 0.7874
vn -0.5670 0.1534 0.8093
vn -0.5717 0.0624 0.8181
vn -0.5727 -0.0009 0.8198
vn -0.5729 -0.0390 0.8187
vn -0.5738 -0.0561 0.8171
vn 0.6296 0.5495 0.5492
vn 0.4885 0.5429 0.6831
vn 0.6873 0.3994 0.6066
vn 0.7225 0.2531 0.6434
vn 0.7389 0.1248 0.6622
vn 0.7433 0.0255 0.6685
vn 0.7426 -0.0426 0.6684
vn 0.7412 -0.0827 0.6662
vn 0.7412 -0.0998 0.6638
vn 0.5756 -0.0579 0.8157
vn 0.7428 -0.1001 0.6620
vn 0.3868 -0.0233 0.9219
vn 0.1933 -0.0013 0.9811
vn -0.0000 0.0061 1.0000
vn -0.1933 -0.0013 0.9811
vn -0.3868 -0.0233 0.9219
vn -0.5756 -0.0578 0.8157
vn -0.4885 0.5429 0.6831
vn -0.3295 0.5344 0.7783
vn -0.1653 0.5276 0.8333
vn -0.0000 0.5250 0.8511
vn 0.1653 0.5276 0.8333
vn 0.3295 0.5344 0.7783
vn 0.5779 -0.0536 0.8144
vn 0.3887 -0.0203 0.9212
vn 0.3906 -0.0189 0.9204
vn 0.5801 -0.0505 0.8130
vn 0.3924 -0.0201 0.9196
vn 0.5822 -0.0496 0.8115
vn 0.3941 -0.0236 0.9188
vn 0.5841 -0.0505 0.8101
vn 0.3955 -0.0296 0.9180
vn 0.5856 -0.0532 0.8088
vn 0.3965 -0.0384 0.9172
vn 0.5868 -0.0579 0.8077
vn 0.3971 -0.0509 0.9164
vn 0.5874 -0.0651 0.8067
vn 0.1943 0.0011 0.9809
vn 0.1954 0.0015 0.9807
vn 0.1965 -0.0009 0.9805
vn 0.1975 -0.0061 0.9803
vn 0.1983 -0.0141 0.9800
vn 0.1989 -0.0256 0.9797
vn 0.1993 -0.0415 0.9791
vn -0.0000 0.0085 1.0000
vn -0.0000 0.0056 1.0000
vn -0.0000 -0.0088 1.0000
vn -0.0000 -0.0212 0.9998
vn -0.0000 -0.0383 0.9993
vn -0.1943 0.0011 0.9809
vn -0.1954 0.0015 0.9807
vn -0.1965 -0.0009 0.9805
vn -0.1975 -0.0061 0.9803
vn -0.1983 -0.0141 0.9800
vn -0.1989 -0.0256 0.9797
vn -0.1993 -0.0415 0.9791
vn -0.3887 -0.0203 0.9212
vn -0.3906 -0.0189 0.9204
vn -0.3924 -0.0201 0.9196
vn -0.3941 -0.0236 0.9188
vn -0.3955 -0.0296 0.9180
vn -0.3965 -0.0384 0.9172
vn -0.3971 -0.0508 0.9164
vn -0.5779 -0.0536 0.8144
vn -0.5801 -0.0505 0.8130
vn -0.5822 -0.0496 0.8115
vn -0.5841 -0.0505 0.8101
vn -0.5856 -0.0532 0.8088
vn -0.5868 -0.0579 0.8077
vn -0.5874 -0.0651 0.8067
vn 0.7452 -0.0935 0.6603
vn 0.7473 -0.0879 0.6586
vn 0.7492 -0.0841 0.6569
vn 0.7509 -0.0817 0.6553
vn 0.7523 -0.0804 0.6539
vn 0.7533 -0.0804 0.6527
vn 0.7539 -0.0816 0.6519
vn 0.5873 -0.0765 0.8058
vn 0.7540 -0.0855 0.6512
vn 0.3969 -0.0690 0.9153
vn 0.1992 -0.0641 0.9779
vn -0.0000 -0.0624 0.9981
vn -0.1992 -0.0641 0.9779
vn -0.3969 -0.0689 0.9153
vn -0.5873 -0.0765 0.8058
vn 0.8144 0.3479 -0.4644
vn 0.8885 0.3498 -0.2971
vn 0.9396 0.1518 -0.3068
vn 0.8619 0.1513 -0.4840
vn 0.9523 -0.0145 -0.3049
vn 0.8745 -0.0136 -0.4847
vn 0.9453 -0.1323 -0.2981
vn 0.8694 -0.1301 -0.4767
vn 0.9348 -0.2030 -0.2915
vn 0.8608 -0.1998 -0.4680
vn 0.9285 -0.2354 -0.2873
vn 0.8560 -0.2312 -0.4624
vn 0.9282 -0.2380 -0.2859
vn 0.8566 -0.2327 -0.4604
vn 0.9241 0.3543 -0.1432
vn 0.9768 0.1586 -0.1441
vn 0.9901 -0.0066 -0.1404
vn 0.9830 -0.1245 -0.1353
vn 0.9717 -0.1963 -0.1311
vn 0.9646 -0.2303 -0.1287
vn 0.9635 -0.2351 -0.1280
vn 0.9324 0.3614 0.0009
vn 0.9852 0.1711 0.0080
vn 0.9999 0.0092 0.0135
vn 0.9940 -0.1080 0.0171
vn 0.9834 -0.1807 0.0189
vn 0.9760 -0.2168 0.0196
vn 0.9743 -0.2243 0.0195
vn 0.9179 0.3703 0.1424
vn 0.9695 0.1881 0.1572
vn 0.9858 0.0316 0.1649
vn 0.9823 -0.0836 0.1675
vn 0.9733 -0.1569 0.1676
vn 0.9665 -0.1951 0.1667
vn 0.9645 -0.2057 0.1656
vn 0.8786 0.3806 0.2886
vn 0.9272 0.2086 0.3111
vn 0.9449 0.0595 0.3218
vn 0.9444 -0.0523 0.3245
vn 0.9379 -0.1253 0.3235
vn 0.9324 -0.1652 0.3214
vn 0.9306 -0.1787 0.3195
vn 0.8057 0.3910 0.4451
vn 0.8490 0.2312 0.4752
vn 0.8671 0.0915 0.4897
vn 0.8695 -0.0150 0.4937
vn 0.8660 -0.0864 0.4926
vn 0.8625 -0.1271 0.4899
vn 0.8614 -0.1430 0.4875
vn 0.7258 0.5437 -0.4215
vn 0.8613 -0.2131 -0.4612
vn 0.9326 -0.2196 -0.2864
vn 0.9672 -0.2190 -0.1285
vn 0.9772 -0.2114 0.0189
vn 0.9666 -0.1964 0.1647
vn 0.9321 -0.1731 0.3180
vn 0.8628 -0.1407 0.4856
vn 0.7327 0.5522 0.3978
vn 0.7941 0.5523 0.2536
vn 0.8255 0.5514 0.1205
vn 0.8352 0.5499 -0.0068
vn 0.8253 0.5481 -0.1356
vn 0.7921 0.5462 -0.2725
vn 0.8667 -0.1870 -0.4624
vn 0.9379 -0.1944 -0.2873
vn 0.9420 -0.1735 -0.2874
vn 0.8708 -0.1660 -0.4627
vn 0.9449 -0.1576 -0.2869
vn 0.8739 -0.1504 -0.4623
vn 0.9471 -0.1453 -0.2860
vn 0.8762 -0.1392 -0.4614
vn 0.9488 -0.1360 -0.2850
vn 0.8780 -0.1316 -0.4603
vn 0.9500 -0.1294 -0.2841
vn 0.8792 -0.1273 -0.4592
vn 0.9508 -0.1251 -0.2833
vn 0.8798 -0.1264 -0.4582
vn 0.9721 -0.1959 -0.1291
vn 0.9758 -0.1763 -0.1292
vn 0.9785 -0.1609 -0.1288
vn 0.9806 -0.1485 -0.1281
vn 0.9822 -0.1383 -0.1273
vn 0.9834 -0.1300 -0.1266
vn 0.9843 -0.1232 -0.1261
vn 0.9814 -0.1912 0.0183
vn 0.9846 -0.1737 0.0181
vn 0.9870 -0.1595 0.0183
vn 0.9889 -0.1477 0.0186
vn 0.9903 -0.1375 0.0191
vn 0.9915 -0.1285 0.0195
vn 0.9926 -0.1202 0.0197
vn 0.9700 -0.1796 0.1639
vn 0.9727 -0.1647 0.1634
vn 0.9747 -0.1524 0.1632
vn 0.9763 -0.1419 0.1631
vn 0.9777 -0.1325 0.1632
vn 0.9788 -0.1238 0.1632
vn 0.9798 -0.1153 0.1632
vn 0.9349 -0.1599 0.3169
vn 0.9372 -0.1481 0.3160
vn 0.9389 -0.1382 0.3152
vn 0.9403 -0.1297 0.3146
vn 0.9415 -0.1220 0.3141
vn 0.9426 -0.1148 0.3137
vn 0.9435 -0.1076 0.3134
vn 0.8651 -0.1311 0.4841
vn 0.8672 -0.1223 0.4826
vn 0.8689 -0.1154 0.4813
vn 0.8704 -0.1096 0.4801
vn 0.8715 -0.1047 0.4790
vn 0.8725 -0.1004 0.4782
vn 0.8733 -0.0965 0.4776
vn 0.8797 -0.1305 -0.4572
vn 0.9510 -0.1247 -0.2828
vn 0.9849 -0.1191 -0.1259
vn 0.9933 -0.1136 0.0197
vn 0.9807 -0.1079 0.1631
vn 0.9442 -0.1015 0.3132
vn 0.8737 -0.0941 0.4772
vn -0.5795 -0.1637 -0.7984
vn -0.3869 -0.1676 -0.9067
vn -0.3842 -0.2132 -0.8983
vn -0.5756 -0.2065 -0.7913
vn -0.3785 -0.2793 -0.8824
vn -0.5674 -0.2703 -0.7778
vn -0.3681 -0.3658 -0.8548
vn -0.5524 -0.3556 -0.7539
vn -0.3511 -0.4685 -0.8107
vn -0.5273 -0.4584 -0.7154
vn -0.3261 -0.5785 -0.7477
vn -0.4902 -0.5696 -0.6597
vn -0.2941 -0.6836 -0.6679
vn -0.4421 -0.6769 -0.5885
vn -0.1926 -0.1692 -0.9666
vn -0.1912 -0.2164 -0.9574
vn -0.1883 -0.2836 -0.9403
vn -0.1831 -0.3705 -0.9106
vn -0.1745 -0.4731 -0.8636
vn -0.1621 -0.5822 -0.7967
vn -0.1463 -0.6863 -0.7125
vn -0.0000 -0.1695 -0.9855
vn -0.0000 -0.2172 -0.9761
vn -0.0000 -0.2848 -0.9586
vn -0.0000 -0.3719 -0.9283
vn -0.0000 -0.4744 -0.8803
vn -0.0000 -0.5833 -0.8123
vn -0.0000 -0.6869 -0.7268
vn 0.1926 -0.1692 -0.9666
vn 0.1912 -0.2164 -0.9574
vn 0.1883 -0.2836 -0.9403
vn 0.1831 -0.3705 -0.9106
vn 0.1745 -0.4731 -0.8636
vn 0.1621 -0.5822 -0.7967
vn 0.1463 -0.6863 -0.7125
vn 0.3869 -0.1676 -0.9067
vn 0.3842 -0.2132 -0.8983
vn 0.3785 -0.2793 -0.8824
vn 0.3681 -0.3658 -0.8548
vn 0.3511 -0.4685 -0.8107
vn 0.3262 -0.5784 -0.7477
vn 0.2941 -0.6836 -0.6679
vn 0.5795 -0.1637 -0.7984
vn 0.5756 -0.2065 -0.7913
vn 0.5674 -0.2703 -0.7778
vn 0.5524 -0.3555 -0.7540
vn 0.5273 -0.4583 -0.7154
vn 0.4902 -0.5696 -0.6597
vn 0.4420 -0.6769 -0.5885
vn -0.7529 -0.1560 -0.6393
vn -0.7484 -0.1945 -0.6341
vn -0.7387 -0.2548 -0.6240
vn -0.7205 -0.3377 -0.6057
vn -0.6893 -0.4402 -0.5754
vn -0.6421 -0.5531 -0.5308
vn -0.5796 -0.6636 -0.4729
vn 0.5796 -0.6637 -0.4729
vn 0.6421 -0.5531 -0.5308
vn 0.6893 -0.4401 -0.5754
vn 0.7205 -0.3377 -0.6057
vn 0.7387 -0.2548 -0.6240
vn 0.7484 -0.1945 -0.6341
vn 0.7529 -0.1560 -0.6394
vn -0.8732 -0.1010 0.4769
vn -0.9440 -0.1041 0.3130
vn -0.9415 -0.1255 0.3127
vn -0.8702 -0.1266 0.4761
vn -0.9345 -0.1715 0.3118
vn -0.8627 -0.1765 0.4739
vn -0.9189 -0.2452 0.3091
vn -0.8466 -0.2535 0.4679
vn -0.8881 -0.3463 0.3023
vn -0.8160 -0.3564 0.4551
vn -0.8355 -0.4672 0.2892
vn -0.7654 -0.4771 0.4318
vn -0.7590 -0.5932 0.2684
vn -0.6935 -0.6011 0.3972
vn -0.9806 -0.1092 0.1629
vn -0.9782 -0.1292 0.1629
vn -0.9713 -0.1736 0.1629
vn -0.9556 -0.2458 0.1624
vn -0.9245 -0.3457 0.1605
vn -0.8709 -0.4661 0.1557
vn -0.7922 -0.5922 0.1473
vn -0.9931 -0.1160 0.0197
vn -0.9904 -0.1369 0.0200
vn -0.9831 -0.1820 0.0208
vn -0.9668 -0.2544 0.0225
vn -0.9349 -0.3539 0.0250
vn -0.8805 -0.4732 0.0280
vn -0.8010 -0.5979 0.0311
vn -0.9842 -0.1244 -0.1257
vn -0.9811 -0.1481 -0.1249
vn -0.9730 -0.1956 -0.1228
vn -0.9556 -0.2696 -0.1186
vn -0.9226 -0.3693 -0.1113
vn -0.8675 -0.4873 -0.1002
vn -0.7883 -0.6094 -0.0854
vn -0.9500 -0.1343 -0.2821
vn -0.9461 -0.1623 -0.2803
vn -0.9371 -0.2134 -0.2764
vn -0.9185 -0.2901 -0.2687
vn -0.8844 -0.3905 -0.2554
vn -0.8293 -0.5070 -0.2349
vn -0.7522 -0.6255 -0.2072
vn -0.8782 -0.1453 -0.4556
vn -0.8738 -0.1784 -0.4524
vn -0.8640 -0.2342 -0.4458
vn -0.8447 -0.3140 -0.4334
vn -0.8108 -0.4155 -0.4123
vn -0.7577 -0.5303 -0.3804
vn -0.6855 -0.6448 -0.3381
vn -0.7530 -0.0994 0.6505
vn -0.7495 -0.1320 0.6487
vn -0.7414 -0.1881 0.6441
vn -0.7252 -0.2697 0.6335
vn -0.6961 -0.3745 0.6126
vn -0.6501 -0.4940 0.5774
vn -0.5871 -0.6139 0.5277
vn 0.5859 -0.0987 0.8043
vn 0.3957 -0.0985 0.9131
vn 0.3926 -0.1459 0.9081
vn 0.5823 -0.1393 0.8010
vn 0.3863 -0.2143 0.8971
vn 0.5744 -0.2021 0.7932
vn 0.3751 -0.3038 0.8758
vn 0.5596 -0.2882 0.7770
vn 0.3570 -0.4105 0.8391
vn 0.5346 -0.3944 0.7474
vn 0.3308 -0.5253 0.7840
vn 0.4971 -0.5116 0.7008
vn 0.2975 -0.6360 0.7120
vn 0.4477 -0.6267 0.6378
vn 0.1985 -0.0985 0.9751
vn 0.1967 -0.1504 0.9689
vn 0.1932 -0.2223 0.9557
vn 0.1872 -0.3138 0.9309
vn 0.1777 -0.4205 0.8897
vn 0.1644 -0.5335 0.8296
vn 0.1478 -0.6413 0.7529
vn -0.0000 -0.0985 0.9951
vn -0.0000 -0.1519 0.9884
vn -0.0000 -0.2250 0.9744
vn -0.0000 -0.3172 0.9484
vn -0.0000 -0.4239 0.9057
vn -0.0000 -0.5363 0.8440
vn -0.0000 -0.6431 0.7658
vn -0.1985 -0.0985 0.9751
vn -0.1967 -0.1504 0.9689
vn -0.1932 -0.2222 0.9557
vn -0.1872 -0.3138 0.9309
vn -0.1777 -0.4206 0.8897
vn -0.1644 -0.5335 0.8297
vn -0.1478 -0.6413 0.7529
vn -0.3957 -0.0985 0.9131
vn -0.3926 -0.1459 0.9081
vn -0.3863 -0.2143 0.8971
vn -0.3751 -0.3038 0.8758
vn -0.3570 -0.4105 0.8391
vn -0.3308 -0.5253 0.7840
vn -0.2975 -0.6360 0.7120
vn -0.5859 -0.0987 0.8043
vn -0.5823 -0.1393 0.8010
vn -0.5744 -0.2021 0.7932
vn -0.5596 -0.2883 0.7770
vn -0.5346 -0.3944 0.7474
vn -0.4971 -0.5116 0.7008
vn -0.4477 -0.6267 0.6378
vn 0.7530 -0.0994 0.6505
vn 0.7495 -0.1320 0.6487
vn 0.7414 -0.1881 0.6441
vn 0.7252 -0.2697 0.6335
vn 0.6961 -0.3745 0.6126
vn 0.6501 -0.4939 0.5774
vn 0.5871 -0.6139 0.5276
vn 0.8782 -0.1453 -0.4556
vn 0.9500 -0.1343 -0.2820
vn 0.9461 -0.1623 -0.2803
vn 0.8738 -0.1784 -0.4524
vn 0.9371 -0.2134 -0.2764
vn 0.8640 -0.2341 -0.4458
vn 0.9185 -0.2900 -0.2687
vn 0.8448 -0.3139 -0.4334
vn 0.8844 -0.3906 -0.2554
vn 0.8108 -0.4155 -0.4123
vn 0.8293 -0.5070 -0.2349
vn 0.7577 -0.5303 -0.3804
vn 0.7522 -0.6255 -0.2073
vn 0.6855 -0.6448 -0.3381
vn 0.9842 -0.1243 -0.1257
vn 0.9811 -0.1481 -0.1249
vn 0.9730 -0.1956 -0.1228
vn 0.9556 -0.2696 -0.1186
vn 0.9226 -0.3694 -0.1113
vn 0.8675 -0.4873 -0.1002
vn 0.7883 -0.6094 -0.0854
vn 0.9931 -0.1159 0.0197
vn 0.9904 -0.1369 0.0200
vn 0.9831 -0.1820 0.0208
vn 0.9668 -0.2544 0.0225
vn 0.9349 -0.3539 0.0250
vn 0.8805 -0.4732 0.0280
vn 0.8010 -0.5979 0.0311
vn 0.9806 -0.1092 0.1629
vn 0.9782 -0.1291 0.1629
vn 0.9712 -0.1736 0.1629
vn 0.9556 -0.2458 0.1624
vn 0.9245 -0.3457 0.1605
vn 0.8709 -0.4661 0.1557
vn 0.7922 -0.5922 0.1473
vn 0.9440 -0.1041 0.3130
vn 0.9415 -0.1255 0.3127
vn 0.9345 -0.1715 0.3118
vn 0.9189 -0.2452 0.3091
vn 0.8881 -0.3463 0.3023
vn 0.8355 -0.4672 0.2892
vn 0.7590 -0.5931 0.2684
vn 0.8732 -0.1009 0.4769
vn 0.8702 -0.1266 0.4761
vn 0.8627 -0.1766 0.4739
vn 0.8466 -0.2536 0.4679
vn 0.8160 -0.3564 0.4550
vn 0.7654 -0.4771 0.4318
vn 0.6935 -0.6011 0.3972
vn 0.0913 0.9920 -0.0877
vn 0.0961 0.9929 -0.0700
vn 0.1372 0.9872 -0.0809
vn 0.1260 0.9864 -0.1053
vn 0.1933 0.9764 -0.0969
vn 0.1746 0.9759 -0.1306
vn 0.2722 0.9547 -0.1203
vn 0.2454 0.9547 -0.1682
vn 0.3795 0.9125 -0.1525
vn 0.3443 0.9124 -0.2212
vn 0.5135 0.8362 -0.1926
vn 0.4685 0.8354 -0.2876
vn 0.6599 0.7135 -0.2355
vn 0.6039 0.7115 -0.3591
vn 0.0993 0.9936 -0.0530
vn 0.1437 0.9879 -0.0576
vn 0.2046 0.9767 -0.0646
vn 0.2885 0.9545 -0.0747
vn 0.4005 0.9121 -0.0883
vn 0.5391 0.8357 -0.1048
vn 0.6898 0.7137 -0.1219
vn 0.1011 0.9942 -0.0356
vn 0.1469 0.9886 -0.0344
vn 0.2100 0.9772 -0.0327
vn 0.2963 0.9546 -0.0302
vn 0.4104 0.9115 -0.0264
vn 0.5506 0.8345 -0.0211
vn 0.7014 0.7127 -0.0143
vn 0.1013 0.9947 -0.0179
vn 0.1467 0.9891 -0.0109
vn 0.2093 0.9779 -0.0005
vn 0.2956 0.9552 0.0150
vn 0.4103 0.9112 0.0364
vn 0.5500 0.8328 0.0634
vn 0.6974 0.7106 0.0932
vn 0.1000 0.9950 -0.0003
vn 0.1430 0.9896 0.0131
vn 0.2021 0.9788 0.0329
vn 0.2858 0.9563 0.0623
vn 0.3986 0.9113 0.1032
vn 0.5350 0.8307 0.1538
vn 0.6755 0.7076 0.2072
vn 0.0966 0.9952 0.0183
vn 0.1341 0.9902 0.0388
vn 0.1868 0.9800 0.0686
vn 0.2642 0.9578 0.1135
vn 0.3711 0.9116 0.1767
vn 0.4994 0.8283 0.2540
vn 0.6281 0.7034 0.3327
vn 0.0796 0.9912 -0.1058
vn 0.1069 0.9858 -0.1296
vn 0.1466 0.9754 -0.1645
vn 0.2061 0.9541 -0.2173
vn 0.2907 0.9111 -0.2924
vn 0.3972 0.8322 -0.3868
vn 0.5128 0.7064 -0.4878
vn 0.5443 0.6970 0.4669
vn 0.4345 0.8247 0.3620
vn 0.3219 0.9116 0.2556
vn 0.2277 0.9592 0.1674
vn 0.1605 0.9814 0.1054
vn 0.1160 0.9911 0.0648
vn 0.0858 0.9956 0.0375
vn 0.0653 0.9967 0.0491
vn 0.0437 0.9976 0.0542
vn 0.0599 0.9934 0.0976
vn 0.0893 0.9924 0.0852
vn 0.0843 0.9835 0.1600
vn 0.1245 0.9827 0.1373
vn 0.1211 0.9600 0.2524
vn 0.1777 0.9600 0.2162
vn 0.1723 0.9084 0.3808
vn 0.2526 0.9105 0.3274
vn 0.2329 0.8133 0.5332
vn 0.3414 0.8194 0.4605
vn 0.2894 0.6776 0.6761
vn 0.4259 0.6877 0.5879
vn 0.0222 0.9981 0.0571
vn 0.0302 0.9941 0.1045
vn 0.0427 0.9839 0.1735
vn 0.0613 0.9597 0.2744
vn 0.0872 0.9065 0.4130
vn 0.1177 0.8085 0.5766
vn 0.1458 0.6700 0.7279
vn -0.0000 0.9983 0.0581
vn -0.0000 0.9943 0.1069
vn -0.0000 0.9840 0.1781
vn -0.0000 0.9595 0.2819
vn -0.0000 0.9058 0.4237
vn -0.0000 0.8067 0.5909
vn -0.0000 0.6672 0.7449
vn -0.0222 0.9981 0.0571
vn -0.0302 0.9941 0.1045
vn -0.0427 0.9839 0.1735
vn -0.0613 0.9596 0.2744
vn -0.0872 0.9065 0.4130
vn -0.1177 0.8085 0.5766
vn -0.1459 0.6700 0.7279
vn -0.0437 0.9976 0.0542
vn -0.0599 0.9934 0.0976
vn -0.0843 0.9835 0.1600
vn -0.1211 0.9600 0.2524
vn -0.1723 0.9084 0.3808
vn -0.2329 0.8133 0.5333
vn -0.2894 0.6776 0.6761
vn -0.0653 0.9967 0.0491
vn -0.0893 0.9924 0.0852
vn -0.1245 0.9827 0.1373
vn -0.1778 0.9600 0.2162
vn -0.2525 0.9105 0.3274
vn -0.3414 0.8194 0.4605
vn -0.4259 0.6877 0.5880
vn -0.5443 0.6970 0.4669
vn -0.4345 0.8247 0.3620
vn -0.3219 0.9116 0.2556
vn -0.2277 0.9592 0.1675
vn -0.1605 0.9814 0.1053
vn -0.1160 0.9911 0.0648
vn -0.0858 0.9956 0.0375
vn -0.0966 0.9952 0.0183
vn -0.1000 0.9950 -0.0003
vn -0.1430 0.9896 0.0131
vn -0.1341 0.9902 0.0388
vn -0.2021 0.9788 0.0329
vn -0.1868 0.9800 0.0686
vn -0.2857 0.9563 0.0623
vn -0.2642 0.9578 0.1135
vn -0.3987 0.9113 0.1032
vn -0.3711 0.9116 0.1768
vn -0.5350 0.8307 0.1538
vn -0.4995 0.8283 0.2540
vn -0.6755 0.7076 0.2072
vn -0.6281 0.7034 0.3327
vn -0.1013 0.9947 -0.0179
vn -0.1467 0.9891 -0.0109
vn -0.2093 0.9779 -0.0005
vn -0.2956 0.9552 0.0150
vn -0.4103 0.9112 0.0364
vn -0.5500 0.8328 0.0634
vn -0.6974 0.7106 0.0932
vn -0.1011 0.9942 -0.0356
vn -0.1469 0.9886 -0.0344
vn -0.2100 0.9772 -0.0327
vn -0.2963 0.9546 -0.0302
vn -0.4104 0.9115 -0.0264
vn -0.5506 0.8345 -0.0211
vn -0.7014 0.7126 -0.0143
vn -0.0993 0.9936 -0.0530
vn -0.1437 0.9879 -0.0576
vn -0.2046 0.9767 -0.0646
vn -0.2885 0.9545 -0.0747
vn -0.4004 0.9121 -0.0883
vn -0.5391 0.8357 -0.1048
vn -0.6898 0.7137 -0.1219
vn -0.0961 0.9929 -0.0700
vn -0.1372 0.9872 -0.0809
vn -0.1933 0.9764 -0.0969
vn -0.2721 0.9547 -0.1203
vn -0.3795 0.9125 -0.1525
vn -0.5135 0.8362 -0.1926
vn -0.6599 0.7135 -0.2355
vn -0.0913 0.9920 -0.0877
vn -0.1261 0.9864 -0.1053
vn -0.1746 0.9760 -0.1306
vn -0.2454 0.9547 -0.1682
vn -0.3443 0.9124 -0.2212
vn -0.4685 0.8354 -0.2876
vn -0.6039 0.7115 -0.3591
vn -0.5128 0.7064 -0.4878
vn -0.3973 0.8322 -0.3868
vn -0.2907 0.9111 -0.2924
vn -0.2061 0.9541 -0.2173
vn -0.1466 0.9754 -0.1645
vn -0.1069 0.9858 -0.1296
vn -0.0796 0.9912 -0.1057
vn -0.0599 0.9914 -0.1167
vn -0.0397 0.9918 -0.1216
vn -0.0536 0.9857 -0.1595
vn -0.0809 0.9856 -0.1483
vn -0.0743 0.9742 -0.2129
vn -0.1113 0.9748 -0.1931
vn -0.1052 0.9510 -0.2907
vn -0.1571 0.9527 -0.2601
vn -0.1487 0.9047 -0.3993
vn -0.2222 0.9082 -0.3548
vn -0.2037 0.8201 -0.5347
vn -0.3044 0.8265 -0.4735
vn -0.2619 0.6885 -0.6763
vn -0.3925 0.6979 -0.5991
vn -0.0201 0.9920 -0.1244
vn -0.0269 0.9858 -0.1656
vn -0.0373 0.9738 -0.2245
vn -0.0527 0.9496 -0.3089
vn -0.0744 0.9020 -0.4253
vn -0.1018 0.8153 -0.5701
vn -0.1306 0.6816 -0.7200
vn -0.0000 0.9921 -0.1254
vn -0.0000 0.9858 -0.1677
vn -0.0000 0.9736 -0.2283
vn -0.0000 0.9491 -0.3149
vn -0.0000 0.9010 -0.4338
vn -0.0000 0.8135 -0.5816
vn -0.0000 0.6790 -0.7341
vn 0.0201 0.9920 -0.1244
vn 0.0269 0.9858 -0.1656
vn 0.0373 0.9738 -0.2245
vn 0.0527 0.9496 -0.3089
vn 0.0744 0.9020 -0.4253
vn 0.1018 0.8153 -0.5701
vn 0.1306 0.6816 -0.7200
vn 0.0397 0.9918 -0.1216
vn 0.0536 0.9857 -0.1595
vn 0.0743 0.9742 -0.2129
vn 0.1052 0.9510 -0.2907
vn 0.1488 0.9047 -0.3993
vn 0.2037 0.8201 -0.5347
vn 0.2619 0.6885 -0.6763
vn 0.0599 0.9914 -0.1168
vn 0.0809 0.9856 -0.1483
vn 0.1114 0.9748 -0.1932
vn 0.1571 0.9527 -0.2601
vn 0.2222 0.9082 -0.3548
vn 0.3043 0.8265 -0.4735
vn 0.3925 0.6979 -0.5991
vn -0.5081 -0.3484 -0.7877
vn -0.5604 -0.0227 -0.8279
vn -0.3758 -0.0293 -0.9262
vn -0.3259 -0.3395 -0.8823
vn -0.0497 -0.0374 -0.9981
vn -0.0260 -0.2923 -0.9560
vn -0.4960 0.3043 -0.8132
vn -0.3142 0.2824 -0.9064
vn -0.0161 0.2196 -0.9755
vn -0.3247 -0.6773 -0.6602
vn -0.1528 -0.6436 -0.7499
vn 0.0964 -0.5466 -0.8318
vn 0.3193 -0.2334 -0.9185
vn 0.3309 -0.4106 -0.8497
vn 0.3189 -0.0416 -0.9469
vn 0.3268 0.1520 -0.9328
vn 0.1162 0.4789 -0.8701
vn 0.3454 0.3337 -0.8771
vn -0.1292 0.5908 -0.7964
vn -0.2997 0.6374 -0.7098
vn -0.0193 0.8685 -0.4954
vn 0.2448 0.9425 -0.2275
vn 0.3753 0.8634 -0.3371
vn 0.1313 0.7979 -0.5883
vn 0.5552 0.6744 -0.4867
vn 0.3434 0.6350 -0.6920
vn 0.4688 0.8800 0.0761
vn 0.5860 0.8084 -0.0556
vn 0.7251 0.6438 -0.2445
vn 0.5226 0.3792 -0.7636
vn 0.6950 0.3958 -0.6002
vn 0.8291 0.3863 -0.4041
vn 0.8680 0.4965 0.0098
vn 0.9139 0.3468 -0.2112
vn 0.7548 0.6117 0.2368
vn 0.6423 0.6605 0.3889
vn 0.7238 0.3340 0.6038
vn 0.7366 0.0068 0.6763
vn 0.8595 -0.0011 0.5112
vn 0.8424 0.3095 0.4411
vn 0.9792 -0.0137 0.2025
vn 0.9568 0.2421 0.1608
vn 0.7097 -0.3225 0.6264
vn 0.8290 -0.3138 0.4628
vn 0.9461 -0.2699 0.1790
vn 0.9693 0.1667 -0.1808
vn 0.9857 -0.0261 -0.1668
vn 0.9615 -0.2183 -0.1669
vn 0.8472 -0.5293 0.0466
vn 0.8990 -0.3972 -0.1844
vn 0.7295 -0.6237 0.2808
vn 0.6154 -0.6570 0.4355
vn 0.4343 -0.8899 0.1398
vn 0.2081 -0.9652 -0.1583
vn 0.3413 -0.8994 -0.2731
vn 0.5538 -0.8326 0.0035
vn 0.5282 -0.7289 -0.4357
vn 0.6989 -0.6877 -0.1965
vn -0.0533 -0.9011 -0.4303
vn 0.0997 -0.8434 -0.5279
vn 0.3178 -0.6967 -0.6431
vn 0.8128 -0.4465 -0.3741
vn 0.6785 -0.4648 -0.5689
vn 0.5066 -0.4538 -0.7331
vn 0.8793 0.1435 -0.4542
vn 0.8925 -0.0338 -0.4498
vn 0.7609 -0.0382 -0.6477
vn 0.7516 0.1458 -0.6434
vn 0.5860 -0.0409 -0.8093
vn 0.5847 0.1367 -0.7996
vn 0.8723 -0.2101 -0.4414
vn 0.7445 -0.2209 -0.6300
vn 0.5779 -0.2172 -0.7867
vn 0.9301 -0.3329 0.1553
vn 0.9931 -0.0083 0.1168
vn 0.9465 0.0005 0.3227
vn 0.8819 -0.3098 0.3553
vn 0.7849 0.0142 0.6195
vn 0.7400 -0.2426 0.6274
vn 0.9372 0.3226 0.1330
vn 0.8879 0.3162 0.3341
vn 0.7438 0.2732 0.6100
vn 0.7156 -0.6574 0.2360
vn 0.6710 -0.6102 0.4212
vn 0.5699 -0.4953 0.6556
vn 0.4869 -0.1667 0.8574
vn 0.4305 -0.3459 0.8337
vn 0.5059 0.0268 0.8622
vn 0.4891 0.2202 0.8440
vn 0.5762 0.5327 0.6199
vn 0.4343 0.3992 0.8075
vn 0.6797 0.6285 0.3782
vn 0.7254 0.6616 0.1900
vn 0.3760 0.8940 0.2438
vn 0.0036 0.9646 0.2637
vn 0.0028 0.8986 0.4388
vn 0.3499 0.8359 0.4228
vn 0.0018 0.7280 0.6855
vn 0.2922 0.6895 0.6627
vn -0.3686 0.8967 0.2450
vn -0.3418 0.8396 0.4221
vn -0.2832 0.6952 0.6606
vn 0.2326 0.4473 0.8636
vn 0.0009 0.4634 0.8861
vn -0.2225 0.4510 0.8644
vn -0.5686 0.5397 0.6208
vn -0.4227 0.4043 0.8111
vn -0.6711 0.6361 0.3807
vn -0.7172 0.6698 0.1924
vn -0.9323 0.3339 0.1387
vn -0.9924 0.0012 0.1233
vn -0.9425 0.0097 0.3341
vn -0.8817 0.3255 0.3415
vn -0.7826 0.0213 0.6222
vn -0.7416 0.2788 0.6102
vn -0.9312 -0.3266 0.1618
vn -0.8812 -0.3026 0.3632
vn -0.7418 -0.2352 0.6280
vn -0.4840 0.2228 0.8462
vn -0.5034 0.0313 0.8635
vn -0.4848 -0.1606 0.8598
vn -0.5705 -0.4921 0.6575
vn -0.4248 -0.3432 0.8377
vn -0.6728 -0.6059 0.4247
vn -0.7185 -0.6530 0.2394
vn -0.3738 -0.8746 0.3089
vn -0.0036 -0.9429 0.3330
vn -0.0038 -0.8643 0.5029
vn -0.3466 -0.8050 0.4816
vn -0.0035 -0.6764 0.7366
vn -0.2873 -0.6438 0.7092
vn 0.3675 -0.8778 0.3073
vn 0.3419 -0.8069 0.4817
vn 0.2859 -0.6430 0.7105
vn -0.2252 -0.3859 0.8947
vn -0.0024 -0.3979 0.9174
vn 0.2288 -0.3861 0.8936
vn -0.2125 0.2104 0.9542
vn -0.2231 0.0358 0.9741
vn -0.0009 0.0363 0.9993
vn -0.0001 0.2190 0.9757
vn 0.2307 0.0338 0.9724
vn 0.2222 0.2105 0.9520
vn -0.2136 -0.1398 0.9669
vn -0.0015 -0.1476 0.9891
vn 0.2207 -0.1437 0.9647
vn -0.7067 -0.3252 0.6284
vn -0.7341 0.0084 0.6789
vn -0.8596 0.0001 0.5110
vn -0.8280 -0.3162 0.4630
vn -0.9793 -0.0131 0.2019
vn -0.9450 -0.2716 0.1821
vn -0.7213 0.3399 0.6035
vn -0.8417 0.3144 0.4389
vn -0.9559 0.2450 0.1619
vn -0.6105 -0.6610 0.4363
vn -0.7257 -0.6270 0.2832
vn -0.8454 -0.5315 0.0523
vn -0.9626 -0.2188 -0.1596
vn -0.9000 -0.3985 -0.1767
vn -0.9866 -0.0262 -0.1612
vn -0.9703 0.1671 -0.1748
vn -0.8661 0.4998 0.0119
vn -0.9146 0.3479 -0.2062
vn -0.7510 0.6171 0.2348
vn -0.6377 0.6671 0.3851
vn -0.4652 0.8821 0.0737
vn -0.2520 0.9415 -0.2240
vn -0.3856 0.8623 -0.3281
vn -0.5839 0.8101 -0.0529
vn -0.5699 0.6738 -0.4704
vn -0.7260 0.6458 -0.2364
vn -0.0093 0.8691 -0.4945
vn -0.1616 0.7974 -0.5814
vn -0.3763 0.6338 -0.6757
vn -0.8340 0.3869 -0.3933
vn -0.7136 0.3951 -0.5785
vn -0.5576 0.3779 -0.7391
vn -0.1672 0.4786 -0.8620
vn -0.3924 0.3324 -0.8576
vn 0.0790 0.5927 -0.8015
vn 0.2517 0.6416 -0.7246
vn 0.4395 0.3074 -0.8440
vn 0.5029 -0.0255 -0.8640
vn 0.3117 -0.0323 -0.9496
vn 0.2522 0.2839 -0.9251
vn -0.0181 -0.0402 -0.9990
vn -0.0474 0.2196 -0.9744
vn 0.4517 -0.3574 -0.8175
vn 0.2639 -0.3472 -0.8999
vn -0.0377 -0.2980 -0.9538
vn -0.3797 0.1508 -0.9127
vn -0.3747 -0.0437 -0.9261
vn -0.3725 -0.2366 -0.8974
vn -0.1479 -0.5512 -0.8212
vn -0.3785 -0.4134 -0.8281
vn 0.1022 -0.6509 -0.7522
vn 0.2764 -0.6870 -0.6720
vn 0.0239 -0.9051 -0.4246
vn -0.2161 -0.9649 -0.1490
vn -0.3524 -0.8993 -0.2589
vn -0.1309 -0.8462 -0.5166
vn -0.5435 -0.7295 -0.4152
vn -0.3514 -0.6987 -0.6232
vn -0.4310 -0.8909 0.1433
vn -0.5522 -0.8336 0.0116
vn -0.7004 -0.6896 -0.1840
vn -0.5420 -0.4555 -0.7063
vn -0.6974 -0.4658 -0.5446
vn -0.8181 -0.4481 -0.3604
vn -0.6217 0.1353 -0.7715
vn -0.6240 -0.0425 -0.7802
vn -0.7818 -0.0392 -0.6222
vn -0.7720 0.1448 -0.6189
vn -0.8989 -0.0344 -0.4367
vn -0.8856 0.1420 -0.4422
vn -0.6151 -0.2187 -0.7575
vn -0.7651 -0.2218 -0.6045
vn -0.8789 -0.2101 -0.4283
vn 0.1784 -0.3639 -0.9142
vn 0.1678 -0.0282 -0.9854
vn 0.3642 -0.0314 -0.9308
vn 0.3691 -0.3464 -0.8624
vn 0.6368 -0.0339 -0.7703
vn 0.6251 -0.2903 -0.7246
vn 0.1952 0.3104 -0.9303
vn 0.3849 0.2864 -0.8774
vn 0.6379 0.2249 -0.7365
vn 0.2169 -0.6913 -0.6893
vn 0.3979 -0.6491 -0.6483
vn 0.6304 -0.5445 -0.5533
vn 0.8482 -0.2249 -0.4795
vn 0.8131 -0.4036 -0.4195
vn 0.8646 -0.0329 -0.5014
vn 0.8577 0.1606 -0.4884
vn 0.6557 0.4866 -0.5773
vn 0.8313 0.3435 -0.4369
vn 0.4286 0.5978 -0.6775
vn 0.2498 0.6468 -0.7206
vn 0.2998 0.8725 -0.3857
vn 0.3229 0.9459 -0.0309
vn 0.4927 0.8695 -0.0338
vn 0.4712 0.8037 -0.3634
vn 0.7275 0.6852 -0.0360
vn 0.6994 0.6449 -0.3080
vn 0.3119 0.8912 0.3295
vn 0.4839 0.8218 0.3008
vn 0.7119 0.6594 0.2415
vn 0.8868 0.3909 -0.2466
vn 0.9120 0.4087 -0.0347
vn 0.8972 0.4015 0.1840
vn 0.6767 0.5165 0.5247
vn 0.8480 0.3653 0.3840
vn 0.4479 0.6343 0.6301
vn 0.2660 0.6843 0.6789
vn 0.2100 0.3635 0.9076
vn 0.1827 0.0303 0.9827
vn 0.3847 0.0226 0.9228
vn 0.4046 0.3368 0.8502
vn 0.6595 0.0092 0.7516
vn 0.6609 0.2663 0.7017
vn 0.1953 -0.3113 0.9300
vn 0.3911 -0.2988 0.8705
vn 0.6498 -0.2519 0.7171
vn 0.8759 0.1871 0.4447
vn 0.8836 -0.0066 0.4682
vn 0.8672 -0.2013 0.4554
vn 0.6534 -0.5164 0.5535
vn 0.8310 -0.3825 0.4039
vn 0.4197 -0.6165 0.6662
vn 0.2357 -0.6545 0.7183
vn 0.2697 -0.8863 0.3764
vn 0.2768 -0.9608 0.0168
vn 0.4500 -0.8930 0.0102
vn 0.4448 -0.8269 0.3441
vn 0.6934 -0.7205 -0.0010
vn 0.6801 -0.6790 0.2763
vn 0.2567 -0.9035 -0.3432
vn 0.4312 -0.8421 -0.3239
vn 0.6670 -0.6921 -0.2758
vn 0.8773 -0.4337 0.2055
vn 0.8912 -0.4535 -0.0133
vn 0.8665 -0.4449 -0.2265
vn 0.9712 0.1587 0.1779
vn 0.9816 -0.0182 0.1902
vn 0.9994 -0.0247 -0.0262
vn 0.9869 0.1585 -0.0306
vn 0.9713 -0.0292 -0.2362
vn 0.9616 0.1476 -0.2314
vn 0.9628 -0.1950 0.1870
vn 0.9781 -0.2071 -0.0215
vn 0.9531 -0.2049 -0.2229
vn 0.4420 -0.2929 0.8478
vn 0.4922 0.0474 0.8692
vn 0.2985 0.0477 0.9532
vn 0.2547 -0.2731 0.9277
vn -0.0210 0.0440 0.9988
vn -0.0393 -0.2172 0.9753
vn 0.4291 0.3830 0.8180
vn 0.2425 0.3635 0.8995
vn -0.0494 0.3014 0.9522
vn 0.2698 -0.6339 0.7248
vn 0.0973 -0.5895 0.8019
vn -0.1519 -0.4822 0.8628
vn -0.3740 -0.1608 0.9134
vn -0.3827 -0.3437 0.8575
vn -0.3750 0.0343 0.9264
vn -0.3815 0.2274 0.8960
vn -0.1718 0.5513 0.8164
vn -0.3970 0.4043 0.8240
vn 0.0732 0.6620 0.7460
vn 0.2441 0.7058 0.6651
vn -0.0120 0.9090 0.4166
vn -0.2509 0.9569 0.1464
vn -0.3828 0.8872 0.2577
vn -0.1622 0.8457 0.5084
vn -0.5650 0.7122 0.4166
vn -0.3767 0.6913 0.6167
vn -0.4640 0.8753 -0.1360
vn -0.5807 0.8141 -0.0040
vn -0.7211 0.6651 0.1942
vn -0.5596 0.4395 0.7026
vn -0.7083 0.4432 0.5495
vn -0.8275 0.4193 0.3733
vn -0.8662 0.4985 -0.0334
vn -0.9106 0.3653 0.1935
vn -0.7554 0.5994 -0.2646
vn -0.6455 0.6398 -0.4172
vn -0.7424 0.2956 -0.6012
vn -0.7609 -0.0465 -0.6472
vn -0.8785 -0.0405 -0.4761
vn -0.8556 0.2807 -0.4349
vn -0.9842 -0.0282 -0.1748
vn -0.9597 0.2326 -0.1579
vn -0.7283 -0.3804 -0.5700
vn -0.8424 -0.3544 -0.4059
vn -0.9492 -0.2846 -0.1345
vn -0.9667 0.1833 0.1784
vn -0.9835 -0.0112 0.1808
vn -0.9592 -0.2042 0.1958
vn -0.8461 -0.5329 0.0129
vn -0.8962 -0.3813 0.2268
vn -0.7308 -0.6501 -0.2081
vn -0.6190 -0.6999 -0.3564
vn -0.4301 -0.9010 -0.0562
vn -0.2147 -0.9487 0.2320
vn -0.3493 -0.8743 0.3369
vn -0.5494 -0.8326 0.0700
vn -0.5383 -0.6928 0.4798
vn -0.6957 -0.6719 0.2542
vn 0.0219 -0.8678 0.4964
vn -0.1307 -0.8023 0.5824
vn -0.3512 -0.6470 0.6768
vn -0.8117 -0.4153 0.4107
vn -0.6919 -0.4186 0.5882
vn -0.5437 -0.3957 0.7401
vn -0.8781 0.1804 0.4432
vn -0.8909 0.0034 0.4542
vn -0.7760 0.0136 0.6305
vn -0.7664 0.1961 0.6117
vn -0.6271 0.0231 0.7786
vn -0.6242 0.1994 0.7554
vn -0.8714 -0.1732 0.4590
vn -0.7595 -0.1693 0.6281
vn -0.6175 -0.1544 0.7713
vn -0.9173 -0.3520 -0.1863
vn -0.9837 -0.0131 -0.1792
vn -0.9214 -0.0216 -0.3879
vn -0.8559 -0.3422 -0.3878
vn -0.7430 -0.0329 -0.6685
vn -0.7010 -0.2931 -0.6501
vn -0.9198 0.3265 -0.2178
vn -0.8577 0.2997 -0.4178
vn -0.7019 0.2291 -0.6744
vn -0.6947 -0.6840 -0.2227
vn -0.6415 -0.6488 -0.4093
vn -0.5307 -0.5502 -0.6447
vn -0.4395 -0.2337 -0.8673
vn -0.3822 -0.4133 -0.8265
vn -0.4570 -0.0412 -0.8885
vn -0.4397 0.1529 -0.8850
vn -0.5315 0.4882 -0.6922
vn -0.3822 0.3364 -0.8607
vn -0.6431 0.6070 -0.4670
vn -0.6968 0.6586 -0.2843
vn -0.3494 0.8754 -0.3340
vn 0.0106 0.9397 -0.3418
vn 0.0160 0.8595 -0.5109
vn -0.3180 0.8026 -0.5047
vn 0.0237 0.6694 -0.7425
vn -0.2531 0.6380 -0.7272
vn 0.3689 0.8764 -0.3095
vn 0.3502 0.8026 -0.4830
vn 0.3022 0.6359 -0.7101
vn -0.1874 0.3782 -0.9066
vn 0.0301 0.3897 -0.9204
vn 0.2512 0.3773 -0.8914
vn 0.5770 0.4873 -0.6554
vn 0.4430 0.3365 -0.8310
vn 0.6727 0.6066 -0.4236
vn 0.7126 0.6594 -0.2397
vn 0.9307 0.3279 -0.1620
vn 0.9925 -0.0107 -0.1219
vn 0.9451 -0.0192 -0.3261
vn 0.8831 0.3006 -0.3601
vn 0.7861 -0.0309 -0.6173
vn 0.7438 0.2307 -0.6273
vn 0.9277 -0.3494 -0.1311
vn 0.8807 -0.3389 -0.3308
vn 0.7424 -0.2913 -0.6033
vn 0.4986 0.1551 -0.8529
vn 0.5160 -0.0400 -0.8556
vn 0.4979 -0.2337 -0.8352
vn 0.5750 -0.5470 -0.6084
vn 0.4418 -0.4115 -0.7971
vn 0.6697 -0.6458 -0.3667
vn 0.7091 -0.6821 -0.1789
vn 0.3667 -0.9015 -0.2296
vn 0.0096 -0.9665 -0.2563
vn 0.0151 -0.9018 -0.4320
vn 0.3481 -0.8435 -0.4090
vn 0.0231 -0.7332 -0.6796
vn 0.3006 -0.6978 -0.6501
vn -0.3492 -0.9021 -0.2536
vn -0.3178 -0.8449 -0.4303
vn -0.2531 -0.7008 -0.6669
vn 0.2503 -0.4563 -0.8539
vn 0.0296 -0.4705 -0.8819
vn -0.1876 -0.4581 -0.8689
vn 0.2443 0.1339 -0.9604
vn 0.2534 -0.0438 -0.9664
vn 0.0331 -0.0448 -0.9984
vn 0.0327 0.1392 -0.9897
vn -0.1841 -0.0443 -0.9819
vn -0.1746 0.1318 -0.9758
vn 0.2439 -0.2201 -0.9445
vn 0.0325 -0.2272 -0.9733
vn -0.1748 -0.2191 -0.9599
vn 0.7351 -0.3828 -0.5596
vn 0.7716 -0.0457 -0.6345
vn 0.8858 -0.0411 -0.4623
vn 0.8470 -0.3571 -0.3939
vn 0.9868 -0.0307 -0.1591
vn 0.9500 -0.2882 -0.1198
vn 0.7524 0.2992 -0.5869
vn 0.8630 0.2820 -0.4192
vn 0.9627 0.2313 -0.1401
vn 0.6196 -0.7032 -0.3486
vn 0.7303 -0.6537 -0.1983
vn 0.8431 -0.5372 0.0248
vn 0.9550 -0.2093 0.2101
vn 0.8908 -0.3866 0.2390
vn 0.9804 -0.0156 0.1966
vn 0.9642 0.1797 0.1950
vn 0.8676 0.4970 -0.0154
vn 0.9083 0.3619 0.2099
vn 0.7604 0.6005 -0.2474
vn 0.6520 0.6431 -0.4016
vn 0.4669 0.8757 -0.1229
vn 0.2539 0.9550 0.1536
vn 0.3845 0.8841 0.2655
vn 0.5823 0.8129 0.0100
vn 0.5649 0.7076 0.4246
vn 0.7205 0.6615 0.2081
vn 0.0179 0.9082 0.4181
vn 0.1672 0.8429 0.5114
vn 0.3792 0.6860 0.6210
vn 0.8243 0.4143 0.3858
vn 0.7062 0.4373 0.5569
vn 0.5585 0.4333 0.7074
vn 0.1781 0.5476 0.8176
vn 0.3979 0.3990 0.8261
vn -0.0647 0.6616 0.7471
vn -0.2363 0.7084 0.6650
vn -0.4229 0.3868 0.8195
vn -0.4880 0.0478 0.8715
vn -0.2936 0.0463 0.9548
vn -0.2352 0.3644 0.9011
vn 0.0285 0.0400 0.9988
vn 0.0586 0.2987 0.9526
vn -0.4394 -0.2975 0.8476
vn -0.2506 -0.2779 0.9274
vn 0.0464 -0.2229 0.9737
vn 0.3841 0.2220 0.8962
vn 0.3777 0.0283 0.9255
vn 0.3749 -0.1673 0.9118
vn 0.1538 -0.4880 0.8592
vn 0.3804 -0.3500 0.8560
vn -0.0944 -0.5955 0.7978
vn -0.2684 -0.6405 0.7196
vn -0.0239 -0.8720 0.4889
vn 0.2094 -0.9507 0.2288
vn 0.3434 -0.8774 0.3350
vn 0.1286 -0.8066 0.5769
vn 0.5321 -0.6975 0.4800
vn 0.3480 -0.6516 0.6741
vn 0.4253 -0.9035 -0.0531
vn 0.5439 -0.8358 0.0745
vn 0.6893 -0.6761 0.2604
vn 0.5390 -0.4016 0.7404
vn 0.6861 -0.4245 0.5908
vn 0.8049 -0.4208 0.4185
vn 0.6214 0.1929 0.7594
vn 0.6235 0.0165 0.7817
vn 0.7715 0.0071 0.6362
vn 0.7628 0.1896 0.6182
vn 0.8852 -0.0024 0.4653
vn 0.8732 0.1749 0.4549
vn 0.6131 -0.1610 0.7734
vn 0.7543 -0.1757 0.6326
vn 0.8649 -0.1792 0.4688
vn -0.2453 -0.3069 0.9196
vn -0.2348 0.0411 0.9712
vn -0.4360 0.0332 0.8994
vn -0.4413 -0.2949 0.8475
vn -0.7085 0.0180 0.7055
vn -0.6951 -0.2479 0.6748
vn -0.2596 0.3809 0.8874
vn -0.4546 0.3536 0.8175
vn -0.7059 0.2797 0.6508
vn -0.2759 -0.6514 0.7068
vn -0.4583 -0.6129 0.6437
vn -0.6853 -0.5127 0.5172
vn -0.8942 -0.1961 0.4024
vn -0.8539 -0.3783 0.3573
vn -0.9121 -0.0004 0.4099
vn -0.9023 0.1941 0.3849
vn -0.7070 0.5281 0.4705
vn -0.8696 0.3726 0.3239
vn -0.4845 0.6490 0.5865
vn -0.3041 0.7008 0.6453
vn -0.3294 0.8985 0.2902
vn -0.3211 0.9450 -0.0625
vn -0.4909 0.8683 -0.0718
vn -0.5006 0.8271 0.2556
vn -0.7255 0.6835 -0.0807
vn -0.7240 0.6631 0.1900
vn -0.2912 0.8675 -0.4034
vn -0.4620 0.7974 -0.3882
vn -0.6901 0.6385 -0.3409
vn -0.9050 0.4051 0.1299
vn -0.9093 0.4081 -0.0819
vn -0.8772 0.3869 -0.2842
vn -0.6478 0.4778 -0.5934
vn -0.8215 0.3369 -0.4600
vn -0.4227 0.5889 -0.6888
vn -0.2466 0.6402 -0.7276
vn -0.2005 0.3020 -0.9320
vn -0.1781 -0.0414 -0.9831
vn -0.3682 -0.0438 -0.9287
vn -0.3857 0.2764 -0.8803
vn -0.6364 -0.0441 -0.7701
vn -0.6352 0.2159 -0.7416
vn -0.1866 -0.3821 -0.9051
vn -0.3729 -0.3612 -0.8547
vn -0.6249 -0.3014 -0.7202
vn -0.8496 0.1552 -0.5040
vn -0.8582 -0.0391 -0.5119
vn -0.8417 -0.2319 -0.4876
vn -0.6266 -0.5522 -0.5500
vn -0.8061 -0.4086 -0.4280
vn -0.3970 -0.6610 -0.6368
vn -0.2187 -0.7075 -0.6720
vn -0.2536 -0.9103 -0.3273
vn -0.2804 -0.9597 0.0206
vn -0.4534 -0.8913 0.0049
vn -0.4273 -0.8464 -0.3178
vn -0.6956 -0.7182 -0.0195
vn -0.6619 -0.6939 -0.2836
vn -0.2917 -0.8824 0.3692
vn -0.4658 -0.8216 0.3287
vn -0.6957 -0.6737 0.2492
vn -0.8596 -0.4466 -0.2484
vn -0.8909 -0.4520 -0.0444
vn -0.8873 -0.4299 0.1668
vn -0.9526 0.1458 -0.2670
vn -0.9630 -0.0319 -0.2677
vn -0.9973 -0.0243 -0.0697
vn -0.9842 0.1594 -0.0765
vn -0.9900 -0.0147 0.1406
vn -0.9789 0.1619 0.1248
vn -0.9451 -0.2082 -0.2517
vn -0.9764 -0.2072 -0.0605
vn -0.9714 -0.1914 0.1404
vn -0.2010 -0.1835 -0.9622
vn 0.2010 -0.1835 -0.9622
vn 0.1921 -0.5293 -0.8264
vn -0.1921 -0.5293 -0.8264
vn -0.9625 0.2211 0.1571
vn -0.9699 0.1161 -0.2141
vn -0.9578 -0.2529 -0.1368
vn -0.9636 -0.1539 0.2186
vn -0.1925 -0.9297 0.3140
vn -0.1883 -0.9815 -0.0341
vn 0.1883 -0.9815 -0.0340
vn 0.1925 -0.9297 0.3141
vn 0.9699 0.1161 -0.2141
vn 0.9625 0.2211 0.1571
vn 0.9636 -0.1539 0.2186
vn 0.9578 -0.2529 -0.1368
vn 0.1906 0.3545 0.9154
vn -0.1906 0.3545 0.9154
vn -0.1912 -0.0214 0.9813
vn 0.1912 -0.0214 0.9813
vn 0.2007 0.9107 -0.3611
vn 0.7166 0.6301 -0.2992
vn 0.6132 0.3806 -0.6922
vn 0.2071 0.4714 -0.8573
vn 0.7157 -0.0862 -0.6931
vn 0.6892 -0.4215 -0.5893
vn 0.5661 -0.7216 -0.3986
vn 0.1764 -0.8615 -0.4762
vn 0.6896 -0.7222 -0.0546
vn 0.1921 0.9808 0.0332
vn 0.1807 0.8015 0.5700
vn 0.5759 0.6662 0.4738
vn 0.6953 0.7156 0.0667
vn 0.6945 0.2993 0.6543
vn 0.6935 -0.6650 0.2774
vn 0.5790 -0.4747 0.6629
vn 0.1822 -0.5726 0.7993
vn 0.6966 -0.0598 0.7150
vn -0.2007 0.9107 -0.3611
vn -0.2071 0.4714 -0.8573
vn -0.6132 0.3806 -0.6922
vn -0.7166 0.6301 -0.2992
vn -0.7157 -0.0862 -0.6931
vn -0.6896 -0.7222 -0.0547
vn -0.5661 -0.7216 -0.3985
vn -0.1764 -0.8615 -0.4762
vn -0.6892 -0.4215 -0.5893
vn -0.1921 0.9808 0.0332
vn -0.6953 0.7156 0.0667
vn -0.5759 0.6662 0.4738
vn -0.1808 0.8015 0.5700
vn -0.6945 0.2993 0.6543
vn -0.1822 -0.5726 0.7993
vn -0.5790 -0.4747 0.6629
vn -0.6935 -0.6650 0.2773
vn -0.6966 -0.0598 0.7150
vn 0.0318 0.0037 0.9995
vn 0.0085 -0.0488 0.9988
vn 0.0062 -0.1179 0.9930
vn 0.0268 -0.0563 0.9981
vn 0.0002 -0.2372 0.9715
vn 0.0171 -0.1646 0.9862
vn -0.0458 -0.1391 0.9892
vn -0.0423 -0.2131 0.9761
vn -0.0370 -0.3213 0.9463
vn -0.0000 0.0591 0.9983
vn 0.0331 0.0418 0.9986
vn -0.0000 0.0266 0.9996
vn -0.0000 -0.0276 0.9996
vn -0.0000 -0.1292 0.9916
vn 0.0010 -0.3585 0.9335
vn -0.0000 -0.3217 0.9468
vn -0.0137 -0.4334 0.9011
vn -0.0410 -0.5061 0.8615
vn -0.1081 -0.4777 0.8718
vn -0.0794 -0.5600 0.8246
vn -0.1296 -0.3861 0.9133
vn -0.1470 -0.3139 0.9380
vn -0.0525 -0.0814 0.9953
vn -0.1673 -0.2509 0.9534
vn 0.0070 -0.0005 1.0000
vn -0.2782 -0.5853 0.7616
vn -0.3622 -0.8551 0.3711
vn -0.2975 -0.8735 0.3853
vn -0.2339 -0.6354 0.7359
vn -0.2192 -0.8899 0.4001
vn -0.1801 -0.6939 0.6972
vn -0.3112 -0.9396 -0.1429
vn -0.2615 -0.9626 -0.0712
vn -0.2003 -0.9795 0.0212
vn -0.3308 -0.5325 0.7791
vn -0.1175 -0.7393 0.6631
vn -0.1374 -0.9007 0.4121
vn -0.1292 -0.9867 0.0990
vn -0.1270 -0.9380 -0.3227
vn -0.0921 -0.9753 -0.2008
vn -0.1522 -0.8826 -0.4448
vn -0.1715 -0.8297 -0.5312
vn -0.3671 -0.9070 -0.2063
vn -0.1923 -0.7797 -0.5958
vn -0.4418 -0.8248 0.3529
vn -0.1937 0.8292 0.5243
vn -0.2727 0.9216 -0.2760
vn -0.5250 0.8147 -0.2464
vn -0.4009 0.8027 0.4415
vn -0.6518 0.7239 -0.2259
vn -0.5486 0.7732 0.3182
vn -0.1948 0.4013 -0.8950
vn -0.4012 0.4208 -0.8136
vn -0.5454 0.4568 -0.7028
vn -0.0000 0.5561 0.8311
vn -0.0000 0.8220 0.5694
vn -0.0855 0.5742 0.8142
vn -0.2177 0.6196 0.7541
vn -0.3718 0.6733 0.6391
vn -0.6429 0.7409 0.1942
vn -0.5034 0.6970 0.5107
vn -0.7066 0.6720 -0.2216
vn -0.6350 0.4896 -0.5976
vn -0.3664 0.1946 -0.9099
vn -0.4928 0.2779 -0.8246
vn -0.2161 0.0926 -0.9720
vn -0.0852 0.0244 -0.9961
vn -0.0000 0.3711 -0.9286
vn -0.0000 0.0007 -1.0000
vn -0.0000 0.9580 -0.2866
vn -0.6861 0.7039 0.1839
vn -0.7420 0.6326 -0.2219
vn -0.7773 0.5904 -0.2174
vn -0.6988 0.6704 0.2496
vn -0.8246 0.5288 -0.2010
vn -0.7166 0.6168 0.3256
vn -0.6722 0.4562 -0.5831
vn -0.6776 0.3863 -0.6258
vn -0.6902 0.2997 -0.6587
vn -0.4906 0.6613 0.5674
vn -0.4688 0.6143 0.6348
vn -0.4484 0.5543 0.7012
vn -0.7440 0.5263 0.4116
vn -0.4335 0.4751 0.7657
vn -0.8902 0.4252 -0.1638
vn -0.7176 0.1845 -0.6716
vn -0.4269 0.0542 -0.9027
vn -0.4145 -0.0396 -0.9092
vn -0.4491 0.1372 -0.8829
vn -0.4753 0.2143 -0.8533
vn -0.0380 0.4714 0.8811
vn -0.1222 0.5056 0.8541
vn -0.0917 0.4443 0.8912
vn -0.0266 0.4207 0.9068
vn -0.0809 0.3998 0.9130
vn -0.0235 0.3815 0.9241
vn -0.2639 0.5670 0.7803
vn -0.2316 0.5084 0.8294
vn -0.2100 0.4548 0.8655
vn -0.0000 0.4624 0.8867
vn -0.0000 0.4159 0.9094
vn -0.0000 0.3785 0.9256
vn -0.0215 0.3396 0.9403
vn -0.0000 0.3378 0.9412
vn -0.0739 0.3533 0.9326
vn -0.1939 0.3953 0.8979
vn -0.6982 0.0277 0.7154
vn -0.9721 -0.2165 0.0898
vn -0.8638 -0.4670 0.1890
vn -0.6178 -0.1728 0.7671
vn -0.6369 -0.7122 0.2951
vn -0.4595 -0.4002 0.7929
vn -0.7194 -0.3741 -0.5852
vn -0.6529 -0.5839 -0.4825
vn -0.4995 -0.8015 -0.3289
vn -0.3443 0.2118 0.9146
vn -0.7257 0.1329 0.6751
vn -0.3259 0.1570 0.9323
vn -0.2883 0.0343 0.9569
vn -0.2204 -0.1354 0.9660
vn -0.2450 -0.6805 -0.6906
vn -0.3072 -0.5157 -0.7998
vn -0.3367 -0.3859 -0.8589
vn -0.7362 -0.2593 -0.6251
vn -0.3500 -0.3258 -0.8783
vn -0.9969 -0.0710 0.0329
vn 0.0030 0.1987 0.9801
vn -0.0365 0.2018 0.9787
vn -0.0240 0.1503 0.9884
vn 0.0130 0.1565 0.9876
vn -0.0051 0.0667 0.9978
vn 0.0264 0.0917 0.9954
vn -0.1254 0.1953 0.9727
vn -0.1066 0.1217 0.9868
vn -0.0754 0.0069 0.9971
vn -0.0000 0.2108 0.9775
vn -0.0020 0.2137 0.9769
vn -0.0000 0.1972 0.9804
vn -0.0000 0.1605 0.9870
vn -0.0000 0.1032 0.9947
vn -0.1354 0.2235 0.9653
vn -0.0427 0.2199 0.9746
vn -0.1285 -0.3723 -0.9192
vn -0.0373 -0.3692 -0.9286
vn -0.0251 -0.4204 -0.9070
vn -0.1116 -0.4477 -0.8872
vn -0.0061 -0.5011 -0.8653
vn -0.0823 -0.5596 -0.8247
vn 0.0030 -0.3724 -0.9281
vn 0.0132 -0.4137 -0.9103
vn 0.0272 -0.4760 -0.8790
vn -0.1374 -0.3430 -0.9292
vn -0.0600 -0.6403 -0.7658
vn 0.0063 -0.5638 -0.8259
vn 0.0344 -0.5230 -0.8516
vn -0.0000 -0.4650 -0.8853
vn -0.0000 -0.5069 -0.8620
vn -0.0000 -0.4098 -0.9122
vn -0.0000 -0.3738 -0.9275
vn -0.0021 -0.3577 -0.9338
vn -0.0000 -0.3605 -0.9328
vn -0.0434 -0.3511 -0.9353
vn -0.2568 0.0298 -0.9660
vn -0.1197 -0.0566 -0.9912
vn -0.0893 -0.1253 -0.9881
vn -0.2233 -0.0441 -0.9737
vn -0.0787 -0.1716 -0.9820
vn -0.2020 -0.1050 -0.9737
vn -0.0373 -0.0976 -0.9945
vn -0.0259 -0.1519 -0.9881
vn -0.0230 -0.1917 -0.9812
vn -0.1879 -0.1678 -0.9678
vn -0.0724 -0.2183 -0.9732
vn -0.0211 -0.2332 -0.9722
vn -0.0000 -0.1948 -0.9808
vn -0.0000 -0.2350 -0.9720
vn -0.0000 -0.1569 -0.9876
vn -0.0000 -0.1077 -0.9942
vn -0.0605 -0.7281 0.6828
vn -0.0748 -0.9056 0.4174
vn -0.0430 -0.9081 0.4166
vn -0.0325 -0.6852 0.7276
vn -0.0298 -0.9100 0.4135
vn -0.0188 -0.6400 0.7682
vn -0.0659 -0.9948 0.0780
vn -0.0354 -0.9994 0.0033
vn -0.0204 -0.9972 -0.0723
vn -0.0000 -0.6192 0.7853
vn -0.0000 -0.9116 0.4112
vn -0.0000 -0.9943 -0.1068
vn 0.0008 -0.8795 -0.4759
vn -0.0000 -0.8547 -0.5191
vn -0.0163 -0.9241 -0.3818
vn -0.0479 -0.9582 -0.2822
vn -0.0537 -0.6928 -0.7191
vn 0.0077 -0.6093 -0.7929
vn 0.0055 -0.6749 -0.7379
vn -0.0505 -0.7592 -0.6489
vn -0.0011 -0.7826 -0.6226
vn -0.0443 -0.8469 -0.5299
vn 0.0333 -0.5596 -0.8281
vn 0.0284 -0.6178 -0.7858
vn 0.0184 -0.7210 -0.6927
vn -0.0000 -0.6895 -0.7243
vn -0.0000 -0.5911 -0.8066
vn -0.0000 -0.5382 -0.8428
vn -0.1751 -0.2308 -0.9571
vn -0.0659 -0.2658 -0.9618
vn -0.0582 -0.3059 -0.9503
vn -0.1617 -0.2827 -0.9455
vn -0.0501 -0.3350 -0.9409
vn -0.1484 -0.3200 -0.9357
vn -0.0181 -0.2765 -0.9608
vn -0.0132 -0.3145 -0.9492
vn -0.0072 -0.3427 -0.9394
vn -0.4027 -0.1376 -0.9049
vn -0.3862 -0.2202 -0.8957
vn -0.3671 -0.2819 -0.8864
vn -0.0000 -0.3446 -0.9388
vn -0.0000 -0.3156 -0.9489
vn -0.0000 -0.2776 -0.9607
vn -0.0182 0.2956 0.9551
vn -0.0665 0.3055 0.9499
vn -0.0581 0.2651 0.9625
vn -0.0131 0.2572 0.9663
vn -0.0496 0.2359 0.9705
vn -0.0071 0.2287 0.9735
vn -0.1783 0.3335 0.9258
vn -0.1623 0.2824 0.9455
vn -0.1473 0.2458 0.9581
vn -0.0000 0.2946 0.9556
vn -0.0000 0.2561 0.9666
vn -0.0000 0.2269 0.9739
vn -0.3659 0.2516 0.8960
vn -0.3911 0.3087 0.8670
vn -0.4151 0.3856 0.8240
vn -0.7630 0.4093 0.5003
vn -0.9512 0.2880 -0.1105
vn -0.9871 0.1502 -0.0555
vn -0.7618 0.2973 0.5756
vn -0.9995 0.0305 -0.0075
vn -0.7462 0.2057 0.6332
vn -0.7431 0.0502 -0.6673
vn -0.7524 -0.0746 -0.6545
vn -0.7475 -0.1770 -0.6402
vn -0.0318 0.0037 0.9995
vn -0.0268 -0.0563 0.9981
vn -0.0062 -0.1179 0.9930
vn -0.0085 -0.0488 0.9988
vn -0.0171 -0.1646 0.9862
vn -0.0002 -0.2372 0.9715
vn 0.0423 -0.2131 0.9761
vn 0.0458 -0.1391 0.9892
vn 0.0370 -0.3213 0.9463
vn -0.0331 0.0418 0.9986
vn -0.0010 -0.3585 0.9335
vn 0.0137 -0.4334 0.9011
vn 0.0410 -0.5061 0.8615
vn 0.0794 -0.5600 0.8247
vn 0.1081 -0.4777 0.8718
vn 0.1296 -0.3861 0.9133
vn 0.1470 -0.3139 0.9380
vn 0.0525 -0.0814 0.9953
vn 0.1673 -0.2509 0.9534
vn -0.0070 -0.0005 1.0000
vn 0.2782 -0.5853 0.7616
vn 0.2339 -0.6354 0.7359
vn 0.2975 -0.8735 0.3853
vn 0.3622 -0.8551 0.3711
vn 0.1801 -0.6939 0.6972
vn 0.2192 -0.8899 0.4001
vn 0.2615 -0.9626 -0.0711
vn 0.3112 -0.9396 -0.1429
vn 0.2003 -0.9795 0.0212
vn 0.3308 -0.5325 0.7791
vn 0.1175 -0.7393 0.6631
vn 0.1374 -0.9007 0.4121
vn 0.1292 -0.9867 0.0990
vn 0.0921 -0.9753 -0.2008
vn 0.1270 -0.9380 -0.3226
vn 0.1522 -0.8826 -0.4448
vn 0.1715 -0.8297 -0.5312
vn 0.3671 -0.9070 -0.2063
vn 0.1923 -0.7797 -0.5958
vn 0.4418 -0.8248 0.3529
vn 0.1937 0.8292 0.5243
vn 0.4010 0.8027 0.4415
vn 0.5250 0.8147 -0.2464
vn 0.2727 0.9217 -0.2760
vn 0.5486 0.7732 0.3182
vn 0.6519 0.7239 -0.2259
vn 0.4012 0.4208 -0.8136
vn 0.1948 0.4014 -0.8950
vn 0.5454 0.4568 -0.7028
vn 0.0855 0.5742 0.8142
vn 0.2177 0.6196 0.7541
vn 0.3718 0.6733 0.6391
vn 0.5034 0.6970 0.5107
vn 0.6429 0.7409 0.1943
vn 0.7066 0.6720 -0.2216
vn 0.6350 0.4896 -0.5976
vn 0.4928 0.2779 -0.8246
vn 0.3665 0.1946 -0.9099
vn 0.2161 0.0926 -0.9720
vn 0.0852 0.0244 -0.9961
vn 0.6861 0.7039 0.1840
vn 0.6988 0.6704 0.2496
vn 0.7773 0.5904 -0.2174
vn 0.7420 0.6326 -0.2219
vn 0.7166 0.6168 0.3256
vn 0.8246 0.5288 -0.2010
vn 0.6776 0.3863 -0.6258
vn 0.6722 0.4562 -0.5831
vn 0.6902 0.2996 -0.6587
vn 0.4906 0.6613 0.5674
vn 0.4687 0.6143 0.6348
vn 0.4484 0.5543 0.7012
vn 0.4335 0.4751 0.7657
vn 0.7440 0.5263 0.4116
vn 0.8902 0.4252 -0.1638
vn 0.7176 0.1846 -0.6716
vn 0.4145 -0.0396 -0.9092
vn 0.4269 0.0542 -0.9027
vn 0.4491 0.1372 -0.8829
vn 0.4753 0.2143 -0.8533
vn 0.0380 0.4714 0.8811
vn 0.0266 0.4207 0.9068
vn 0.0917 0.4443 0.8912
vn 0.1222 0.5056 0.8541
vn 0.0235 0.3815 0.9241
vn 0.0809 0.3998 0.9130
vn 0.2316 0.5084 0.8294
vn 0.2639 0.5670 0.7803
vn 0.2100 0.4548 0.8655
vn 0.0215 0.3396 0.9403
vn 0.0739 0.3533 0.9326
vn 0.1939 0.3953 0.8979
vn 0.6982 0.0277 0.7154
vn 0.6178 -0.1728 0.7671
vn 0.8638 -0.4669 0.1890
vn 0.9721 -0.2165 0.0898
vn 0.4596 -0.4002 0.7928
vn 0.6370 -0.7122 0.2951
vn 0.6529 -0.5839 -0.4825
vn 0.7194 -0.3742 -0.5852
vn 0.4995 -0.8014 -0.3289
vn 0.3443 0.2118 0.9146
vn 0.3259 0.1570 0.9323
vn 0.7257 0.1329 0.6751
vn 0.2883 0.0343 0.9569
vn 0.2204 -0.1354 0.9660
vn 0.2450 -0.6805 -0.6906
vn 0.3072 -0.5157 -0.7998
vn 0.3367 -0.3859 -0.8589
vn 0.7362 -0.2593 -0.6251
vn 0.3500 -0.3258 -0.8783
vn 0.9969 -0.0710 0.0329
vn -0.0030 0.1987 0.9801
vn -0.0130 0.1565 0.9876
vn 0.0240 0.1503 0.9884
vn 0.0365 0.2018 0.9787
vn -0.0264 0.0917 0.9954
vn 0.0051 0.0667 0.9978
vn 0.1066 0.1217 0.9868
vn 0.1254 0.1953 0.9727
vn 0.0754 0.0069 0.9971
vn 0.0020 0.2137 0.9769
vn 0.1354 0.2235 0.9653
vn 0.0427 0.2199 0.9746
vn 0.1285 -0.3723 -0.9192
vn 0.1116 -0.4477 -0.8872
vn 0.0251 -0.4204 -0.9070
vn 0.0373 -0.3692 -0.9286
vn 0.0823 -0.5596 -0.8247
vn 0.0061 -0.5011 -0.8653
vn -0.0132 -0.4137 -0.9103
vn -0.0030 -0.3724 -0.9281
vn -0.0272 -0.4760 -0.8790
vn 0.1374 -0.3430 -0.9292
vn 0.0600 -0.6403 -0.7658
vn -0.0063 -0.5638 -0.8259
vn -0.0344 -0.5230 -0.8516
vn 0.0021 -0.3577 -0.9338
vn 0.0434 -0.3511 -0.9353
vn 0.2568 0.0298 -0.9660
vn 0.2233 -0.0441 -0.9737
vn 0.0893 -0.1253 -0.9881
vn 0.1197 -0.0566 -0.9912
vn 0.2020 -0.1050 -0.9737
vn 0.0787 -0.1716 -0.9820
vn 0.0259 -0.1519 -0.9881
vn 0.0373 -0.0976 -0.9945
vn 0.0230 -0.1917 -0.9812
vn 0.1879 -0.1678 -0.9678
vn 0.0724 -0.2183 -0.9732
vn 0.0211 -0.2332 -0.9722
vn 0.0605 -0.7281 0.6828
vn 0.0325 -0.6852 0.7276
vn 0.0430 -0.9081 0.4166
vn 0.0748 -0.9056 0.4174
vn 0.0188 -0.6400 0.7682
vn 0.0298 -0.9100 0.4135
vn 0.0354 -0.9994 0.0033
vn 0.0659 -0.9948 0.0780
vn 0.0204 -0.9972 -0.0723
vn -0.0008 -0.8795 -0.4759
vn 0.0163 -0.9241 -0.3818
vn 0.0479 -0.9582 -0.2822
vn 0.0537 -0.6928 -0.7191
vn 0.0505 -0.7592 -0.6489
vn -0.0055 -0.6749 -0.7379
vn -0.0077 -0.6093 -0.7929
vn 0.0443 -0.8469 -0.5299
vn 0.0011 -0.7826 -0.6226
vn -0.0284 -0.6179 -0.7858
vn -0.0333 -0.5596 -0.8281
vn -0.0184 -0.7210 -0.6927
vn 0.1751 -0.2308 -0.9571
vn 0.1617 -0.2827 -0.9455
vn 0.0582 -0.3059 -0.9503
vn 0.0659 -0.2658 -0.9618
vn 0.1484 -0.3200 -0.9357
vn 0.0501 -0.3350 -0.9409
vn 0.0132 -0.3145 -0.9492
vn 0.0181 -0.2765 -0.9608
vn 0.0072 -0.3427 -0.9394
vn 0.4027 -0.1376 -0.9049
vn 0.3862 -0.2202 -0.8957
vn 0.3671 -0.2819 -0.8864
vn 0.0182 0.2956 0.9551
vn 0.0131 0.2572 0.9663
vn 0.0581 0.2651 0.9625
vn 0.0665 0.3055 0.9499
vn 0.0071 0.2287 0.9735
vn 0.0496 0.2359 0.9705
vn 0.1623 0.2824 0.9455
vn 0.1783 0.3335 0.9258
vn 0.1473 0.2458 0.9581
vn 0.3659 0.2516 0.8960
vn 0.3911 0.3087 0.8670
vn 0.4151 0.3856 0.8240
vn 0.7630 0.4093 0.5003
vn 0.7618 0.2973 0.5756
vn 0.9871 0.1502 -0.0555
vn 0.9512 0.2880 -0.1105
vn 0.7462 0.2057 0.6332
vn 0.9995 0.0305 -0.0075
vn 0.7524 -0.0746 -0.6545
vn 0.7431 0.0502 -0.6673
vn 0.7475 -0.1770 -0.6402
vt 0.946414 0.535238
vt 0.947038 0.535238
vt 0.947038 0.538981
vt 0.946414 0.538981
vt 0.947662 0.535238
vt 0.947662 0.538981
vt 0.948285 0.535238
vt 0.948285 0.538981
vt 0.948909 0.535238
vt 0.948909 0.538981
vt 0.949533 0.535238
vt 0.949533 0.538981
vt 0.950156 0.535238
vt 0.950156 0.538981
vt 0.947038 0.542723
vt 0.946414 0.542723
vt 0.947662 0.542723
vt 0.948285 0.542723
vt 0.948909 0.542723
vt 0.949533 0.542723
vt 0.950156 0.542723
vt 0.947038 0.546465
vt 0.946414 0.546465
vt 0.947662 0.546465
vt 0.948285 0.546465
vt 0.948909 0.546465
vt 0.949533 0.546465
vt 0.950156 0.546465
vt 0.947038 0.550208
vt 0.946414 0.550208
vt 0.947662 0.550208
vt 0.948285 0.550208
vt 0.948909 0.550208
vt 0.949533 0.550208
vt 0.950156 0.550208
vt 0.947038 0.553950
vt 0.946414 0.553950
vt 0.947662 0.553950
vt 0.948285 0.553950
vt 0.948909 0.553950
vt 0.949533 0.553950
vt 0.950156 0.553950
vt 0.947038 0.557692
vt 0.946414 0.557692
vt 0.947662 0.557692
vt 0.948285 0.557692
vt 0.948909 0.557692
vt 0.949533 0.557692
vt 0.950156 0.557692
vt 0.945790 0.531496
vt 0.946414 0.531496
vt 0.945790 0.535238
vt 0.947038 0.531496
vt 0.947662 0.531496
vt 0.948285 0.531496
vt 0.948909 0.531496
vt 0.949533 0.531496
vt 0.950156 0.531496
vt 0.950780 0.531496
vt 0.950780 0.535238
vt 0.950780 0.538981
vt 0.950780 0.542723
vt 0.950780 0.546465
vt 0.950780 0.550208
vt 0.950780 0.553950
vt 0.950780 0.557692
vt 0.950780 0.561435
vt 0.950156 0.561435
vt 0.949533 0.561435
vt 0.948909 0.561435
vt 0.948285 0.561435
vt 0.947662 0.561435
vt 0.947038 0.561435
vt 0.946414 0.561435
vt 0.945790 0.557692
vt 0.945790 0.561435
vt 0.945790 0.553950
vt 0.945790 0.550208
vt 0.945790 0.546465
vt 0.945790 0.542723
vt 0.945790 0.538981
vt 0.946414 0.565177
vt 0.947038 0.565177
vt 0.947038 0.568919
vt 0.946414 0.568919
vt 0.947662 0.565177
vt 0.947662 0.568919
vt 0.948285 0.565177
vt 0.948285 0.568919
vt 0.948909 0.565177
vt 0.948909 0.568919
vt 0.949533 0.565177
vt 0.949533 0.568919
vt 0.950156 0.565177
vt 0.950156 0.568919
vt 0.947038 0.572662
vt 0.946414 0.572662
vt 0.947662 0.572662
vt 0.948285 0.572662
vt 0.948909 0.572662
vt 0.949533 0.572662
vt 0.950156 0.572662
vt 0.947038 0.576404
vt 0.946414 0.576404
vt 0.947662 0.576404
vt 0.948285 0.576404
vt 0.948909 0.576404
vt 0.949533 0.576404
vt 0.950156 0.576404
vt 0.947038 0.580146
vt 0.946414 0.580146
vt 0.947662 0.580146
vt 0.948287 0.580146
vt 0.948911 0.580146
vt 0.949536 0.580146
vt 0.950158 0.580146
vt 0.947039 0.583889
vt 0.946414 0.583889
vt 0.947666 0.583889
vt 0.948296 0.583889
vt 0.948928 0.583889
vt 0.949556 0.583889
vt 0.950171 0.583889
vt 0.947042 0.587631
vt 0.946415 0.587631
vt 0.947677 0.587631
vt 0.948322 0.587631
vt 0.948976 0.587631
vt 0.949620 0.587631
vt 0.950227 0.587631
vt 0.945790 0.565177
vt 0.950780 0.565177
vt 0.950780 0.568919
vt 0.950780 0.572662
vt 0.950780 0.576404
vt 0.950780 0.580146
vt 0.950780 0.583889
vt 0.950780 0.587631
vt 0.950780 0.591373
vt 0.950491 0.591373
vt 0.949793 0.591373
vt 0.949074 0.591373
vt 0.948372 0.591373
vt 0.947698 0.591373
vt 0.947049 0.591373
vt 0.946415 0.591373
vt 0.945790 0.587631
vt 0.945790 0.591373
vt 0.945790 0.583889
vt 0.945790 0.580146
vt 0.945790 0.576404
vt 0.945790 0.572662
vt 0.945790 0.568919
vt 0.946417 0.595116
vt 0.947058 0.595116
vt 0.947069 0.598858
vt 0.946418 0.598858
vt 0.947731 0.595116
vt 0.947767 0.598858
vt 0.948449 0.595116
vt 0.948534 0.598858
vt 0.949232 0.595116
vt 0.949406 0.598858
vt 0.950110 0.595116
vt 0.950457 0.598858
vt 0.951162 0.595116
vt 0.951800 0.598858
vt 0.947078 0.602600
vt 0.946419 0.602600
vt 0.947796 0.602600
vt 0.948603 0.602600
vt 0.949542 0.602600
vt 0.950701 0.602600
vt 0.952183 0.602600
vt 0.947081 0.606343
vt 0.946419 0.606343
vt 0.947808 0.606343
vt 0.948632 0.606343
vt 0.949597 0.606343
vt 0.950789 0.606343
vt 0.952306 0.606343
vt 0.947078 0.610085
vt 0.946419 0.610085
vt 0.947796 0.610085
vt 0.948603 0.610085
vt 0.949542 0.610085
vt 0.950701 0.610085
vt 0.952183 0.610085
vt 0.947069 0.613827
vt 0.946418 0.613827
vt 0.947767 0.613827
vt 0.948534 0.613827
vt 0.949406 0.613827
vt 0.950457 0.613827
vt 0.951800 0.613827
vt 0.947058 0.617570
vt 0.946417 0.617570
vt 0.947731 0.617570
vt 0.948449 0.617570
vt 0.949232 0.617570
vt 0.950110 0.617570
vt 0.951162 0.617570
vt 0.945790 0.595116
vt 0.952760 0.595116
vt 0.953644 0.598858
vt 0.954105 0.602600
vt 0.954245 0.606343
vt 0.954105 0.610085
vt 0.953644 0.613827
vt 0.952760 0.617570
vt 0.950780 0.621312
vt 0.950491 0.621312
vt 0.949793 0.621312
vt 0.949074 0.621312
vt 0.948372 0.621312
vt 0.947698 0.621312
vt 0.947049 0.621312
vt 0.946415 0.621312
vt 0.945790 0.617570
vt 0.945790 0.621312
vt 0.945790 0.613827
vt 0.945790 0.610085
vt 0.945790 0.606343
vt 0.945790 0.602600
vt 0.945790 0.598858
vt 0.946415 0.625055
vt 0.947042 0.625055
vt 0.947039 0.628797
vt 0.946414 0.628797
vt 0.947677 0.625055
vt 0.947666 0.628797
vt 0.948322 0.625055
vt 0.948296 0.628797
vt 0.948976 0.625055
vt 0.948928 0.628797
vt 0.949620 0.625055
vt 0.949556 0.628797
vt 0.950227 0.625055
vt 0.950171 0.628797
vt 0.947038 0.632539
vt 0.946414 0.632539
vt 0.947662 0.632539
vt 0.948287 0.632539
vt 0.948911 0.632539
vt 0.949536 0.632539
vt 0.950158 0.632539
vt 0.947038 0.636282
vt 0.946414 0.636282
vt 0.947662 0.636282
vt 0.948285 0.636282
vt 0.948909 0.636282
vt 0.949533 0.636282
vt 0.950156 0.636282
vt 0.947038 0.637332
vt 0.946414 0.637332
vt 0.947662 0.637332
vt 0.948285 0.637332
vt 0.948909 0.637332
vt 0.949533 0.637332
vt 0.950156 0.637332
vt 0.947038 0.641074
vt 0.946414 0.641074
vt 0.947662 0.641074
vt 0.948285 0.641074
vt 0.948909 0.641074
vt 0.949533 0.641074
vt 0.950156 0.641074
vt 0.947038 0.644816
vt 0.946414 0.644816
vt 0.947662 0.644816
vt 0.948285 0.644816
vt 0.948909 0.644816
vt 0.949533 0.644816
vt 0.950156 0.644816
vt 0.945790 0.625055
vt 0.950780 0.625055
vt 0.950780 0.628797
vt 0.950780 0.632539
vt 0.950780 0.636282
vt 0.950780 0.637332
vt 0.950780 0.641074
vt 0.950780 0.644816
vt 0.950780 0.648559
vt 0.950156 0.648559
vt 0.949533 0.648559
vt 0.948909 0.648559
vt 0.948285 0.648559
vt 0.947662 0.648559
vt 0.947038 0.648559
vt 0.946414 0.648559
vt 0.945790 0.644816
vt 0.945790 0.648559
vt 0.945790 0.641074
vt 0.945790 0.637332
vt 0.945790 0.636282
vt 0.945790 0.632539
vt 0.945790 0.628797
vt 0.894643 0.595116
vt 0.898371 0.595116
vt 0.898358 0.598858
vt 0.894641 0.598858
vt 0.902076 0.595116
vt 0.902029 0.598858
vt 0.905745 0.595116
vt 0.905634 0.598858
vt 0.909358 0.595116
vt 0.909137 0.598858
vt 0.912866 0.595116
vt 0.912455 0.598858
vt 0.916164 0.595116
vt 0.915471 0.598858
vt 0.898348 0.602600
vt 0.894640 0.602600
vt 0.901996 0.602600
vt 0.905555 0.602600
vt 0.908984 0.602600
vt 0.912192 0.602600
vt 0.915074 0.602600
vt 0.871883 0.976046
vt 0.871993 0.972340
vt 0.875734 0.972454
vt 0.875624 0.976157
vt 0.901983 0.606343
vt 0.898344 0.606343
vt 0.905525 0.606343
vt 0.908927 0.606343
vt 0.872309 0.961708
vt 0.872404 0.958502
vt 0.876142 0.958704
vt 0.876048 0.961876
vt 0.872490 0.955620
vt 0.876227 0.955856
vt 0.879475 0.972562
vt 0.879364 0.976268
vt 0.901996 0.610085
vt 0.898348 0.610085
vt 0.905555 0.610085
vt 0.908984 0.610085
vt 0.879885 0.958724
vt 0.879790 0.961930
vt 0.879971 0.955842
vt 0.883216 0.972663
vt 0.883105 0.976378
vt 0.879583 0.968915
vt 0.883325 0.968993
vt 0.905634 0.613827
vt 0.902029 0.613827
vt 0.909137 0.613827
vt 0.883634 0.958571
vt 0.883535 0.961888
vt 0.883723 0.955557
vt 0.886957 0.972760
vt 0.886846 0.976487
vt 0.887066 0.969057
vt 0.905745 0.617570
vt 0.902076 0.617570
vt 0.909358 0.617570
vt 0.912455 0.613827
vt 0.912866 0.617570
vt 0.915471 0.613827
vt 0.916164 0.617570
vt 0.890903 0.591373
vt 0.894645 0.591373
vt 0.890903 0.595116
vt 0.898387 0.591373
vt 0.902130 0.591373
vt 0.905872 0.591373
vt 0.909614 0.591373
vt 0.913357 0.591373
vt 0.917099 0.591373
vt 0.920841 0.591373
vt 0.918862 0.595116
vt 0.865041 0.954309
vt 0.865121 0.951612
vt 0.868835 0.952608
vt 0.868761 0.955113
vt 0.872562 0.953179
vt 0.876299 0.953430
vt 0.880044 0.953402
vt 0.883798 0.953052
vt 0.917977 0.613827
vt 0.918862 0.617570
vt 0.920841 0.621312
vt 0.917099 0.621312
vt 0.913357 0.621312
vt 0.909614 0.621312
vt 0.905872 0.621312
vt 0.902130 0.621312
vt 0.898371 0.617570
vt 0.898387 0.621312
vt 0.894643 0.617570
vt 0.894645 0.621312
vt 0.890903 0.617570
vt 0.890903 0.621312
vt 0.882994 0.980115
vt 0.886735 0.980226
vt 0.879254 0.980003
vt 0.875513 0.979892
vt 0.871772 0.979781
vt 0.868031 0.979670
vt 0.868142 0.975933
vt 0.890903 0.598858
vt 0.955457 0.595116
vt 0.958755 0.595116
vt 0.959166 0.598858
vt 0.956151 0.598858
vt 0.962263 0.595116
vt 0.962485 0.598858
vt 0.965877 0.595116
vt 0.965988 0.598858
vt 0.969546 0.595116
vt 0.969592 0.598858
vt 0.973250 0.595116
vt 0.973264 0.598858
vt 0.976979 0.595116
vt 0.976980 0.598858
vt 0.959430 0.602600
vt 0.956547 0.602600
vt 0.962638 0.602600
vt 0.966066 0.602600
vt 0.969625 0.602600
vt 0.973274 0.602600
vt 0.976982 0.602600
vt 0.959521 0.606343
vt 0.956672 0.606343
vt 0.962695 0.606343
vt 0.966096 0.606343
vt 0.969638 0.606343
vt 0.973278 0.606343
vt 0.976982 0.606343
vt 0.959430 0.610085
vt 0.956547 0.610085
vt 0.962638 0.610085
vt 0.966066 0.610085
vt 0.969625 0.610085
vt 0.973274 0.610085
vt 0.976982 0.610085
vt 0.959166 0.613827
vt 0.956151 0.613827
vt 0.962485 0.613827
vt 0.965988 0.613827
vt 0.969592 0.613827
vt 0.973264 0.613827
vt 0.976980 0.613827
vt 0.958755 0.617570
vt 0.955457 0.617570
vt 0.962263 0.617570
vt 0.965877 0.617570
vt 0.969546 0.617570
vt 0.973250 0.617570
vt 0.976979 0.617570
vt 0.954522 0.591373
vt 0.958265 0.591373
vt 0.962007 0.591373
vt 0.965750 0.591373
vt 0.969492 0.591373
vt 0.973234 0.591373
vt 0.976977 0.591373
vt 0.980719 0.591373
vt 0.980719 0.595116
vt 0.980719 0.598858
vt 0.980719 0.602600
vt 0.980719 0.606343
vt 0.980719 0.610085
vt 0.980719 0.613827
vt 0.980719 0.617570
vt 0.980719 0.621312
vt 0.976977 0.621312
vt 0.973234 0.621312
vt 0.969492 0.621312
vt 0.965750 0.621312
vt 0.962007 0.621312
vt 0.958265 0.621312
vt 0.954522 0.621312
vt 0.926456 0.625055
vt 0.927092 0.625055
vt 0.927091 0.628797
vt 0.926456 0.628797
vt 0.927746 0.625055
vt 0.927745 0.628797
vt 0.928430 0.625055
vt 0.928428 0.628797
vt 0.929152 0.625055
vt 0.929149 0.628797
vt 0.929924 0.625055
vt 0.929918 0.628797
vt 0.930753 0.625055
vt 0.930746 0.628797
vt 0.927091 0.632539
vt 0.926456 0.632539
vt 0.927743 0.632539
vt 0.928423 0.632539
vt 0.929139 0.632539
vt 0.929903 0.632539
vt 0.930727 0.632539
vt 0.927089 0.636282
vt 0.926456 0.636282
vt 0.927739 0.636282
vt 0.928413 0.636282
vt 0.929120 0.636282
vt 0.929875 0.636282
vt 0.930691 0.636282
vt 0.927087 0.637332
vt 0.926456 0.637332
vt 0.927732 0.637332
vt 0.928397 0.637332
vt 0.929090 0.637332
vt 0.929828 0.637332
vt 0.930629 0.637332
vt 0.927085 0.641074
vt 0.926456 0.641074
vt 0.927723 0.641074
vt 0.928376 0.641074
vt 0.929049 0.641074
vt 0.929760 0.641074
vt 0.930531 0.641074
vt 0.927082 0.644816
vt 0.926455 0.644816
vt 0.927713 0.644816
vt 0.928352 0.644816
vt 0.929002 0.644816
vt 0.929672 0.644816
vt 0.930385 0.644816
vt 0.925831 0.621312
vt 0.926456 0.621312
vt 0.925831 0.625055
vt 0.927092 0.621312
vt 0.927746 0.621312
vt 0.928430 0.621312
vt 0.929153 0.621312
vt 0.929924 0.621312
vt 0.930754 0.621312
vt 0.931653 0.621312
vt 0.931651 0.625055
vt 0.931644 0.628797
vt 0.931623 0.632539
vt 0.931583 0.636282
vt 0.931515 0.637332
vt 0.931401 0.641074
vt 0.931214 0.644816
vt 0.930821 0.648559
vt 0.930197 0.648559
vt 0.929574 0.648559
vt 0.928950 0.648559
vt 0.928326 0.648559
vt 0.927702 0.648559
vt 0.927079 0.648559
vt 0.926455 0.648559
vt 0.925831 0.644816
vt 0.925831 0.648559
vt 0.925831 0.641074
vt 0.925831 0.637332
vt 0.925831 0.636282
vt 0.925831 0.632539
vt 0.925831 0.628797
vt 0.932623 0.625055
vt 0.933653 0.625055
vt 0.933648 0.628797
vt 0.932616 0.628797
vt 0.934722 0.625055
vt 0.934719 0.628797
vt 0.935811 0.625055
vt 0.935811 0.628797
vt 0.936899 0.625055
vt 0.936902 0.628797
vt 0.937968 0.625055
vt 0.937974 0.628797
vt 0.938999 0.625055
vt 0.939005 0.628797
vt 0.933634 0.632539
vt 0.932597 0.632539
vt 0.934712 0.632539
vt 0.935811 0.632539
vt 0.936910 0.632539
vt 0.937988 0.632539
vt 0.939024 0.632539
vt 0.933606 0.636282
vt 0.932561 0.636282
vt 0.934697 0.636282
vt 0.935811 0.636282
vt 0.936924 0.636282
vt 0.938015 0.636282
vt 0.939061 0.636282
vt 0.933561 0.637332
vt 0.932499 0.637332
vt 0.934673 0.637332
vt 0.935811 0.637332
vt 0.936948 0.637332
vt 0.938060 0.637332
vt 0.939122 0.637332
vt 0.933496 0.641074
vt 0.932401 0.641074
vt 0.934642 0.641074
vt 0.935811 0.641074
vt 0.936980 0.641074
vt 0.938125 0.641074
vt 0.939220 0.641074
vt 0.933411 0.644816
vt 0.932256 0.644816
vt 0.934604 0.644816
vt 0.935811 0.644816
vt 0.937017 0.644816
vt 0.938210 0.644816
vt 0.939366 0.644816
vt 0.932624 0.621312
vt 0.933654 0.621312
vt 0.934723 0.621312
vt 0.935811 0.621312
vt 0.936899 0.621312
vt 0.937968 0.621312
vt 0.938998 0.621312
vt 0.939969 0.621312
vt 0.939970 0.625055
vt 0.939978 0.628797
vt 0.939998 0.632539
vt 0.940038 0.636282
vt 0.940106 0.637332
vt 0.940220 0.641074
vt 0.940407 0.644816
vt 0.940801 0.648559
vt 0.939553 0.648559
vt 0.938306 0.648559
vt 0.937058 0.648559
vt 0.935811 0.648559
vt 0.934563 0.648559
vt 0.933316 0.648559
vt 0.932068 0.648559
vt 0.926456 0.595116
vt 0.927092 0.595116
vt 0.927092 0.598858
vt 0.926456 0.598858
vt 0.927746 0.595116
vt 0.927746 0.598858
vt 0.928430 0.595116
vt 0.928430 0.598858
vt 0.929153 0.595116
vt 0.929153 0.598858
vt 0.929924 0.595116
vt 0.929924 0.598858
vt 0.930754 0.595116
vt 0.930754 0.598858
vt 0.927092 0.602600
vt 0.926456 0.602600
vt 0.927746 0.602600
vt 0.928430 0.602600
vt 0.929153 0.602600
vt 0.929924 0.602600
vt 0.930754 0.602600
vt 0.927092 0.606343
vt 0.926456 0.606343
vt 0.927746 0.606343
vt 0.928430 0.606343
vt 0.929153 0.606343
vt 0.929924 0.606343
vt 0.930754 0.606343
vt 0.927092 0.610085
vt 0.926456 0.610085
vt 0.927746 0.610085
vt 0.928430 0.610085
vt 0.929153 0.610085
vt 0.929924 0.610085
vt 0.930754 0.610085
vt 0.927092 0.613827
vt 0.926456 0.613827
vt 0.927746 0.613827
vt 0.928430 0.613827
vt 0.929153 0.613827
vt 0.929924 0.613827
vt 0.930754 0.613827
vt 0.927092 0.617570
vt 0.926456 0.617570
vt 0.927746 0.617570
vt 0.928430 0.617570
vt 0.929153 0.617570
vt 0.929924 0.617570
vt 0.930754 0.617570
vt 0.925831 0.591373
vt 0.926456 0.591373
vt 0.925831 0.595116
vt 0.927092 0.591373
vt 0.927746 0.591373
vt 0.928430 0.591373
vt 0.929153 0.591373
vt 0.929924 0.591373
vt 0.930754 0.591373
vt 0.931653 0.591373
vt 0.931653 0.595116
vt 0.931653 0.598858
vt 0.931653 0.602600
vt 0.931653 0.606343
vt 0.931653 0.610085
vt 0.931653 0.613827
vt 0.931653 0.617570
vt 0.925831 0.617570
vt 0.925831 0.613827
vt 0.925831 0.610085
vt 0.925831 0.606343
vt 0.925831 0.602600
vt 0.925831 0.598858
vt 0.932624 0.595116
vt 0.933654 0.595116
vt 0.933654 0.598858
vt 0.932624 0.598858
vt 0.934722 0.595116
vt 0.934722 0.598858
vt 0.935811 0.595116
vt 0.935811 0.598858
vt 0.936899 0.595116
vt 0.936899 0.598858
vt 0.937968 0.595116
vt 0.937968 0.598858
vt 0.938998 0.595116
vt 0.938998 0.598858
vt 0.933654 0.602600
vt 0.932624 0.602600
vt 0.934723 0.602600
vt 0.935811 0.602600
vt 0.936899 0.602600
vt 0.937968 0.602600
vt 0.938998 0.602600
vt 0.933654 0.606343
vt 0.932624 0.606343
vt 0.934723 0.606343
vt 0.935811 0.606343
vt 0.936899 0.606343
vt 0.937968 0.606343
vt 0.938998 0.606343
vt 0.933654 0.610085
vt 0.932624 0.610085
vt 0.934722 0.610085
vt 0.935811 0.610085
vt 0.936899 0.610085
vt 0.937968 0.610085
vt 0.938998 0.610085
vt 0.933654 0.613827
vt 0.932624 0.613827
vt 0.934722 0.613827
vt 0.935811 0.613827
vt 0.936899 0.613827
vt 0.937968 0.613827
vt 0.938998 0.613827
vt 0.933654 0.617570
vt 0.932624 0.617570
vt 0.934722 0.617570
vt 0.935811 0.617570
vt 0.936899 0.617570
vt 0.937968 0.617570
vt 0.938998 0.617570
vt 0.932624 0.591373
vt 0.933654 0.591373
vt 0.934723 0.591373
vt 0.935811 0.591373
vt 0.936899 0.591373
vt 0.937968 0.591373
vt 0.938998 0.591373
vt 0.939969 0.591373
vt 0.939969 0.595116
vt 0.939969 0.598858
vt 0.939969 0.602600
vt 0.939969 0.606343
vt 0.939969 0.610085
vt 0.939969 0.613827
vt 0.939969 0.617570
vt 0.926456 0.565177
vt 0.927092 0.565177
vt 0.927092 0.568919
vt 0.926456 0.568919
vt 0.927746 0.565177
vt 0.927746 0.568919
vt 0.928430 0.565177
vt 0.928430 0.568919
vt 0.929153 0.565177
vt 0.929153 0.568919
vt 0.929924 0.565177
vt 0.929924 0.568919
vt 0.930754 0.565177
vt 0.930754 0.568919
vt 0.927092 0.572662
vt 0.926456 0.572662
vt 0.927746 0.572662
vt 0.928430 0.572662
vt 0.929153 0.572662
vt 0.929924 0.572662
vt 0.930754 0.572662
vt 0.927092 0.576404
vt 0.926456 0.576404
vt 0.927746 0.576404
vt 0.928430 0.576404
vt 0.929153 0.576404
vt 0.929924 0.576404
vt 0.930754 0.576404
vt 0.927092 0.580146
vt 0.926456 0.580146
vt 0.927746 0.580146
vt 0.928430 0.580146
vt 0.929153 0.580146
vt 0.929924 0.580146
vt 0.930754 0.580146
vt 0.927092 0.583889
vt 0.926456 0.583889
vt 0.927746 0.583889
vt 0.928430 0.583889
vt 0.929153 0.583889
vt 0.929924 0.583889
vt 0.930754 0.583889
vt 0.927092 0.587631
vt 0.926456 0.587631
vt 0.927746 0.587631
vt 0.928430 0.587631
vt 0.929153 0.587631
vt 0.929924 0.587631
vt 0.930754 0.587631
vt 0.925831 0.561435
vt 0.926456 0.561435
vt 0.925831 0.565177
vt 0.927092 0.561435
vt 0.927746 0.561435
vt 0.928430 0.561435
vt 0.929153 0.561435
vt 0.929924 0.561435
vt 0.930754 0.561435
vt 0.931653 0.561435
vt 0.931653 0.565177
vt 0.931653 0.568919
vt 0.931653 0.572662
vt 0.931653 0.576404
vt 0.931653 0.580146
vt 0.931653 0.583889
vt 0.931653 0.587631
vt 0.925831 0.587631
vt 0.925831 0.583889
vt 0.925831 0.580146
vt 0.925831 0.576404
vt 0.925831 0.572662
vt 0.925831 0.568919
vt 0.932624 0.565177
vt 0.933654 0.565177
vt 0.933654 0.568919
vt 0.932624 0.568919
vt 0.934722 0.565177
vt 0.934722 0.568919
vt 0.935811 0.565177
vt 0.935811 0.568919
vt 0.936899 0.565177
vt 0.936899 0.568919
vt 0.937968 0.565177
vt 0.937968 0.568919
vt 0.938998 0.565177
vt 0.938998 0.568919
vt 0.933654 0.572662
vt 0.932624 0.572662
vt 0.934723 0.572662
vt 0.935811 0.572662
vt 0.936899 0.572662
vt 0.937968 0.572662
vt 0.938998 0.572662
vt 0.933654 0.576404
vt 0.932624 0.576404
vt 0.934723 0.576404
vt 0.935811 0.576404
vt 0.936899 0.576404
vt 0.937968 0.576404
vt 0.938998 0.576404
vt 0.933654 0.580146
vt 0.932624 0.580146
vt 0.934722 0.580146
vt 0.935811 0.580146
vt 0.936899 0.580146
vt 0.937968 0.580146
vt 0.938998 0.580146
vt 0.933654 0.583889
vt 0.932624 0.583889
vt 0.934722 0.583889
vt 0.935811 0.583889
vt 0.936899 0.583889
vt 0.937968 0.583889
vt 0.938998 0.583889
vt 0.933654 0.587631
vt 0.932624 0.587631
vt 0.934722 0.587631
vt 0.935811 0.587631
vt 0.936899 0.587631
vt 0.937968 0.587631
vt 0.938998 0.587631
vt 0.932624 0.561435
vt 0.933654 0.561435
vt 0.934723 0.561435
vt 0.935811 0.561435
vt 0.936899 0.561435
vt 0.937968 0.561435
vt 0.938998 0.561435
vt 0.939969 0.561435
vt 0.939969 0.565177
vt 0.939969 0.568919
vt 0.939969 0.572662
vt 0.939969 0.576404
vt 0.939969 0.580146
vt 0.939969 0.583889
vt 0.939969 0.587631
vt 0.926455 0.535238
vt 0.927082 0.535238
vt 0.927085 0.538981
vt 0.926456 0.538981
vt 0.927713 0.535238
vt 0.927723 0.538981
vt 0.928352 0.535238
vt 0.928376 0.538981
vt 0.929002 0.535238
vt 0.929049 0.538981
vt 0.929672 0.535238
vt 0.929760 0.538981
vt 0.930385 0.535238
vt 0.930531 0.538981
vt 0.927087 0.542723
vt 0.926456 0.542723
vt 0.927732 0.542723
vt 0.928397 0.542723
vt 0.929090 0.542723
vt 0.929828 0.542723
vt 0.930629 0.542723
vt 0.927089 0.546465
vt 0.926456 0.546465
vt 0.927739 0.546465
vt 0.928413 0.546465
vt 0.929120 0.546465
vt 0.929875 0.546465
vt 0.930691 0.546465
vt 0.927091 0.550208
vt 0.926456 0.550208
vt 0.927743 0.550208
vt 0.928423 0.550208
vt 0.929139 0.550208
vt 0.929903 0.550208
vt 0.930727 0.550208
vt 0.927091 0.553950
vt 0.926456 0.553950
vt 0.927745 0.553950
vt 0.928428 0.553950
vt 0.929149 0.553950
vt 0.929918 0.553950
vt 0.930746 0.553950
vt 0.927092 0.557692
vt 0.926456 0.557692
vt 0.927746 0.557692
vt 0.928430 0.557692
vt 0.929152 0.557692
vt 0.929924 0.557692
vt 0.930753 0.557692
vt 0.925831 0.531496
vt 0.926455 0.531496
vt 0.925831 0.535238
vt 0.927079 0.531496
vt 0.927702 0.531496
vt 0.928326 0.531496
vt 0.928950 0.531496
vt 0.929574 0.531496
vt 0.930197 0.531496
vt 0.930821 0.531496
vt 0.931214 0.535238
vt 0.931401 0.538981
vt 0.931515 0.542723
vt 0.931583 0.546465
vt 0.931623 0.550208
vt 0.931644 0.553950
vt 0.931651 0.557692
vt 0.925831 0.557692
vt 0.925831 0.553950
vt 0.925831 0.550208
vt 0.925831 0.546465
vt 0.925831 0.542723
vt 0.925831 0.538981
vt 0.932256 0.535238
vt 0.933411 0.535238
vt 0.933496 0.538981
vt 0.932401 0.538981
vt 0.934604 0.535238
vt 0.934642 0.538981
vt 0.935811 0.535238
vt 0.935811 0.538981
vt 0.937017 0.535238
vt 0.936980 0.538981
vt 0.938210 0.535238
vt 0.938125 0.538981
vt 0.939366 0.535238
vt 0.939220 0.538981
vt 0.933561 0.542723
vt 0.932499 0.542723
vt 0.934673 0.542723
vt 0.935811 0.542723
vt 0.936948 0.542723
vt 0.938060 0.542723
vt 0.939122 0.542723
vt 0.933606 0.546465
vt 0.932561 0.546465
vt 0.934697 0.546465
vt 0.935811 0.546465
vt 0.936924 0.546465
vt 0.938015 0.546465
vt 0.939061 0.546465
vt 0.933634 0.550208
vt 0.932597 0.550208
vt 0.934712 0.550208
vt 0.935811 0.550208
vt 0.936910 0.550208
vt 0.937988 0.550208
vt 0.939024 0.550208
vt 0.933648 0.553950
vt 0.932616 0.553950
vt 0.934719 0.553950
vt 0.935811 0.553950
vt 0.936902 0.553950
vt 0.937974 0.553950
vt 0.939005 0.553950
vt 0.933653 0.557692
vt 0.932623 0.557692
vt 0.934722 0.557692
vt 0.935811 0.557692
vt 0.936899 0.557692
vt 0.937968 0.557692
vt 0.938999 0.557692
vt 0.932068 0.531496
vt 0.933316 0.531496
vt 0.934563 0.531496
vt 0.935811 0.531496
vt 0.937058 0.531496
vt 0.938306 0.531496
vt 0.939553 0.531496
vt 0.940801 0.531496
vt 0.940408 0.535238
vt 0.940220 0.538981
vt 0.940106 0.542723
vt 0.940038 0.546465
vt 0.939998 0.550208
vt 0.939978 0.553950
vt 0.939970 0.557692
vt 0.940868 0.625055
vt 0.941698 0.625055
vt 0.941703 0.628797
vt 0.940875 0.628797
vt 0.942469 0.625055
vt 0.942473 0.628797
vt 0.943192 0.625055
vt 0.943194 0.628797
vt 0.943875 0.625055
vt 0.943876 0.628797
vt 0.944530 0.625055
vt 0.944530 0.628797
vt 0.945165 0.625055
vt 0.945165 0.628797
vt 0.941718 0.632539
vt 0.940894 0.632539
vt 0.942482 0.632539
vt 0.943199 0.632539
vt 0.943878 0.632539
vt 0.944531 0.632539
vt 0.945165 0.632539
vt 0.941747 0.636282
vt 0.940931 0.636282
vt 0.942501 0.636282
vt 0.943209 0.636282
vt 0.943883 0.636282
vt 0.944532 0.636282
vt 0.945165 0.636282
vt 0.941794 0.637332
vt 0.940992 0.637332
vt 0.942532 0.637332
vt 0.943225 0.637332
vt 0.943889 0.637332
vt 0.944534 0.637332
vt 0.945166 0.637332
vt 0.941862 0.641074
vt 0.941091 0.641074
vt 0.942572 0.641074
vt 0.943246 0.641074
vt 0.943898 0.641074
vt 0.944537 0.641074
vt 0.945166 0.641074
vt 0.941949 0.644816
vt 0.941237 0.644816
vt 0.942620 0.644816
vt 0.943270 0.644816
vt 0.943908 0.644816
vt 0.944540 0.644816
vt 0.945166 0.644816
vt 0.940867 0.621312
vt 0.941697 0.621312
vt 0.942469 0.621312
vt 0.943192 0.621312
vt 0.943875 0.621312
vt 0.944530 0.621312
vt 0.945165 0.621312
vt 0.945167 0.648559
vt 0.944543 0.648559
vt 0.943919 0.648559
vt 0.943295 0.648559
vt 0.942672 0.648559
vt 0.942048 0.648559
vt 0.941424 0.648559
vt 0.940867 0.595116
vt 0.941697 0.595116
vt 0.941697 0.598858
vt 0.940867 0.598858
vt 0.942469 0.595116
vt 0.942469 0.598858
vt 0.943192 0.595116
vt 0.943192 0.598858
vt 0.943875 0.595116
vt 0.943875 0.598858
vt 0.944530 0.595116
vt 0.944530 0.598858
vt 0.945165 0.595116
vt 0.945165 0.598858
vt 0.941697 0.602600
vt 0.940867 0.602600
vt 0.942469 0.602600
vt 0.943192 0.602600
vt 0.943875 0.602600
vt 0.944530 0.602600
vt 0.945165 0.602600
vt 0.941697 0.606343
vt 0.940867 0.606343
vt 0.942469 0.606343
vt 0.943192 0.606343
vt 0.943875 0.606343
vt 0.944530 0.606343
vt 0.945165 0.606343
vt 0.941697 0.610085
vt 0.940867 0.610085
vt 0.942469 0.610085
vt 0.943192 0.610085
vt 0.943875 0.610085
vt 0.944530 0.610085
vt 0.945165 0.610085
vt 0.941697 0.613827
vt 0.940867 0.613827
vt 0.942469 0.613827
vt 0.943192 0.613827
vt 0.943875 0.613827
vt 0.944530 0.613827
vt 0.945165 0.613827
vt 0.941697 0.617570
vt 0.940867 0.617570
vt 0.942469 0.617570
vt 0.943192 0.617570
vt 0.943875 0.617570
vt 0.944530 0.617570
vt 0.945165 0.617570
vt 0.940867 0.591373
vt 0.941697 0.591373
vt 0.942469 0.591373
vt 0.943192 0.591373
vt 0.943875 0.591373
vt 0.944530 0.591373
vt 0.945165 0.591373
vt 0.940867 0.565177
vt 0.941697 0.565177
vt 0.941697 0.568919
vt 0.940867 0.568919
vt 0.942469 0.565177
vt 0.942469 0.568919
vt 0.943192 0.565177
vt 0.943192 0.568919
vt 0.943875 0.565177
vt 0.943875 0.568919
vt 0.944530 0.565177
vt 0.944530 0.568919
vt 0.945165 0.565177
vt 0.945165 0.568919
vt 0.941697 0.572662
vt 0.940867 0.572662
vt 0.942469 0.572662
vt 0.943192 0.572662
vt 0.943875 0.572662
vt 0.944530 0.572662
vt 0.945165 0.572662
vt 0.941697 0.576404
vt 0.940867 0.576404
vt 0.942469 0.576404
vt 0.943192 0.576404
vt 0.943875 0.576404
vt 0.944530 0.576404
vt 0.945165 0.576404
vt 0.941697 0.580146
vt 0.940867 0.580146
vt 0.942469 0.580146
vt 0.943192 0.580146
vt 0.943875 0.580146
vt 0.944530 0.580146
vt 0.945165 0.580146
vt 0.941697 0.583889
vt 0.940867 0.583889
vt 0.942469 0.583889
vt 0.943192 0.583889
vt 0.943875 0.583889
vt 0.944530 0.583889
vt 0.945165 0.583889
vt 0.941697 0.587631
vt 0.940867 0.587631
vt 0.942469 0.587631
vt 0.943192 0.587631
vt 0.943875 0.587631
vt 0.944530 0.587631
vt 0.945165 0.587631
vt 0.940867 0.561435
vt 0.941697 0.561435
vt 0.942469 0.561435
vt 0.943192 0.561435
vt 0.943875 0.561435
vt 0.944530 0.561435
vt 0.945165 0.561435
vt 0.941237 0.535238
vt 0.941949 0.535238
vt 0.941862 0.538981
vt 0.941091 0.538981
vt 0.942620 0.535238
vt 0.942572 0.538981
vt 0.943270 0.535238
vt 0.943246 0.538981
vt 0.943908 0.535238
vt 0.943898 0.538981
vt 0.944540 0.535238
vt 0.944537 0.538981
vt 0.945166 0.535238
vt 0.945166 0.538981
vt 0.941794 0.542723
vt 0.940992 0.542723
vt 0.942532 0.542723
vt 0.943225 0.542723
vt 0.943889 0.542723
vt 0.944534 0.542723
vt 0.945166 0.542723
vt 0.941747 0.546465
vt 0.940931 0.546465
vt 0.942501 0.546465
vt 0.943209 0.546465
vt 0.943883 0.546465
vt 0.944532 0.546465
vt 0.945165 0.546465
vt 0.941718 0.550208
vt 0.940894 0.550208
vt 0.942482 0.550208
vt 0.943199 0.550208
vt 0.943878 0.550208
vt 0.944531 0.550208
vt 0.945165 0.550208
vt 0.941703 0.553950
vt 0.940875 0.553950
vt 0.942473 0.553950
vt 0.943194 0.553950
vt 0.943876 0.553950
vt 0.944530 0.553950
vt 0.945165 0.553950
vt 0.941698 0.557692
vt 0.940868 0.557692
vt 0.942469 0.557692
vt 0.943192 0.557692
vt 0.943875 0.557692
vt 0.944530 0.557692
vt 0.945165 0.557692
vt 0.941424 0.531496
vt 0.942048 0.531496
vt 0.942672 0.531496
vt 0.943295 0.531496
vt 0.943919 0.531496
vt 0.944543 0.531496
vt 0.945167 0.531496
vt 0.921465 0.535238
vt 0.922089 0.535238
vt 0.922089 0.538981
vt 0.921465 0.538981
vt 0.922713 0.535238
vt 0.922713 0.538981
vt 0.923336 0.535238
vt 0.923336 0.538981
vt 0.923960 0.535238
vt 0.923960 0.538981
vt 0.924584 0.535238
vt 0.924584 0.538981
vt 0.925207 0.535238
vt 0.925207 0.538981
vt 0.809087 0.947344
vt 0.809106 0.946720
vt 0.812847 0.946832
vt 0.812828 0.947455
vt 0.809124 0.946097
vt 0.812865 0.946208
vt 0.923336 0.542723
vt 0.922713 0.542723
vt 0.923960 0.542723
vt 0.924584 0.542723
vt 0.925207 0.542723
vt 0.816587 0.946943
vt 0.816569 0.947566
vt 0.816606 0.946319
vt 0.812884 0.945585
vt 0.816624 0.945696
vt 0.923960 0.546465
vt 0.923336 0.546465
vt 0.924584 0.546465
vt 0.925207 0.546465
vt 0.820328 0.947054
vt 0.820310 0.947677
vt 0.820346 0.946430
vt 0.820365 0.945807
vt 0.923960 0.550208
vt 0.923336 0.550208
vt 0.924584 0.550208
vt 0.925207 0.550208
vt 0.824069 0.947165
vt 0.824050 0.947788
vt 0.824087 0.946541
vt 0.922713 0.550208
vt 0.923336 0.553950
vt 0.922713 0.553950
vt 0.923960 0.553950
vt 0.924584 0.553950
vt 0.925207 0.553950
vt 0.827809 0.947276
vt 0.827791 0.947899
vt 0.922089 0.553950
vt 0.922713 0.557692
vt 0.922089 0.557692
vt 0.923336 0.557692
vt 0.923960 0.557692
vt 0.924584 0.557692
vt 0.925207 0.557692
vt 0.920841 0.531496
vt 0.921465 0.531496
vt 0.920841 0.535238
vt 0.922089 0.531496
vt 0.922713 0.531496
vt 0.923336 0.531496
vt 0.923960 0.531496
vt 0.924584 0.531496
vt 0.925207 0.531496
vt 0.925207 0.561435
vt 0.924584 0.561435
vt 0.923960 0.561435
vt 0.923336 0.561435
vt 0.922713 0.561435
vt 0.922089 0.561435
vt 0.921465 0.557692
vt 0.921465 0.561435
vt 0.920841 0.557692
vt 0.920841 0.561435
vt 0.920841 0.553950
vt 0.921465 0.553950
vt 0.820291 0.948301
vt 0.824032 0.948412
vt 0.816550 0.948190
vt 0.812810 0.948079
vt 0.809069 0.947967
vt 0.805328 0.947856
vt 0.805347 0.947233
vt 0.921465 0.565177
vt 0.922089 0.565177
vt 0.922089 0.568919
vt 0.921465 0.568919
vt 0.922713 0.565177
vt 0.922713 0.568919
vt 0.923336 0.565177
vt 0.923336 0.568919
vt 0.923960 0.565177
vt 0.923960 0.568919
vt 0.924584 0.565177
vt 0.924584 0.568919
vt 0.925207 0.565177
vt 0.925207 0.568919
vt 0.922089 0.572662
vt 0.921465 0.572662
vt 0.922713 0.572662
vt 0.923336 0.572662
vt 0.923960 0.572662
vt 0.924584 0.572662
vt 0.925207 0.572662
vt 0.922089 0.576404
vt 0.921465 0.576404
vt 0.922713 0.576404
vt 0.923336 0.576404
vt 0.923960 0.576404
vt 0.924584 0.576404
vt 0.925207 0.576404
vt 0.922086 0.580146
vt 0.921463 0.580146
vt 0.922710 0.580146
vt 0.923335 0.580146
vt 0.923959 0.580146
vt 0.924584 0.580146
vt 0.925207 0.580146
vt 0.922066 0.583889
vt 0.921450 0.583889
vt 0.922693 0.583889
vt 0.923325 0.583889
vt 0.923955 0.583889
vt 0.924582 0.583889
vt 0.925207 0.583889
vt 0.922002 0.587631
vt 0.921394 0.587631
vt 0.922646 0.587631
vt 0.923300 0.587631
vt 0.923945 0.587631
vt 0.924579 0.587631
vt 0.925207 0.587631
vt 0.920841 0.565177
vt 0.925206 0.591373
vt 0.924573 0.591373
vt 0.923923 0.591373
vt 0.923250 0.591373
vt 0.922547 0.591373
vt 0.921829 0.591373
vt 0.921130 0.591373
vt 0.920841 0.587631
vt 0.920841 0.583889
vt 0.920841 0.580146
vt 0.920841 0.576404
vt 0.920841 0.572662
vt 0.920841 0.568919
vt 0.865168 0.950016
vt 0.865199 0.948964
vt 0.868930 0.949422
vt 0.868890 0.950764
vt 0.921511 0.595116
vt 0.922390 0.595116
vt 0.922216 0.598858
vt 0.921164 0.598858
vt 0.923172 0.595116
vt 0.923087 0.598858
vt 0.923891 0.595116
vt 0.923855 0.598858
vt 0.924563 0.595116
vt 0.924553 0.598858
vt 0.925205 0.595116
vt 0.925204 0.598858
vt 0.872663 0.949776
vt 0.872619 0.951258
vt 0.868961 0.948371
vt 0.872698 0.948618
vt 0.923018 0.602600
vt 0.922079 0.602600
vt 0.923826 0.602600
vt 0.924544 0.602600
vt 0.925202 0.602600
vt 0.876401 0.949975
vt 0.876356 0.951492
vt 0.876437 0.948784
vt 0.872725 0.947680
vt 0.876465 0.947819
vt 0.923814 0.606343
vt 0.922990 0.606343
vt 0.924540 0.606343
vt 0.925202 0.606343
vt 0.880144 0.949998
vt 0.880100 0.951480
vt 0.920833 0.606343
vt 0.922025 0.606343
vt 0.922079 0.610085
vt 0.920921 0.610085
vt 0.923018 0.610085
vt 0.923826 0.610085
vt 0.924544 0.610085
vt 0.925202 0.610085
vt 0.919439 0.610085
vt 0.921164 0.613827
vt 0.919822 0.613827
vt 0.922216 0.613827
vt 0.923087 0.613827
vt 0.923855 0.613827
vt 0.924553 0.613827
vt 0.925204 0.613827
vt 0.921511 0.617570
vt 0.920459 0.617570
vt 0.922390 0.617570
vt 0.923172 0.617570
vt 0.923891 0.617570
vt 0.924563 0.617570
vt 0.925205 0.617570
vt 0.920459 0.595116
vt 0.861447 0.949234
vt 0.861468 0.948535
vt 0.925206 0.621312
vt 0.924573 0.621312
vt 0.923923 0.621312
vt 0.923250 0.621312
vt 0.922547 0.621312
vt 0.921829 0.621312
vt 0.921130 0.621312
vt 0.917516 0.610085
vt 0.921394 0.625055
vt 0.922002 0.625055
vt 0.922066 0.628797
vt 0.921450 0.628797
vt 0.922646 0.625055
vt 0.922693 0.628797
vt 0.923300 0.625055
vt 0.923325 0.628797
vt 0.923945 0.625055
vt 0.923955 0.628797
vt 0.924579 0.625055
vt 0.924582 0.628797
vt 0.925207 0.625055
vt 0.925207 0.628797
vt 0.922086 0.632539
vt 0.921463 0.632539
vt 0.922710 0.632539
vt 0.923335 0.632539
vt 0.923959 0.632539
vt 0.924584 0.632539
vt 0.925207 0.632539
vt 0.922089 0.636282
vt 0.921465 0.636282
vt 0.922713 0.636282
vt 0.923336 0.636282
vt 0.923960 0.636282
vt 0.924584 0.636282
vt 0.925207 0.636282
vt 0.922089 0.637332
vt 0.921465 0.637332
vt 0.922713 0.637332
vt 0.923336 0.637332
vt 0.923960 0.637332
vt 0.924584 0.637332
vt 0.925207 0.637332
vt 0.922089 0.641074
vt 0.921465 0.641074
vt 0.922713 0.641074
vt 0.923336 0.641074
vt 0.923960 0.641074
vt 0.924584 0.641074
vt 0.925207 0.641074
vt 0.922089 0.644816
vt 0.921465 0.644816
vt 0.922713 0.644816
vt 0.923336 0.644816
vt 0.923960 0.644816
vt 0.924584 0.644816
vt 0.925207 0.644816
vt 0.920841 0.625055
vt 0.925207 0.648559
vt 0.924584 0.648559
vt 0.923960 0.648559
vt 0.923336 0.648559
vt 0.922713 0.648559
vt 0.922089 0.648559
vt 0.921465 0.648559
vt 0.920841 0.644816
vt 0.920841 0.648559
vt 0.920841 0.641074
vt 0.920841 0.637332
vt 0.920841 0.636282
vt 0.920841 0.632539
vt 0.920841 0.628797
vt 0.980508 0.663049
vt 0.980738 0.662018
vt 0.982330 0.661948
vt 0.982576 0.663004
vt 0.980893 0.661169
vt 0.982129 0.661084
vt 0.983789 0.661308
vt 0.984451 0.662132
vt 0.983275 0.660615
vt 0.977952 0.663341
vt 0.978745 0.662286
vt 0.980188 0.664358
vt 0.979327 0.661470
vt 0.979782 0.660799
vt 0.980105 0.660297
vt 0.980886 0.660356
vt 0.981932 0.660240
vt 0.982922 0.659881
vt 0.983596 0.659481
vt 0.984107 0.659790
vt 0.984813 0.660191
vt 0.985695 0.660666
vt 0.985316 0.663166
vt 0.986872 0.661263
vt 0.982894 0.664371
vt 0.986278 0.658893
vt 0.985238 0.658752
vt 0.985119 0.657197
vt 0.986155 0.656955
vt 0.984405 0.658646
vt 0.984276 0.657394
vt 0.984536 0.655750
vt 0.985405 0.655162
vt 0.983836 0.656214
vt 0.987548 0.659053
vt 0.983612 0.658672
vt 0.983462 0.657585
vt 0.983113 0.656545
vt 0.982739 0.655827
vt 0.983060 0.655321
vt 0.983514 0.654646
vt 0.984093 0.653825
vt 0.986474 0.654455
vt 0.984879 0.652768
vt 0.987480 0.656647
vt 0.982320 0.653067
vt 0.982096 0.654102
vt 0.980502 0.654180
vt 0.980249 0.653122
vt 0.981946 0.654954
vt 0.980708 0.655047
vt 0.979043 0.654830
vt 0.978376 0.654007
vt 0.979562 0.655522
vt 0.982630 0.651753
vt 0.981956 0.655769
vt 0.980909 0.655890
vt 0.979918 0.656253
vt 0.979246 0.656656
vt 0.978731 0.656350
vt 0.978022 0.655952
vt 0.977135 0.655480
vt 0.977507 0.652974
vt 0.975957 0.654890
vt 0.979923 0.651753
vt 0.976564 0.657255
vt 0.977605 0.657390
vt 0.977728 0.658936
vt 0.976693 0.659181
vt 0.978438 0.657492
vt 0.978570 0.658737
vt 0.978310 0.660373
vt 0.977440 0.660960
vt 0.979010 0.659909
vt 0.975291 0.657103
vt 0.979233 0.657463
vt 0.979384 0.658545
vt 0.979733 0.659580
vt 0.976371 0.661667
vt 0.975368 0.659495
vt 0.982199 0.656721
vt 0.982497 0.657812
vt 0.981423 0.658064
vt 0.981152 0.656914
vt 0.982715 0.658921
vt 0.981693 0.659214
vt 0.980349 0.658317
vt 0.980129 0.657211
vt 0.980647 0.659405
vt 0.968249 0.663073
vt 0.968479 0.662039
vt 0.970069 0.661973
vt 0.970314 0.663032
vt 0.968632 0.661191
vt 0.969867 0.661102
vt 0.971526 0.661332
vt 0.972186 0.662160
vt 0.971015 0.660637
vt 0.965705 0.663364
vt 0.966483 0.662318
vt 0.967932 0.664383
vt 0.967062 0.661498
vt 0.967516 0.660822
vt 0.967838 0.660316
vt 0.968622 0.660376
vt 0.969671 0.660258
vt 0.970663 0.659899
vt 0.971338 0.659497
vt 0.971851 0.659810
vt 0.972558 0.660217
vt 0.973439 0.660699
vt 0.973048 0.663197
vt 0.974598 0.661293
vt 0.970632 0.664401
vt 0.974024 0.658907
vt 0.972984 0.658762
vt 0.972866 0.657186
vt 0.973902 0.656939
vt 0.972149 0.658655
vt 0.972021 0.657388
vt 0.972269 0.655720
vt 0.973128 0.655125
vt 0.971568 0.656196
vt 0.975291 0.659070
vt 0.971354 0.658679
vt 0.971203 0.657583
vt 0.970845 0.656535
vt 0.970457 0.655820
vt 0.970774 0.655308
vt 0.971224 0.654619
vt 0.971799 0.653785
vt 0.974182 0.654411
vt 0.972574 0.652726
vt 0.975222 0.656625
vt 0.970012 0.653068
vt 0.969799 0.654090
vt 0.968212 0.654186
vt 0.967953 0.653130
vt 0.969658 0.654932
vt 0.968419 0.655036
vt 0.966759 0.654834
vt 0.966098 0.654027
vt 0.967272 0.655516
vt 0.970313 0.651753
vt 0.969675 0.655765
vt 0.968628 0.655890
vt 0.967641 0.656261
vt 0.966972 0.656667
vt 0.966455 0.656360
vt 0.965737 0.655958
vt 0.964842 0.655484
vt 0.965223 0.652999
vt 0.963665 0.654901
vt 0.967615 0.651753
vt 0.964275 0.657267
vt 0.965313 0.657403
vt 0.965444 0.658959
vt 0.964407 0.659207
vt 0.966153 0.657504
vt 0.966289 0.658757
vt 0.966040 0.660398
vt 0.965172 0.660991
vt 0.966740 0.659930
vt 0.963010 0.657115
vt 0.966952 0.657475
vt 0.967107 0.658562
vt 0.967463 0.659598
vt 0.964108 0.661702
vt 0.963085 0.659524
vt 0.969927 0.656718
vt 0.970234 0.657815
vt 0.969155 0.658072
vt 0.968877 0.656918
vt 0.970454 0.658930
vt 0.969429 0.659225
vt 0.968076 0.658330
vt 0.967852 0.657219
vt 0.968379 0.659419
vt 0.959848 0.653948
vt 0.959202 0.654772
vt 0.957759 0.654137
vt 0.958005 0.653091
vt 0.958703 0.655460
vt 0.957556 0.654998
vt 0.956184 0.654061
vt 0.955973 0.653036
vt 0.956324 0.654900
vt 0.962216 0.654760
vt 0.961120 0.655367
vt 0.960678 0.652928
vt 0.960244 0.655866
vt 0.959540 0.656284
vt 0.959027 0.656602
vt 0.958350 0.656203
vt 0.957357 0.655845
vt 0.956308 0.655725
vt 0.955524 0.655782
vt 0.955207 0.655268
vt 0.954763 0.654579
vt 0.954201 0.653742
vt 0.955685 0.651753
vt 0.953490 0.652709
vt 0.958320 0.651753
vt 0.952868 0.655085
vt 0.953714 0.655684
vt 0.953103 0.657160
vt 0.952062 0.656911
vt 0.954412 0.656163
vt 0.953954 0.657362
vt 0.952987 0.658753
vt 0.951942 0.658905
vt 0.953828 0.658640
vt 0.951803 0.654325
vt 0.955138 0.656503
vt 0.954779 0.657558
vt 0.954631 0.658661
vt 0.954650 0.659486
vt 0.954134 0.659805
vt 0.953425 0.660221
vt 0.952543 0.660713
vt 0.950673 0.659078
vt 0.951389 0.661319
vt 0.950730 0.656591
vt 0.953810 0.662177
vt 0.954468 0.661341
vt 0.955933 0.661983
vt 0.955688 0.663046
vt 0.954979 0.660638
vt 0.956136 0.661105
vt 0.957531 0.662049
vt 0.957757 0.663088
vt 0.957381 0.661193
vt 0.952955 0.663219
vt 0.955333 0.659889
vt 0.956334 0.660249
vt 0.957392 0.660365
vt 0.958182 0.660302
vt 0.958506 0.660815
vt 0.958961 0.661500
vt 0.959537 0.662329
vt 0.958067 0.664400
vt 0.960308 0.663382
vt 0.955372 0.664415
vt 0.960870 0.660970
vt 0.959998 0.660375
vt 0.960592 0.658897
vt 0.961637 0.659132
vt 0.959292 0.659904
vt 0.959739 0.658704
vt 0.960694 0.657313
vt 0.961718 0.657151
vt 0.959856 0.657433
vt 0.961935 0.661684
vt 0.958561 0.659571
vt 0.958913 0.658516
vt 0.959055 0.657416
vt 0.963010 0.656942
vt 0.962974 0.659431
vt 0.955540 0.658910
vt 0.955757 0.657787
vt 0.956845 0.658041
vt 0.956576 0.659204
vt 0.956060 0.656685
vt 0.957115 0.656879
vt 0.957934 0.658292
vt 0.957635 0.659395
vt 0.958148 0.657171
vt 0.947458 0.653950
vt 0.946823 0.654777
vt 0.945359 0.654156
vt 0.945602 0.653100
vt 0.946325 0.655476
vt 0.945162 0.655015
vt 0.943771 0.654076
vt 0.943561 0.653055
vt 0.943914 0.654923
vt 0.949857 0.654737
vt 0.948761 0.655365
vt 0.948277 0.652914
vt 0.947881 0.655879
vt 0.947171 0.656306
vt 0.946657 0.656626
vt 0.945970 0.656228
vt 0.944965 0.655872
vt 0.943905 0.655756
vt 0.943114 0.655815
vt 0.942791 0.655302
vt 0.942338 0.654608
vt 0.941770 0.653760
vt 0.943276 0.651765
vt 0.941058 0.652717
vt 0.945912 0.651753
vt 0.940426 0.655129
vt 0.941285 0.655728
vt 0.940690 0.657223
vt 0.939640 0.656987
vt 0.941996 0.656205
vt 0.941548 0.657417
vt 0.940588 0.658827
vt 0.939556 0.658990
vt 0.941434 0.658705
vt 0.939348 0.654372
vt 0.942732 0.656541
vt 0.942379 0.657605
vt 0.942240 0.658721
vt 0.942260 0.659550
vt 0.941750 0.659868
vt 0.941043 0.660289
vt 0.940158 0.660792
vt 0.938257 0.659199
vt 0.939054 0.661402
vt 0.938290 0.656684
vt 0.941433 0.662222
vt 0.942076 0.661404
vt 0.943525 0.662041
vt 0.943277 0.663078
vt 0.942582 0.660708
vt 0.943731 0.661181
vt 0.945105 0.662128
vt 0.945309 0.663149
vt 0.944969 0.661277
vt 0.940608 0.663234
vt 0.942942 0.659952
vt 0.943937 0.660315
vt 0.944989 0.660437
vt 0.945779 0.660381
vt 0.946091 0.660897
vt 0.946532 0.661594
vt 0.947094 0.662443
vt 0.945588 0.664425
vt 0.947803 0.663485
vt 0.942955 0.664425
vt 0.948450 0.661078
vt 0.947600 0.660471
vt 0.948223 0.658961
vt 0.949270 0.659208
vt 0.946898 0.659984
vt 0.947368 0.658759
vt 0.948341 0.657344
vt 0.949374 0.657180
vt 0.947494 0.657465
vt 0.949519 0.661843
vt 0.946169 0.659639
vt 0.946538 0.658564
vt 0.946685 0.657447
vt 0.950673 0.656967
vt 0.950614 0.659527
vt 0.943150 0.658968
vt 0.943365 0.657829
vt 0.944460 0.658080
vt 0.944185 0.659263
vt 0.943663 0.656718
vt 0.944728 0.656909
vt 0.945554 0.658334
vt 0.945245 0.659458
vt 0.945771 0.657201
vt 0.931182 0.663151
vt 0.931391 0.662132
vt 0.932972 0.662051
vt 0.933215 0.663089
vt 0.931530 0.661282
vt 0.932771 0.661190
vt 0.934426 0.661422
vt 0.935065 0.662244
vt 0.933924 0.660722
vt 0.928685 0.663483
vt 0.929398 0.662443
vt 0.930899 0.664426
vt 0.929963 0.661596
vt 0.930409 0.660897
vt 0.930723 0.660385
vt 0.931514 0.660440
vt 0.932568 0.660320
vt 0.933565 0.659960
vt 0.934250 0.659559
vt 0.934759 0.659879
vt 0.935468 0.660308
vt 0.936350 0.660817
vt 0.935884 0.663261
vt 0.937450 0.661434
vt 0.933530 0.664438
vt 0.936960 0.658998
vt 0.935928 0.658833
vt 0.935817 0.657212
vt 0.936866 0.656969
vt 0.935081 0.658711
vt 0.934960 0.657412
vt 0.935202 0.655708
vt 0.936055 0.655102
vt 0.934496 0.656194
vt 0.938257 0.659210
vt 0.934273 0.658727
vt 0.934128 0.657606
vt 0.933763 0.656537
vt 0.933375 0.655804
vt 0.933690 0.655289
vt 0.934136 0.654589
vt 0.934698 0.653738
vt 0.937126 0.654337
vt 0.935405 0.652693
vt 0.938212 0.656657
vt 0.932905 0.653037
vt 0.932702 0.654060
vt 0.931116 0.654147
vt 0.930868 0.653099
vt 0.932565 0.654911
vt 0.931320 0.655008
vt 0.929660 0.654780
vt 0.929019 0.653957
vt 0.930164 0.655479
vt 0.933183 0.651753
vt 0.932582 0.655750
vt 0.931525 0.655873
vt 0.930524 0.656235
vt 0.929839 0.656637
vt 0.929327 0.656319
vt 0.928615 0.655894
vt 0.927731 0.655385
vt 0.928195 0.652934
vt 0.926630 0.654767
vt 0.930549 0.651753
vt 0.927126 0.657204
vt 0.928160 0.657365
vt 0.928277 0.658980
vt 0.927229 0.659228
vt 0.929008 0.657484
vt 0.929134 0.658778
vt 0.928897 0.660479
vt 0.928046 0.661085
vt 0.929602 0.659994
vt 0.925826 0.656996
vt 0.929817 0.657465
vt 0.929965 0.658582
vt 0.930333 0.659650
vt 0.926977 0.661851
vt 0.925884 0.659547
vt 0.932834 0.656720
vt 0.933142 0.657836
vt 0.932046 0.658092
vt 0.931770 0.656917
vt 0.933361 0.658975
vt 0.932322 0.659271
vt 0.930951 0.658350
vt 0.930730 0.657215
vt 0.931260 0.659467
vt 0.897763 0.653980
vt 0.897114 0.654802
vt 0.895668 0.654160
vt 0.895923 0.653103
vt 0.896611 0.655494
vt 0.895462 0.655019
vt 0.894090 0.654074
vt 0.893885 0.653048
vt 0.894223 0.654920
vt 0.900149 0.654813
vt 0.899042 0.655419
vt 0.898605 0.652956
vt 0.898156 0.655920
vt 0.897443 0.656345
vt 0.896923 0.656671
vt 0.896247 0.656259
vt 0.895253 0.655890
vt 0.894199 0.655769
vt 0.893409 0.655832
vt 0.893095 0.655304
vt 0.892653 0.654600
vt 0.892091 0.653751
vt 0.893601 0.651753
vt 0.891381 0.652709
vt 0.896248 0.651753
vt 0.890731 0.655130
vt 0.891580 0.655737
vt 0.890956 0.657260
vt 0.889907 0.657012
vt 0.892281 0.656224
vt 0.891812 0.657463
vt 0.890836 0.658901
vt 0.889800 0.659062
vt 0.891679 0.658780
vt 0.889662 0.654362
vt 0.893011 0.656571
vt 0.892641 0.657660
vt 0.892485 0.658798
vt 0.892503 0.659641
vt 0.891986 0.659969
vt 0.891279 0.660397
vt 0.890401 0.660903
vt 0.888494 0.659268
vt 0.889304 0.661517
vt 0.888559 0.656691
vt 0.891679 0.662351
vt 0.892326 0.661517
vt 0.893780 0.662154
vt 0.893536 0.663208
vt 0.892831 0.660809
vt 0.893984 0.661276
vt 0.895367 0.662223
vt 0.895580 0.663256
vt 0.895225 0.661365
vt 0.890850 0.663379
vt 0.893185 0.660048
vt 0.894185 0.660410
vt 0.895242 0.660528
vt 0.896035 0.660465
vt 0.896353 0.660986
vt 0.896800 0.661681
vt 0.897364 0.662523
vt 0.895872 0.664544
vt 0.898078 0.663558
vt 0.893223 0.664554
vt 0.898713 0.661148
vt 0.897856 0.660544
vt 0.898476 0.659036
vt 0.899526 0.659282
vt 0.897154 0.660063
vt 0.897619 0.658834
vt 0.898599 0.657409
vt 0.899632 0.657251
vt 0.897754 0.657526
vt 0.899793 0.661913
vt 0.896423 0.659721
vt 0.896789 0.658639
vt 0.896946 0.657507
vt 0.900933 0.657048
vt 0.900876 0.659599
vt 0.893397 0.659048
vt 0.893623 0.657892
vt 0.894715 0.658150
vt 0.894434 0.659345
vt 0.893938 0.656756
vt 0.894999 0.656954
vt 0.895807 0.658407
vt 0.895496 0.659540
vt 0.896035 0.657254
vt 0.922615 0.653936
vt 0.921978 0.654766
vt 0.920517 0.654137
vt 0.920759 0.653091
vt 0.921475 0.655475
vt 0.920316 0.655007
vt 0.918928 0.654061
vt 0.918720 0.653034
vt 0.919068 0.654919
vt 0.925003 0.654740
vt 0.923908 0.655367
vt 0.923430 0.652911
vt 0.923027 0.655884
vt 0.922320 0.656316
vt 0.921809 0.656642
vt 0.921119 0.656240
vt 0.920113 0.655882
vt 0.919052 0.655764
vt 0.918256 0.655824
vt 0.917939 0.655307
vt 0.917493 0.654608
vt 0.916929 0.653755
vt 0.918438 0.651755
vt 0.916221 0.652711
vt 0.921068 0.651753
vt 0.915565 0.655136
vt 0.916421 0.655740
vt 0.915805 0.657266
vt 0.914754 0.657027
vt 0.917130 0.656226
vt 0.916667 0.657461
vt 0.915704 0.658907
vt 0.914671 0.659082
vt 0.916553 0.658775
vt 0.914495 0.654374
vt 0.917867 0.656568
vt 0.917504 0.657651
vt 0.917364 0.658785
vt 0.917389 0.659626
vt 0.916881 0.659950
vt 0.916179 0.660396
vt 0.915301 0.660916
vt 0.913377 0.659304
vt 0.914210 0.661543
vt 0.913410 0.656722
vt 0.916589 0.662344
vt 0.917224 0.661517
vt 0.918673 0.662141
vt 0.918432 0.663181
vt 0.917711 0.660806
vt 0.918873 0.661274
vt 0.920249 0.662216
vt 0.920456 0.663237
vt 0.920123 0.661363
vt 0.915779 0.663363
vt 0.918073 0.660032
vt 0.919077 0.660392
vt 0.920137 0.660508
vt 0.920930 0.660442
vt 0.921245 0.660957
vt 0.921679 0.661666
vt 0.922241 0.662518
vt 0.920737 0.664508
vt 0.922946 0.663560
vt 0.918126 0.664508
vt 0.923613 0.661140
vt 0.922761 0.660531
vt 0.923387 0.659005
vt 0.924437 0.659249
vt 0.922055 0.660040
vt 0.922526 0.658805
vt 0.923497 0.657366
vt 0.924531 0.657197
vt 0.922647 0.657493
vt 0.924679 0.661906
vt 0.921321 0.659694
vt 0.921690 0.658612
vt 0.921835 0.657479
vt 0.925826 0.656979
vt 0.925779 0.659561
vt 0.918280 0.659030
vt 0.918496 0.657878
vt 0.919597 0.658130
vt 0.919323 0.659324
vt 0.918801 0.656747
vt 0.919870 0.656939
vt 0.920699 0.658383
vt 0.920390 0.659515
vt 0.920916 0.657233
vt 0.906354 0.663243
vt 0.906558 0.662218
vt 0.908123 0.662146
vt 0.908368 0.663191
vt 0.906677 0.661371
vt 0.907919 0.661274
vt 0.909558 0.661516
vt 0.910195 0.662345
vt 0.909075 0.660810
vt 0.903883 0.663564
vt 0.904574 0.662530
vt 0.906079 0.664517
vt 0.905123 0.661684
vt 0.905552 0.660967
vt 0.905863 0.660440
vt 0.906656 0.660510
vt 0.907714 0.660395
vt 0.908714 0.660030
vt 0.909394 0.659617
vt 0.909905 0.659951
vt 0.910608 0.660403
vt 0.911476 0.660918
vt 0.911007 0.663364
vt 0.912553 0.661540
vt 0.908678 0.664517
vt 0.912097 0.659078
vt 0.911074 0.658898
vt 0.910985 0.657248
vt 0.912037 0.657020
vt 0.910232 0.658763
vt 0.910122 0.657437
vt 0.910390 0.655732
vt 0.911248 0.655127
vt 0.909677 0.656214
vt 0.913376 0.659306
vt 0.909423 0.658769
vt 0.909282 0.657622
vt 0.908933 0.656555
vt 0.908548 0.655823
vt 0.908873 0.655306
vt 0.909323 0.654606
vt 0.909883 0.653752
vt 0.912316 0.654367
vt 0.910577 0.652704
vt 0.913377 0.656733
vt 0.908083 0.653040
vt 0.907878 0.654075
vt 0.906280 0.654146
vt 0.906041 0.653090
vt 0.907737 0.654932
vt 0.906478 0.655024
vt 0.904807 0.654770
vt 0.904177 0.653924
vt 0.905304 0.655483
vt 0.908358 0.651758
vt 0.907747 0.655766
vt 0.906674 0.655885
vt 0.905655 0.656241
vt 0.904958 0.656641
vt 0.904441 0.656313
vt 0.903732 0.655875
vt 0.902859 0.655345
vt 0.903378 0.652884
vt 0.901782 0.654699
vt 0.905739 0.651753
vt 0.902224 0.657189
vt 0.903259 0.657362
vt 0.903388 0.659001
vt 0.902343 0.659257
vt 0.904112 0.657488
vt 0.904247 0.658792
vt 0.904037 0.660534
vt 0.903200 0.661146
vt 0.904733 0.660040
vt 0.900933 0.656968
vt 0.904929 0.657471
vt 0.905083 0.658591
vt 0.905462 0.659689
vt 0.902152 0.661915
vt 0.901015 0.659584
vt 0.907990 0.656734
vt 0.908286 0.657845
vt 0.907180 0.658097
vt 0.906911 0.656927
vt 0.908504 0.659013
vt 0.907460 0.659308
vt 0.906075 0.658355
vt 0.905856 0.657222
vt 0.906394 0.659503
vt 0.926867 0.629996
vt 0.947262 0.630373
vt 0.947049 0.639177
vt 0.926654 0.638799
vt 0.927565 0.600407
vt 0.947586 0.604720
vt 0.947534 0.607531
vt 0.927366 0.611140
vt 0.961698 0.606446
vt 0.973194 0.606659
vt 0.928672 0.540618
vt 0.948692 0.544971
vt 0.948640 0.547782
vt 0.928473 0.551352
vt 0.928125 0.570131
vt 0.948220 0.570503
vt 0.948007 0.581999
vt 0.927912 0.581627
vt 0.901715 0.611594
vt 0.901554 0.620305
vt 0.896231 0.620207
vt 0.892511 0.610625
vt 0.926920 0.648026
vt 0.924265 0.647977
vt 0.921885 0.638711
vt 0.923754 0.540397
vt 0.923844 0.535546
vt 0.929136 0.530984
vt 0.951818 0.639265
vt 0.951720 0.644588
vt 0.947165 0.648401
vt 0.982396 0.607728
vt 0.982225 0.616949
vt 0.972917 0.621626
vt 0.949381 0.531359
vt 0.952319 0.531413
vt 0.953604 0.545510
vt 0.901946 0.599083
vt 0.892728 0.598869
vt 0.892822 0.593820
vt 0.902107 0.590372
vt 0.928271 0.560912
vt 0.925420 0.560859
vt 0.923537 0.552153
vt 0.923206 0.570040
vt 0.923304 0.564718
vt 0.973471 0.591692
vt 0.978793 0.591791
vt 0.982411 0.606907
vt 0.948365 0.561284
vt 0.951195 0.561336
vt 0.953139 0.570594
vt 0.953588 0.546332
vt 0.953429 0.554940
vt 0.913211 0.611806
vt 0.922444 0.611179
vt 0.923123 0.620450
vt 0.913049 0.620518
vt 0.927474 0.620785
vt 0.922098 0.629908
vt 0.961421 0.621413
vt 0.953016 0.619641
vt 0.952462 0.607174
vt 0.947719 0.621160
vt 0.952031 0.630462
vt 0.913442 0.599296
vt 0.913603 0.590584
vt 0.922182 0.591950
vt 0.922662 0.599423
vt 0.927717 0.590846
vt 0.922993 0.581536
vt 0.952477 0.606353
vt 0.952035 0.592142
vt 0.961975 0.591480
vt 0.947811 0.591217
vt 0.952927 0.582090
vt 0.863963 0.961638
vt 0.863461 0.961629
vt 0.863563 0.957661
vt 0.864033 0.957629
vt 0.862918 0.961627
vt 0.863031 0.957755
vt 0.863681 0.953277
vt 0.864147 0.953160
vt 0.863142 0.953604
vt 0.864492 0.965436
vt 0.863931 0.965420
vt 0.864356 0.961649
vt 0.863370 0.965403
vt 0.862809 0.965386
vt 0.905025 0.593214
vt 0.905025 0.592653
vt 0.908768 0.592653
vt 0.908786 0.593211
vt 0.862359 0.961629
vt 0.862470 0.957888
vt 0.862581 0.954147
vt 0.862692 0.950407
vt 0.863167 0.948676
vt 0.863793 0.948151
vt 0.864293 0.947984
vt 0.864504 0.953152
vt 0.864654 0.947969
vt 0.864397 0.957633
vt 0.864461 0.941975
vt 0.863891 0.942083
vt 0.864038 0.935471
vt 0.864647 0.935489
vt 0.863015 0.942374
vt 0.863052 0.935441
vt 0.864283 0.928861
vt 0.864846 0.929003
vt 0.863426 0.928519
vt 0.864832 0.941968
vt 0.861459 0.942733
vt 0.861370 0.935391
vt 0.861894 0.928069
vt 0.863581 0.920481
vt 0.863952 0.922237
vt 0.864546 0.922798
vt 0.865035 0.922994
vt 0.865216 0.929032
vt 0.865395 0.923031
vt 0.865024 0.935500
vt 0.904050 0.944147
vt 0.900221 0.944033
vt 0.900398 0.936550
vt 0.904266 0.936665
vt 0.896203 0.943901
vt 0.896275 0.936428
vt 0.900666 0.929070
vt 0.904494 0.929184
vt 0.896646 0.928964
vt 0.907580 0.951740
vt 0.903840 0.951629
vt 0.905112 0.944178
vt 0.900099 0.951518
vt 0.896358 0.951407
vt 0.892618 0.951295
vt 0.891642 0.943629
vt 0.891607 0.936289
vt 0.892077 0.928965
vt 0.893506 0.921370
vt 0.897247 0.921481
vt 0.900988 0.921592
vt 0.904728 0.921703
vt 0.905556 0.929216
vt 0.905778 0.921734
vt 0.905334 0.936697
vt 0.886170 0.943062
vt 0.880528 0.942577
vt 0.880684 0.935965
vt 0.886236 0.936130
vt 0.875417 0.942301
vt 0.875604 0.935814
vt 0.880921 0.929355
vt 0.886581 0.929206
vt 0.875802 0.929328
vt 0.886262 0.949361
vt 0.880416 0.948645
vt 0.875247 0.948310
vt 0.871138 0.948162
vt 0.871316 0.942161
vt 0.871508 0.935693
vt 0.871700 0.929224
vt 0.871879 0.923224
vt 0.875989 0.923320
vt 0.881169 0.923292
vt 0.887047 0.922923
vt 0.885955 0.962311
vt 0.879800 0.962114
vt 0.880089 0.958151
vt 0.886091 0.958440
vt 0.874079 0.961939
vt 0.874733 0.957947
vt 0.880286 0.953770
vt 0.886214 0.954289
vt 0.875068 0.953484
vt 0.892173 0.966258
vt 0.885814 0.966069
vt 0.892285 0.962517
vt 0.879455 0.965881
vt 0.873096 0.965692
vt 0.866737 0.965503
vt 0.869559 0.961804
vt 0.870527 0.957815
vt 0.870944 0.953343
vt 0.892507 0.955036
vt 0.892396 0.958777
vt 0.865405 0.941985
vt 0.865239 0.941980
vt 0.865431 0.935512
vt 0.865597 0.935517
vt 0.865070 0.941975
vt 0.865262 0.935507
vt 0.865623 0.929044
vt 0.865789 0.929049
vt 0.865454 0.929039
vt 0.865455 0.947993
vt 0.865227 0.947986
vt 0.865633 0.941992
vt 0.865061 0.947981
vt 0.864892 0.947976
vt 0.865632 0.923038
vt 0.865802 0.923043
vt 0.865968 0.923048
vt 0.866017 0.929056
vt 0.866195 0.923055
vt 0.865825 0.935524
vt 0.864757 0.961661
vt 0.864656 0.961658
vt 0.864774 0.957645
vt 0.864921 0.957649
vt 0.864553 0.961655
vt 0.864625 0.957640
vt 0.864907 0.953164
vt 0.865071 0.953168
vt 0.864740 0.953159
vt 0.864597 0.965439
vt 0.864571 0.965439
vt 0.864946 0.961667
vt 0.864545 0.965438
vt 0.864519 0.965437
vt 0.865297 0.953175
vt 0.865140 0.957655
vt 0.866119 0.917866
vt 0.865955 0.917861
vt 0.866089 0.913380
vt 0.866235 0.913384
vt 0.865789 0.917856
vt 0.865940 0.913375
vt 0.866209 0.909366
vt 0.866310 0.909369
vt 0.866106 0.909363
vt 0.866346 0.917872
vt 0.865552 0.917849
vt 0.865711 0.913368
vt 0.865909 0.909357
vt 0.866270 0.905585
vt 0.866296 0.905586
vt 0.866322 0.905587
vt 0.866348 0.905587
vt 0.866499 0.909375
vt 0.866375 0.905588
vt 0.866454 0.913391
vt 0.887291 0.918001
vt 0.881343 0.918168
vt 0.881407 0.913783
vt 0.887416 0.913850
vt 0.876118 0.918144
vt 0.876047 0.913669
vt 0.881353 0.909809
vt 0.887509 0.909978
vt 0.875632 0.909645
vt 0.893618 0.917629
vt 0.871992 0.918040
vt 0.871842 0.913550
vt 0.871112 0.909512
vt 0.868514 0.905652
vt 0.874873 0.905841
vt 0.881232 0.906029
vt 0.887591 0.906218
vt 0.893840 0.910148
vt 0.893951 0.906407
vt 0.893728 0.913888
vt 0.858714 0.942788
vt 0.855312 0.942700
vt 0.855478 0.935217
vt 0.858755 0.935314
vt 0.851677 0.942592
vt 0.851892 0.935110
vt 0.855756 0.927737
vt 0.859158 0.927851
vt 0.852121 0.927629
vt 0.858951 0.950296
vt 0.855211 0.950185
vt 0.851470 0.950074
vt 0.919995 0.581425
vt 0.919995 0.577683
vt 0.927479 0.577683
vt 0.927479 0.581410
vt 0.934964 0.577683
vt 0.934964 0.581403
vt 0.942449 0.577683
vt 0.942449 0.581410
vt 0.949934 0.577683
vt 0.949934 0.581425
vt 0.852359 0.920148
vt 0.856099 0.920259
vt 0.859840 0.920370
vt 0.865196 0.917820
vt 0.864738 0.917675
vt 0.864880 0.913292
vt 0.865348 0.913351
vt 0.864219 0.917316
vt 0.864355 0.913166
vt 0.865014 0.909324
vt 0.865516 0.909345
vt 0.864472 0.909294
vt 0.863692 0.916740
vt 0.863803 0.913000
vt 0.863914 0.909259
vt 0.961142 0.593211
vt 0.961161 0.592653
vt 0.964903 0.592653
vt 0.964903 0.593214
vt 0.961128 0.593754
vt 0.964903 0.593775
vt 0.961122 0.594257
vt 0.964903 0.594337
vt 0.961122 0.594649
vt 0.964903 0.594898
vt 0.869229 0.917958
vt 0.867597 0.917909
vt 0.867653 0.913426
vt 0.869158 0.913471
vt 0.866745 0.917884
vt 0.866851 0.913402
vt 0.867585 0.909407
vt 0.868740 0.909441
vt 0.866902 0.909387
vt 0.869104 0.923141
vt 0.867454 0.923092
vt 0.866595 0.923067
vt 0.866910 0.905604
vt 0.867444 0.905620
vt 0.867979 0.905636
vt 0.867188 0.961733
vt 0.866032 0.961699
vt 0.866338 0.957691
vt 0.867843 0.957736
vt 0.865350 0.961679
vt 0.865537 0.957667
vt 0.866548 0.953212
vt 0.868181 0.953261
vt 0.865697 0.953187
vt 0.866202 0.965487
vt 0.865667 0.965471
vt 0.865132 0.965455
vt 0.865854 0.948005
vt 0.866713 0.948030
vt 0.868364 0.948079
vt 0.868542 0.942078
vt 0.866891 0.942029
vt 0.867083 0.935561
vt 0.868734 0.935610
vt 0.866032 0.942004
vt 0.866225 0.935536
vt 0.867275 0.929093
vt 0.868926 0.929142
vt 0.866417 0.929067
vt 0.961122 0.594847
vt 0.964903 0.594924
s 1
usemtl Material.019
f 333/1/1 334/2/2 341/3/3 340/4/4
f 334/2/2 335/5/5 342/6/6 341/3/3
f 335/5/5 336/7/7 343/8/8 342/6/6
f 336/7/7 337/9/9 344/10/10 343/8/8
f 337/9/9 338/11/11 345/12/12 344/10/10
f 338/11/11 339/13/13 346/14/14 345/12/12
f 340/4/4 341/3/3 348/15/15 347/16/16
f 341/3/3 342/6/6 349/17/17 348/15/15
f 342/6/6 343/8/8 350/18/18 349/17/17
f 343/8/8 344/10/10 351/19/19 350/18/18
f 344/10/10 345/12/12 352/20/20 351/19/19
f 345/12/12 346/14/14 353/21/21 352/20/20
f 347/16/16 348/15/15 355/22/22 354/23/23
f 348/15/15 349/17/17 356/24/24 355/22/22
f 349/17/17 350/18/18 357/25/25 356/24/24
f 350/18/18 351/19/19 358/26/26 357/25/25
f 351/19/19 352/20/20 359/27/27 358/26/26
f 352/20/20 353/21/21 360/28/28 359/27/27
f 354/23/23 355/22/22 362/29/29 361/30/30
f 355/22/22 356/24/24 363/31/31 362/29/29
f 356/24/24 357/25/25 364/32/32 363/31/31
f 357/25/25 358/26/26 365/33/33 364/32/32
f 358/26/26 359/27/27 366/34/34 365/33/33
f 359/27/27 360/28/28 367/35/35 366/34/34
f 361/30/30 362/29/29 369/36/36 368/37/37
f 362/29/29 363/31/31 370/38/38 369/36/36
f 363/31/31 364/32/32 371/39/39 370/38/38
f 364/32/32 365/33/33 372/40/40 371/39/39
f 365/33/33 366/34/34 373/41/41 372/40/40
f 366/34/34 367/35/35 374/42/42 373/41/41
f 368/37/37 369/36/36 376/43/43 375/44/44
f 369/36/36 370/38/38 377/45/45 376/43/43
f 370/38/38 371/39/39 378/46/46 377/45/45
f 371/39/39 372/40/40 379/47/47 378/46/46
f 372/40/40 373/41/41 380/48/48 379/47/47
f 373/41/41 374/42/42 381/49/49 380/48/48
f 17/50/50 32/51/51 333/1/1 270/52/52
f 32/51/51 33/53/53 334/2/2 333/1/1
f 33/53/53 34/54/54 335/5/5 334/2/2
f 34/54/54 35/55/55 336/7/7 335/5/5
f 35/55/55 36/56/56 337/9/9 336/7/7
f 36/56/56 37/57/57 338/11/11 337/9/9
f 37/57/57 38/58/58 339/13/13 338/11/11
f 38/58/58 2/59/59 39/60/60 339/13/13
f 339/13/13 39/60/60 40/61/61 346/14/14
f 346/14/14 40/61/61 41/62/62 353/21/21
f 353/21/21 41/62/62 42/63/63 360/28/28
f 360/28/28 42/63/63 43/64/64 367/35/35
f 367/35/35 43/64/64 44/65/65 374/42/42
f 374/42/42 44/65/65 45/66/66 381/49/49
f 381/49/49 45/66/66 4/67/67 228/68/68
f 380/48/48 381/49/49 228/68/68 229/69/69
f 379/47/47 380/48/48 229/69/69 230/70/70
f 378/46/46 379/47/47 230/70/70 231/71/71
f 377/45/45 378/46/46 231/71/71 232/72/72
f 376/43/43 377/45/45 232/72/72 233/73/73
f 375/44/44 376/43/43 233/73/73 234/74/74
f 276/75/75 375/44/44 234/74/74 18/76/76
f 275/77/77 368/37/37 375/44/44 276/75/75
f 274/78/78 361/30/30 368/37/37 275/77/77
f 273/79/79 354/23/23 361/30/30 274/78/78
f 272/80/80 347/16/16 354/23/23 273/79/79
f 271/81/81 340/4/4 347/16/16 272/80/80
f 270/52/52 333/1/1 340/4/4 271/81/81
f 382/82/82 383/83/83 390/84/84 389/85/85
f 383/83/83 384/86/86 391/87/87 390/84/84
f 384/86/86 385/88/88 392/89/89 391/87/87
f 385/88/88 386/90/90 393/91/91 392/89/89
f 386/90/90 387/92/92 394/93/93 393/91/91
f 387/92/92 388/94/94 395/95/95 394/93/93
f 389/85/85 390/84/84 397/96/96 396/97/97
f 390/84/84 391/87/87 398/98/98 397/96/96
f 391/87/87 392/89/89 399/99/99 398/98/98
f 392/89/89 393/91/91 400/100/100 399/99/99
f 393/91/91 394/93/93 401/101/101 400/100/100
f 394/93/93 395/95/95 402/102/102 401/101/101
f 396/97/97 397/96/96 404/103/103 403/104/104
f 397/96/96 398/98/98 405/105/105 404/103/103
f 398/98/98 399/99/99 406/106/106 405/105/105
f 399/99/99 400/100/100 407/107/107 406/106/106
f 400/100/100 401/101/101 408/108/108 407/107/107
f 401/101/101 402/102/102 409/109/109 408/108/108
f 403/104/104 404/103/103 411/110/110 410/111/111
f 404/103/103 405/105/105 412/112/112 411/110/110
f 405/105/105 406/106/106 413/113/113 412/112/112
f 406/106/106 407/107/107 414/114/114 413/113/113
f 407/107/107 408/108/108 415/115/115 414/114/114
f 408/108/108 409/109/109 416/116/116 415/115/115
f 410/111/111 411/110/110 418/117/117 417/118/118
f 411/110/110 412/112/112 419/119/119 418/117/117
f 412/112/112 413/113/113 420/120/120 419/119/119
f 413/113/113 414/114/114 421/121/121 420/120/120
f 414/114/114 415/115/115 422/122/122 421/121/121
f 415/115/115 416/116/116 423/123/123 422/122/122
f 417/118/118 418/117/117 425/124/124 424/125/125
f 418/117/117 419/119/119 426/126/126 425/124/124
f 419/119/119 420/120/120 427/127/127 426/126/126
f 420/120/120 421/121/121 428/128/128 427/127/127
f 421/121/121 422/122/122 429/129/129 428/128/128
f 422/122/122 423/123/123 430/130/130 429/129/129
f 18/76/76 234/74/74 382/82/82 263/131/131
f 234/74/74 233/73/73 383/83/83 382/82/82
f 233/73/73 232/72/72 384/86/86 383/83/83
f 232/72/72 231/71/71 385/88/88 384/86/86
f 231/71/71 230/70/70 386/90/90 385/88/88
f 230/70/70 229/69/69 387/92/92 386/90/90
f 229/69/69 228/68/68 388/94/94 387/92/92
f 228/68/68 4/67/67 60/132/132 388/94/94
f 388/94/94 60/132/132 61/133/133 395/95/95
f 395/95/95 61/133/133 62/134/134 402/102/102
f 402/102/102 62/134/134 63/135/135 409/109/109
f 409/109/109 63/135/135 64/136/136 416/116/116
f 416/116/116 64/136/136 65/137/137 423/123/123
f 423/123/123 65/137/137 66/138/138 430/130/130
f 430/130/130 66/138/138 8/139/139 235/140/140
f 429/129/129 430/130/130 235/140/140 236/141/141
f 428/128/128 429/129/129 236/141/141 237/142/142
f 427/127/127 428/128/128 237/142/142 238/143/143
f 426/126/126 427/127/127 238/143/143 239/144/144
f 425/124/124 426/126/126 239/144/144 240/145/145
f 424/125/125 425/124/124 240/145/145 241/146/146
f 269/147/147 424/125/125 241/146/146 19/148/148
f 268/149/149 417/118/118 424/125/125 269/147/147
f 267/150/150 410/111/111 417/118/118 268/149/149
f 266/151/151 403/104/104 410/111/111 267/150/150
f 265/152/152 396/97/97 403/104/104 266/151/151
f 264/153/153 389/85/85 396/97/97 265/152/152
f 263/131/131 382/82/82 389/85/85 264/153/153
f 431/154/154 432/155/155 439/156/156 438/157/157
f 432/155/155 433/158/158 440/159/159 439/156/156
f 433/158/158 434/160/160 441/161/161 440/159/159
f 434/160/160 435/162/162 442/163/163 441/161/161
f 435/162/162 436/164/164 443/165/165 442/163/163
f 436/164/164 437/166/166 444/167/167 443/165/165
f 438/157/157 439/156/156 446/168/168 445/169/169
f 439/156/156 440/159/159 447/170/170 446/168/168
f 440/159/159 441/161/161 448/171/171 447/170/170
f 441/161/161 442/163/163 449/172/172 448/171/171
f 442/163/163 443/165/165 450/173/173 449/172/172
f 443/165/165 444/167/167 451/174/174 450/173/173
f 445/169/169 446/168/168 453/175/175 452/176/176
f 446/168/168 447/170/170 454/177/177 453/175/175
f 447/170/170 448/171/171 455/178/178 454/177/177
f 448/171/171 449/172/172 456/179/179 455/178/178
f 449/172/172 450/173/173 457/180/180 456/179/179
f 450/173/173 451/174/174 458/181/181 457/180/180
f 452/176/176 453/175/175 460/182/182 459/183/183
f 453/175/175 454/177/177 461/184/184 460/182/182
f 454/177/177 455/178/178 462/185/185 461/184/184
f 455/178/178 456/179/179 463/186/186 462/185/185
f 456/179/179 457/180/180 464/187/187 463/186/186
f 457/180/180 458/181/181 465/188/188 464/187/187
f 459/183/183 460/182/182 467/189/189 466/190/190
f 460/182/182 461/184/184 468/191/191 467/189/189
f 461/184/184 462/185/185 469/192/192 468/191/191
f 462/185/185 463/186/186 470/193/193 469/192/192
f 463/186/186 464/187/187 471/194/194 470/193/193
f 464/187/187 465/188/188 472/195/195 471/194/194
f 466/190/190 467/189/189 474/196/196 473/197/197
f 467/189/189 468/191/191 475/198/198 474/196/196
f 468/191/191 469/192/192 476/199/199 475/198/198
f 469/192/192 470/193/193 477/200/200 476/199/199
f 470/193/193 471/194/194 478/201/201 477/200/200
f 471/194/194 472/195/195 479/202/202 478/201/201
f 19/148/148 241/146/146 431/154/154 256/203/203
f 241/146/146 240/145/145 432/155/155 431/154/154
f 240/145/145 239/144/144 433/158/158 432/155/155
f 239/144/144 238/143/143 434/160/160 433/158/158
f 238/143/143 237/142/142 435/162/162 434/160/160
f 237/142/142 236/141/141 436/164/164 435/162/162
f 236/141/141 235/140/140 437/166/166 436/164/164
f 235/140/140 8/139/139 81/204/204 437/166/166
f 437/166/166 81/204/204 82/205/205 444/167/167
f 444/167/167 82/205/205 83/206/206 451/174/174
f 451/174/174 83/206/206 84/207/207 458/181/181
f 458/181/181 84/207/207 85/208/208 465/188/188
f 465/188/188 85/208/208 86/209/209 472/195/195
f 472/195/195 86/209/209 87/210/210 479/202/202
f 479/202/202 87/210/210 6/211/211 242/212/212
f 478/201/201 479/202/202 242/212/212 243/213/213
f 477/200/200 478/201/201 243/213/213 244/214/214
f 476/199/199 477/200/200 244/214/214 245/215/215
f 475/198/198 476/199/199 245/215/215 246/216/216
f 474/196/196 475/198/198 246/216/216 247/217/217
f 473/197/197 474/196/196 247/217/217 248/218/218
f 262/219/219 473/197/197 248/218/218 20/220/220
f 261/221/221 466/190/190 473/197/197 262/219/219
f 260/222/222 459/183/183 466/190/190 261/221/221
f 259/223/223 452/176/176 459/183/183 260/222/222
f 258/224/224 445/169/169 452/176/176 259/223/223
f 257/225/225 438/157/157 445/169/169 258/224/224
f 256/203/203 431/154/154 438/157/157 257/225/225
f 480/226/226 481/227/227 488/228/228 487/229/229
f 481/227/227 482/230/230 489/231/231 488/228/228
f 482/230/230 483/232/232 490/233/233 489/231/231
f 483/232/232 484/234/234 491/235/235 490/233/233
f 484/234/234 485/236/236 492/237/237 491/235/235
f 485/236/236 486/238/238 493/239/239 492/237/237
f 487/229/229 488/228/228 495/240/240 494/241/241
f 488/228/228 489/231/231 496/242/242 495/240/240
f 489/231/231 490/233/233 497/243/243 496/242/242
f 490/233/233 491/235/235 498/244/244 497/243/243
f 491/235/235 492/237/237 499/245/245 498/244/244
f 492/237/237 493/239/239 500/246/246 499/245/245
f 494/241/241 495/240/240 502/247/247 501/248/248
f 495/240/240 496/242/242 503/249/249 502/247/247
f 496/242/242 497/243/243 504/250/250 503/249/249
f 497/243/243 498/244/244 505/251/251 504/250/250
f 498/244/244 499/245/245 506/252/252 505/251/251
f 499/245/245 500/246/246 507/253/253 506/252/252
f 501/248/248 502/247/247 509/254/254 508/255/255
f 502/247/247 503/249/249 510/256/256 509/254/254
f 503/249/249 504/250/250 511/257/257 510/256/256
f 504/250/250 505/251/251 512/258/258 511/257/257
f 505/251/251 506/252/252 513/259/259 512/258/258
f 506/252/252 507/253/253 514/260/260 513/259/259
f 508/255/255 509/254/254 516/261/261 515/262/262
f 509/254/254 510/256/256 517/263/263 516/261/261
f 510/256/256 511/257/257 518/264/264 517/263/263
f 511/257/257 512/258/258 519/265/265 518/264/264
f 512/258/258 513/259/259 520/266/266 519/265/265
f 513/259/259 514/260/260 521/267/267 520/266/266
f 515/262/262 516/261/261 523/268/268 522/269/269
f 516/261/261 517/263/263 524/270/270 523/268/268
f 517/263/263 518/264/264 525/271/271 524/270/270
f 518/264/264 519/265/265 526/272/272 525/271/271
f 519/265/265 520/266/266 527/273/273 526/272/272
f 520/266/266 521/267/267 528/274/274 527/273/273
f 20/220/220 248/218/218 480/226/226 249/275/275
f 248/218/218 247/217/217 481/227/227 480/226/226
f 247/217/217 246/216/216 482/230/230 481/227/227
f 246/216/216 245/215/215 483/232/232 482/230/230
f 245/215/215 244/214/214 484/234/234 483/232/232
f 244/214/214 243/213/213 485/236/236 484/234/234
f 243/213/213 242/212/212 486/238/238 485/236/236
f 242/212/212 6/211/211 102/276/276 486/238/238
f 486/238/238 102/276/276 103/277/277 493/239/239
f 493/239/239 103/277/277 104/278/278 500/246/246
f 500/246/246 104/278/278 105/279/279 507/253/253
f 507/253/253 105/279/279 106/280/280 514/260/260
f 514/260/260 106/280/280 107/281/281 521/267/267
f 521/267/267 107/281/281 108/282/282 528/274/274
f 528/274/274 108/282/282 2/283/59 38/284/58
f 527/273/273 528/274/274 38/284/58 37/285/57
f 526/272/272 527/273/273 37/285/57 36/286/56
f 525/271/271 526/272/272 36/286/56 35/287/55
f 524/270/270 525/271/271 35/287/55 34/288/54
f 523/268/268 524/270/270 34/288/54 33/289/53
f 522/269/269 523/268/268 33/289/53 32/290/51
f 255/291/283 522/269/269 32/290/51 17/292/50
f 254/293/284 515/262/262 522/269/269 255/291/283
f 253/294/285 508/255/255 515/262/262 254/293/284
f 252/295/286 501/248/248 508/255/255 253/294/285
f 251/296/287 494/241/241 501/248/248 252/295/286
f 250/297/288 487/229/229 494/241/241 251/296/287
f 249/275/275 480/226/226 487/229/229 250/297/288
f 529/298/289 530/299/290 537/300/291 536/301/292
f 530/299/290 531/302/293 538/303/294 537/300/291
f 531/302/293 532/304/295 539/305/296 538/303/294
f 532/304/295 533/306/297 540/307/298 539/305/296
f 533/306/297 534/308/299 541/309/300 540/307/298
f 534/308/299 535/310/301 542/311/302 541/309/300
f 536/301/292 537/300/291 544/312/303 543/313/304
f 537/300/291 538/303/294 545/314/305 544/312/303
f 538/303/294 539/305/296 546/315/306 545/314/305
f 539/305/296 540/307/298 547/316/307 546/315/306
f 540/307/298 541/309/300 548/317/308 547/316/307
f 541/309/300 542/311/302 549/318/309 548/317/308
f 543/319/304 544/320/303 551/321/310 550/322/311
f 544/312/303 545/314/305 552/323/312 551/324/310
f 545/314/305 546/315/306 553/325/313 552/323/312
f 546/315/306 547/316/307 554/326/314 553/325/313
f 547/327/307 548/328/308 555/329/315 554/330/314
f 548/328/308 549/331/309 556/332/316 555/329/315
f 550/322/311 551/321/310 558/333/317 557/334/318
f 551/324/310 552/323/312 559/335/319 558/336/317
f 552/323/312 553/325/313 560/337/320 559/335/319
f 553/325/313 554/326/314 561/338/321 560/337/320
f 554/330/314 555/329/315 562/339/322 561/340/321
f 555/329/315 556/332/316 563/341/323 562/339/322
f 557/334/318 558/333/317 565/342/324 564/343/325
f 558/333/317 559/344/319 566/345/326 565/342/324
f 559/335/319 560/337/320 567/346/327 566/347/326
f 560/337/320 561/338/321 568/348/328 567/346/327
f 561/340/321 562/339/322 569/349/329 568/350/328
f 562/339/322 563/341/323 570/351/330 569/349/329
f 564/343/325 565/342/324 572/352/331 571/353/332
f 565/342/324 566/345/326 573/354/333 572/352/331
f 566/347/326 567/346/327 574/355/334 573/356/333
f 567/346/327 568/348/328 575/357/335 574/355/334
f 568/348/328 569/358/329 576/359/336 575/357/335
f 569/358/329 570/360/330 577/361/337 576/359/336
f 3/362/338 59/363/339 529/298/289 25/364/340
f 59/363/339 58/365/341 530/299/290 529/298/289
f 58/365/341 57/366/342 531/302/293 530/299/290
f 57/366/342 56/367/343 532/304/295 531/302/293
f 56/367/343 55/368/344 533/306/297 532/304/295
f 55/368/344 54/369/345 534/308/299 533/306/297
f 54/369/345 53/370/346 535/310/301 534/308/299
f 53/370/346 7/371/347 80/372/348 535/310/301
f 535/373/301 80/374/348 79/375/349 542/376/302
f 542/376/302 79/375/349 78/377/350 549/331/309
f 549/331/309 78/377/350 77/378/351 556/332/316
f 556/332/316 77/378/351 76/379/352 563/341/323
f 563/341/323 76/379/352 75/380/353 570/351/330
f 570/360/330 75/381/353 74/382/354 577/361/337
f 577/361/337 74/382/354 5/383/355 101/384/356
f 576/359/336 577/361/337 101/384/356 100/385/357
f 575/357/335 576/359/336 100/385/357 99/386/358
f 574/355/334 575/357/335 99/386/358 98/387/359
f 573/356/333 574/355/334 98/387/359 97/388/360
f 572/389/331 573/356/333 97/388/360 96/390/361
f 571/391/332 572/389/331 96/390/361 95/392/362
f 31/393/363 571/391/332 95/392/362 1/394/364
f 30/395/365 564/343/325 571/353/332 31/396/363
f 29/397/366 557/334/318 564/343/325 30/395/365
f 28/398/367 550/322/311 557/334/318 29/397/366
f 27/399/368 543/319/304 550/322/311 28/398/367
f 26/400/369 536/401/292 543/319/304 27/399/368
f 25/364/340 529/298/289 536/301/292 26/402/369
f 578/403/370 579/404/371 586/405/372 585/406/373
f 579/404/371 580/407/374 587/408/375 586/405/372
f 580/407/374 581/409/376 588/410/377 587/408/375
f 581/409/376 582/411/378 589/412/379 588/410/377
f 582/411/378 583/413/380 590/414/381 589/412/379
f 583/413/380 584/415/382 591/416/383 590/414/381
f 585/406/373 586/405/372 593/417/384 592/418/385
f 586/405/372 587/408/375 594/419/386 593/417/384
f 587/408/375 588/410/377 595/420/387 594/419/386
f 588/410/377 589/412/379 596/421/388 595/420/387
f 589/412/379 590/414/381 597/422/389 596/421/388
f 590/414/381 591/416/383 598/423/390 597/422/389
f 592/418/385 593/417/384 600/424/391 599/425/392
f 593/417/384 594/419/386 601/426/393 600/424/391
f 594/419/386 595/420/387 602/427/394 601/426/393
f 595/420/387 596/421/388 603/428/395 602/427/394
f 596/421/388 597/422/389 604/429/396 603/428/395
f 597/422/389 598/423/390 605/430/397 604/429/396
f 599/425/392 600/424/391 607/431/398 606/432/399
f 600/424/391 601/426/393 608/433/400 607/431/398
f 601/426/393 602/427/394 609/434/401 608/433/400
f 602/427/394 603/428/395 610/435/402 609/434/401
f 603/428/395 604/429/396 611/436/403 610/435/402
f 604/429/396 605/430/397 612/437/404 611/436/403
f 606/432/399 607/431/398 614/438/405 613/439/406
f 607/431/398 608/433/400 615/440/407 614/438/405
f 608/433/400 609/434/401 616/441/408 615/440/407
f 609/434/401 610/435/402 617/442/409 616/441/408
f 610/435/402 611/436/403 618/443/410 617/442/409
f 611/436/403 612/437/404 619/444/411 618/443/410
f 613/439/406 614/438/405 621/445/412 620/446/413
f 614/438/405 615/440/407 622/447/414 621/445/412
f 615/440/407 616/441/408 623/448/415 622/447/414
f 616/441/408 617/442/409 624/449/416 623/448/415
f 617/442/409 618/443/410 625/450/417 624/449/416
f 618/443/410 619/444/411 626/451/418 625/450/417
f 8/139/139 66/452/138 578/403/370 81/204/204
f 66/452/138 65/453/137 579/404/371 578/403/370
f 65/453/137 64/454/136 580/407/374 579/404/371
f 64/454/136 63/455/135 581/409/376 580/407/374
f 63/455/135 62/456/134 582/411/378 581/409/376
f 62/456/134 61/457/133 583/413/380 582/411/378
f 61/457/133 60/458/132 584/415/382 583/413/380
f 60/458/132 4/459/67 45/460/66 584/415/382
f 584/415/382 45/460/66 44/461/65 591/416/383
f 591/416/383 44/461/65 43/462/64 598/423/390
f 598/423/390 43/462/64 42/463/63 605/430/397
f 605/430/397 42/463/63 41/464/62 612/437/404
f 612/437/404 41/464/62 40/465/61 619/444/411
f 619/444/411 40/465/61 39/466/60 626/451/418
f 626/451/418 39/466/60 2/467/59 108/468/282
f 625/450/417 626/451/418 108/468/282 107/469/281
f 624/449/416 625/450/417 107/469/281 106/470/280
f 623/448/415 624/449/416 106/470/280 105/471/279
f 622/447/414 623/448/415 105/471/279 104/472/278
f 621/445/412 622/447/414 104/472/278 103/473/277
f 620/446/413 621/445/412 103/473/277 102/474/276
f 87/210/210 620/446/413 102/474/276 6/211/211
f 86/209/209 613/439/406 620/446/413 87/210/210
f 85/208/208 606/432/399 613/439/406 86/209/209
f 84/207/207 599/425/392 606/432/399 85/208/208
f 83/206/206 592/418/385 599/425/392 84/207/207
f 82/205/205 585/406/373 592/418/385 83/206/206
f 81/204/204 578/403/370 585/406/373 82/205/205
f 627/475/419 628/476/420 635/477/421 634/478/422
f 628/476/420 629/479/423 636/480/424 635/477/421
f 629/479/423 630/481/425 637/482/426 636/480/424
f 630/481/425 631/483/427 638/484/428 637/482/426
f 631/483/427 632/485/429 639/486/430 638/484/428
f 632/485/429 633/487/431 640/488/432 639/486/430
f 634/478/422 635/477/421 642/489/433 641/490/434
f 635/477/421 636/480/424 643/491/435 642/489/433
f 636/480/424 637/482/426 644/492/436 643/491/435
f 637/482/426 638/484/428 645/493/437 644/492/436
f 638/484/428 639/486/430 646/494/438 645/493/437
f 639/486/430 640/488/432 647/495/439 646/494/438
f 641/490/434 642/489/433 649/496/440 648/497/441
f 642/489/433 643/491/435 650/498/442 649/496/440
f 643/491/435 644/492/436 651/499/443 650/498/442
f 644/492/436 645/493/437 652/500/444 651/499/443
f 645/493/437 646/494/438 653/501/445 652/500/444
f 646/494/438 647/495/439 654/502/446 653/501/445
f 648/497/441 649/496/440 656/503/447 655/504/448
f 649/496/440 650/498/442 657/505/449 656/503/447
f 650/498/442 651/499/443 658/506/450 657/505/449
f 651/499/443 652/500/444 659/507/451 658/506/450
f 652/500/444 653/501/445 660/508/452 659/507/451
f 653/501/445 654/502/446 661/509/453 660/508/452
f 655/504/448 656/503/447 663/510/454 662/511/455
f 656/503/447 657/505/449 664/512/456 663/510/454
f 657/505/449 658/506/450 665/513/457 664/512/456
f 658/506/450 659/507/451 666/514/458 665/513/457
f 659/507/451 660/508/452 667/515/459 666/514/458
f 660/508/452 661/509/453 668/516/460 667/515/459
f 662/511/455 663/510/454 670/517/461 669/518/462
f 663/510/454 664/512/456 671/519/463 670/517/461
f 664/512/456 665/513/457 672/520/464 671/519/463
f 665/513/457 666/514/458 673/521/465 672/520/464
f 666/514/458 667/515/459 674/522/466 673/521/465
f 667/515/459 668/516/460 675/523/467 674/522/466
f 23/524/468 297/525/469 627/475/419 326/526/470
f 297/525/469 296/527/471 628/476/420 627/475/419
f 296/527/471 295/528/472 629/479/423 628/476/420
f 295/528/472 294/529/473 630/481/425 629/479/423
f 294/529/473 293/530/474 631/483/427 630/481/425
f 293/530/474 292/531/475 632/485/429 631/483/427
f 292/531/475 291/532/476 633/487/431 632/485/429
f 291/532/476 16/533/477 165/534/478 633/487/431
f 633/487/431 165/534/478 166/535/479 640/488/432
f 640/488/432 166/535/479 167/536/480 647/495/439
f 647/495/439 167/536/480 168/537/481 654/502/446
f 654/502/446 168/537/481 169/538/482 661/509/453
f 661/509/453 169/538/482 170/539/483 668/516/460
f 668/516/460 170/539/483 171/540/484 675/523/467
f 675/523/467 171/540/484 9/541/485 115/542/486
f 674/522/466 675/523/467 115/542/486 114/543/487
f 673/521/465 674/522/466 114/543/487 113/544/488
f 672/520/464 673/521/465 113/544/488 112/545/489
f 671/519/463 672/520/464 112/545/489 111/546/490
f 670/517/461 671/519/463 111/546/490 110/547/491
f 669/518/462 670/517/461 110/547/491 109/548/492
f 332/549/493 669/518/462 109/548/492 24/550/494
f 331/551/495 662/511/455 669/518/462 332/549/493
f 330/552/496 655/504/448 662/511/455 331/551/495
f 329/553/497 648/497/441 655/504/448 330/552/496
f 328/554/498 641/490/434 648/497/441 329/553/497
f 327/555/499 634/478/422 641/490/434 328/554/498
f 326/526/470 627/475/419 634/478/422 327/555/499
f 676/556/500 677/557/501 684/558/502 683/559/503
f 677/557/501 678/560/504 685/561/505 684/558/502
f 678/560/504 679/562/506 686/563/507 685/561/505
f 679/562/506 680/564/508 687/565/509 686/563/507
f 680/564/508 681/566/510 688/567/511 687/565/509
f 681/566/510 682/568/512 689/569/513 688/567/511
f 683/559/503 684/558/502 691/570/514 690/571/515
f 684/558/502 685/561/505 692/572/516 691/570/514
f 685/561/505 686/563/507 693/573/517 692/572/516
f 686/563/507 687/565/509 694/574/518 693/573/517
f 687/565/509 688/567/511 695/575/519 694/574/518
f 688/567/511 689/569/513 696/576/520 695/575/519
f 690/571/515 691/570/514 698/577/521 697/578/522
f 691/570/514 692/572/516 699/579/523 698/577/521
f 692/572/516 693/573/517 700/580/524 699/579/523
f 693/573/517 694/574/518 701/581/525 700/580/524
f 694/574/518 695/575/519 702/582/526 701/581/525
f 695/575/519 696/576/520 703/583/527 702/582/526
f 697/578/522 698/577/521 705/584/528 704/585/529
f 698/577/521 699/579/523 706/586/530 705/584/528
f 699/579/523 700/580/524 707/587/531 706/586/530
f 700/580/524 701/581/525 708/588/532 707/587/531
f 701/581/525 702/582/526 709/589/533 708/588/532
f 702/582/526 703/583/527 710/590/534 709/589/533
f 704/585/529 705/584/528 712/591/535 711/592/536
f 705/584/528 706/586/530 713/593/537 712/591/535
f 706/586/530 707/587/531 714/594/538 713/593/537
f 707/587/531 708/588/532 715/595/539 714/594/538
f 708/588/532 709/589/533 716/596/540 715/595/539
f 709/589/533 710/590/534 717/597/541 716/596/540
f 711/592/536 712/591/535 719/598/542 718/599/543
f 712/591/535 713/593/537 720/600/544 719/598/542
f 713/593/537 714/594/538 721/601/545 720/600/544
f 714/594/538 715/595/539 722/602/546 721/601/545
f 715/595/539 716/596/540 723/603/547 722/602/546
f 716/596/540 717/597/541 724/604/548 723/603/547
f 16/533/477 164/605/549 676/556/500 165/534/478
f 164/605/549 163/606/550 677/557/501 676/556/500
f 163/606/550 162/607/551 678/560/504 677/557/501
f 162/607/551 161/608/552 679/562/506 678/560/504
f 161/608/552 160/609/553 680/564/508 679/562/506
f 160/609/553 159/610/554 681/566/510 680/564/508
f 159/610/554 158/611/555 682/568/512 681/566/510
f 158/611/555 15/612/556 172/613/557 682/568/512
f 682/568/512 172/613/557 173/614/558 689/569/513
f 689/569/513 173/614/558 174/615/559 696/576/520
f 696/576/520 174/615/559 175/616/560 703/583/527
f 703/583/527 175/616/560 176/617/561 710/590/534
f 710/590/534 176/617/561 177/618/562 717/597/541
f 717/597/541 177/618/562 178/619/563 724/604/548
f 724/604/548 178/619/563 10/620/564 122/621/565
f 723/603/547 724/604/548 122/621/565 121/622/566
f 722/602/546 723/603/547 121/622/566 120/623/567
f 721/601/545 722/602/546 120/623/567 119/624/568
f 720/600/544 721/601/545 119/624/568 118/625/569
f 719/598/542 720/600/544 118/625/569 117/626/570
f 718/599/543 719/598/542 117/626/570 116/627/571
f 171/540/484 718/599/543 116/627/571 9/541/485
f 170/539/483 711/592/536 718/599/543 171/540/484
f 169/538/482 704/585/529 711/592/536 170/539/483
f 168/537/481 697/578/522 704/585/529 169/538/482
f 167/536/480 690/571/515 697/578/522 168/537/481
f 166/535/479 683/559/503 690/571/515 167/536/480
f 165/534/478 676/556/500 683/559/503 166/535/479
f 725/628/572 726/629/573 733/630/574 732/631/575
f 726/629/573 727/632/576 734/633/577 733/630/574
f 727/632/576 728/634/578 735/635/579 734/633/577
f 728/634/578 729/636/580 736/637/581 735/635/579
f 729/636/580 730/638/582 737/639/583 736/637/581
f 730/638/582 731/640/584 738/641/585 737/639/583
f 732/631/575 733/630/574 740/642/586 739/643/587
f 733/630/574 734/633/577 741/644/588 740/642/586
f 734/633/577 735/635/579 742/645/589 741/644/588
f 735/635/579 736/637/581 743/646/590 742/645/589
f 736/637/581 737/639/583 744/647/591 743/646/590
f 737/639/583 738/641/585 745/648/592 744/647/591
f 739/643/587 740/642/586 747/649/593 746/650/594
f 740/642/586 741/644/588 748/651/595 747/649/593
f 741/644/588 742/645/589 749/652/596 748/651/595
f 742/645/589 743/646/590 750/653/597 749/652/596
f 743/646/590 744/647/591 751/654/598 750/653/597
f 744/647/591 745/648/592 752/655/599 751/654/598
f 746/650/594 747/649/593 754/656/600 753/657/601
f 747/649/593 748/651/595 755/658/602 754/656/600
f 748/651/595 749/652/596 756/659/603 755/658/602
f 749/652/596 750/653/597 757/660/604 756/659/603
f 750/653/597 751/654/598 758/661/605 757/660/604
f 751/654/598 752/655/599 759/662/606 758/661/605
f 753/657/601 754/656/600 761/663/607 760/664/608
f 754/656/600 755/658/602 762/665/609 761/663/607
f 755/658/602 756/659/603 763/666/610 762/665/609
f 756/659/603 757/660/604 764/667/611 763/666/610
f 757/660/604 758/661/605 765/668/612 764/667/611
f 758/661/605 759/662/606 766/669/613 765/668/612
f 760/664/608 761/663/607 768/670/614 767/671/615
f 761/663/607 762/665/609 769/672/616 768/670/614
f 762/665/609 763/666/610 770/673/617 769/672/616
f 763/666/610 764/667/611 771/674/618 770/673/617
f 764/667/611 765/668/612 772/675/619 771/674/618
f 765/668/612 766/669/613 773/676/620 772/675/619
f 22/677/621 290/678/622 725/628/572 319/679/623
f 290/678/622 289/680/624 726/629/573 725/628/572
f 289/680/624 288/681/625 727/632/576 726/629/573
f 288/681/625 287/682/626 728/634/578 727/632/576
f 287/682/626 286/683/627 729/636/580 728/634/578
f 286/683/627 285/684/628 730/638/582 729/636/580
f 285/684/628 284/685/629 731/640/584 730/638/582
f 284/685/629 14/686/630 179/687/631 731/640/584
f 731/640/584 179/687/631 180/688/632 738/641/585
f 738/641/585 180/688/632 181/689/633 745/648/592
f 745/648/592 181/689/633 182/690/634 752/655/599
f 752/655/599 182/690/634 183/691/635 759/662/606
f 759/662/606 183/691/635 184/692/636 766/669/613
f 766/669/613 184/692/636 185/693/637 773/676/620
f 773/676/620 185/693/637 16/533/477 291/532/476
f 772/675/619 773/676/620 291/532/476 292/531/475
f 771/674/618 772/675/619 292/531/475 293/530/474
f 770/673/617 771/674/618 293/530/474 294/529/473
f 769/672/616 770/673/617 294/529/473 295/528/472
f 768/670/614 769/672/616 295/528/472 296/527/471
f 767/671/615 768/670/614 296/527/471 297/525/469
f 325/694/638 767/671/615 297/525/469 23/524/468
f 324/695/639 760/664/608 767/671/615 325/694/638
f 323/696/640 753/657/601 760/664/608 324/695/639
f 322/697/641 746/650/594 753/657/601 323/696/640
f 321/698/642 739/643/587 746/650/594 322/697/641
f 320/699/643 732/631/575 739/643/587 321/698/642
f 319/679/623 725/628/572 732/631/575 320/699/643
f 774/700/644 775/701/645 782/702/646 781/703/647
f 775/701/645 776/704/648 783/705/649 782/702/646
f 776/704/648 777/706/650 784/707/651 783/705/649
f 777/706/650 778/708/652 785/709/653 784/707/651
f 778/708/652 779/710/654 786/711/655 785/709/653
f 779/710/654 780/712/656 787/713/657 786/711/655
f 781/703/647 782/702/646 789/714/658 788/715/659
f 782/702/646 783/705/649 790/716/660 789/714/658
f 783/705/649 784/707/651 791/717/661 790/716/660
f 784/707/651 785/709/653 792/718/662 791/717/661
f 785/709/653 786/711/655 793/719/663 792/718/662
f 786/711/655 787/713/657 794/720/664 793/719/663
f 788/715/659 789/714/658 796/721/665 795/722/666
f 789/714/658 790/716/660 797/723/667 796/721/665
f 790/716/660 791/717/661 798/724/668 797/723/667
f 791/717/661 792/718/662 799/725/669 798/724/668
f 792/718/662 793/719/663 800/726/670 799/725/669
f 793/719/663 794/720/664 801/727/671 800/726/670
f 795/722/666 796/721/665 803/728/672 802/729/673
f 796/721/665 797/723/667 804/730/674 803/728/672
f 797/723/667 798/724/668 805/731/675 804/730/674
f 798/724/668 799/725/669 806/732/676 805/731/675
f 799/725/669 800/726/670 807/733/677 806/732/676
f 800/726/670 801/727/671 808/734/678 807/733/677
f 802/729/673 803/728/672 810/735/679 809/736/680
f 803/728/672 804/730/674 811/737/681 810/735/679
f 804/730/674 805/731/675 812/738/682 811/737/681
f 805/731/675 806/732/676 813/739/683 812/738/682
f 806/732/676 807/733/677 814/740/684 813/739/683
f 807/733/677 808/734/678 815/741/685 814/740/684
f 809/736/680 810/735/679 817/742/686 816/743/687
f 810/735/679 811/737/681 818/744/688 817/742/686
f 811/737/681 812/738/682 819/745/689 818/744/688
f 812/738/682 813/739/683 820/746/690 819/745/689
f 813/739/683 814/740/684 821/747/691 820/746/690
f 814/740/684 815/741/685 822/748/692 821/747/691
f 14/686/630 150/749/693 774/700/644 179/687/631
f 150/749/693 149/750/694 775/701/645 774/700/644
f 149/750/694 148/751/695 776/704/648 775/701/645
f 148/751/695 147/752/696 777/706/650 776/704/648
f 147/752/696 146/753/697 778/708/652 777/706/650
f 146/753/697 145/754/698 779/710/654 778/708/652
f 145/754/698 144/755/699 780/712/656 779/710/654
f 144/755/699 13/756/700 186/757/701 780/712/656
f 780/712/656 186/757/701 187/758/702 787/713/657
f 787/713/657 187/758/702 188/759/703 794/720/664
f 794/720/664 188/759/703 189/760/704 801/727/671
f 801/727/671 189/760/704 190/761/705 808/734/678
f 808/734/678 190/761/705 191/762/706 815/741/685
f 815/741/685 191/762/706 192/763/707 822/748/692
f 822/748/692 192/763/707 15/612/556 158/611/555
f 821/747/691 822/748/692 158/611/555 159/610/554
f 820/746/690 821/747/691 159/610/554 160/609/553
f 819/745/689 820/746/690 160/609/553 161/608/552
f 818/744/688 819/745/689 161/608/552 162/607/551
f 817/742/686 818/744/688 162/607/551 163/606/550
f 816/743/687 817/742/686 163/606/550 164/605/549
f 185/693/637 816/743/687 164/605/549 16/533/477
f 184/692/636 809/736/680 816/743/687 185/693/637
f 183/691/635 802/729/673 809/736/680 184/692/636
f 182/690/634 795/722/666 802/729/673 183/691/635
f 181/689/633 788/715/659 795/722/666 182/690/634
f 180/688/632 781/703/647 788/715/659 181/689/633
f 179/687/631 774/700/644 781/703/647 180/688/632
f 823/764/708 824/765/709 831/766/710 830/767/711
f 824/765/709 825/768/712 832/769/713 831/766/710
f 825/768/712 826/770/714 833/771/715 832/769/713
f 826/770/714 827/772/716 834/773/717 833/771/715
f 827/772/716 828/774/718 835/775/719 834/773/717
f 828/774/718 829/776/720 836/777/721 835/775/719
f 830/767/711 831/766/710 838/778/722 837/779/723
f 831/766/710 832/769/713 839/780/724 838/778/722
f 832/769/713 833/771/715 840/781/725 839/780/724
f 833/771/715 834/773/717 841/782/726 840/781/725
f 834/773/717 835/775/719 842/783/727 841/782/726
f 835/775/719 836/777/721 843/784/728 842/783/727
f 837/779/723 838/778/722 845/785/729 844/786/730
f 838/778/722 839/780/724 846/787/731 845/785/729
f 839/780/724 840/781/725 847/788/732 846/787/731
f 840/781/725 841/782/726 848/789/733 847/788/732
f 841/782/726 842/783/727 849/790/734 848/789/733
f 842/783/727 843/784/728 850/791/735 849/790/734
f 844/786/730 845/785/729 852/792/736 851/793/737
f 845/785/729 846/787/731 853/794/738 852/792/736
f 846/787/731 847/788/732 854/795/739 853/794/738
f 847/788/732 848/789/733 855/796/740 854/795/739
f 848/789/733 849/790/734 856/797/741 855/796/740
f 849/790/734 850/791/735 857/798/742 856/797/741
f 851/793/737 852/792/736 859/799/743 858/800/744
f 852/792/736 853/794/738 860/801/745 859/799/743
f 853/794/738 854/795/739 861/802/746 860/801/745
f 854/795/739 855/796/740 862/803/747 861/802/746
f 855/796/740 856/797/741 863/804/748 862/803/747
f 856/797/741 857/798/742 864/805/749 863/804/748
f 858/800/744 859/799/743 866/806/750 865/807/751
f 859/799/743 860/801/745 867/808/752 866/806/750
f 860/801/745 861/802/746 868/809/753 867/808/752
f 861/802/746 862/803/747 869/810/754 868/809/753
f 862/803/747 863/804/748 870/811/755 869/810/754
f 863/804/748 864/805/749 871/812/756 870/811/755
f 21/813/757 283/814/758 823/764/708 312/815/759
f 283/814/758 282/816/760 824/765/709 823/764/708
f 282/816/760 281/817/761 825/768/712 824/765/709
f 281/817/761 280/818/762 826/770/714 825/768/712
f 280/818/762 279/819/763 827/772/716 826/770/714
f 279/819/763 278/820/764 828/774/718 827/772/716
f 278/820/764 277/821/765 829/776/720 828/774/718
f 277/821/765 12/822/766 193/823/767 829/776/720
f 829/776/720 193/823/767 194/824/768 836/777/721
f 836/777/721 194/824/768 195/825/769 843/784/728
f 843/784/728 195/825/769 196/826/770 850/791/735
f 850/791/735 196/826/770 197/827/771 857/798/742
f 857/798/742 197/827/771 198/828/772 864/805/749
f 864/805/749 198/828/772 199/829/773 871/812/756
f 871/812/756 199/829/773 14/686/630 284/685/629
f 870/811/755 871/812/756 284/685/629 285/684/628
f 869/810/754 870/811/755 285/684/628 286/683/627
f 868/809/753 869/810/754 286/683/627 287/682/626
f 867/808/752 868/809/753 287/682/626 288/681/625
f 866/806/750 867/808/752 288/681/625 289/680/624
f 865/807/751 866/806/750 289/680/624 290/678/622
f 318/830/774 865/807/751 290/678/622 22/677/621
f 317/831/775 858/800/744 865/807/751 318/830/774
f 316/832/776 851/793/737 858/800/744 317/831/775
f 315/833/777 844/786/730 851/793/737 316/832/776
f 314/834/778 837/779/723 844/786/730 315/833/777
f 313/835/779 830/767/711 837/779/723 314/834/778
f 312/815/759 823/764/708 830/767/711 313/835/779
f 872/836/780 873/837/781 880/838/782 879/839/783
f 873/837/781 874/840/784 881/841/785 880/838/782
f 874/840/784 875/842/786 882/843/787 881/841/785
f 875/842/786 876/844/788 883/845/789 882/843/787
f 876/844/788 877/846/790 884/847/791 883/845/789
f 877/846/790 878/848/792 885/849/793 884/847/791
f 879/839/783 880/838/782 887/850/794 886/851/795
f 880/838/782 881/841/785 888/852/796 887/850/794
f 881/841/785 882/843/787 889/853/797 888/852/796
f 882/843/787 883/845/789 890/854/798 889/853/797
f 883/845/789 884/847/791 891/855/799 890/854/798
f 884/847/791 885/849/793 892/856/800 891/855/799
f 886/851/795 887/850/794 894/857/801 893/858/802
f 887/850/794 888/852/796 895/859/803 894/857/801
f 888/852/796 889/853/797 896/860/804 895/859/803
f 889/853/797 890/854/798 897/861/805 896/860/804
f 890/854/798 891/855/799 898/862/806 897/861/805
f 891/855/799 892/856/800 899/863/807 898/862/806
f 893/858/802 894/857/801 901/864/808 900/865/809
f 894/857/801 895/859/803 902/866/810 901/864/808
f 895/859/803 896/860/804 903/867/811 902/866/810
f 896/860/804 897/861/805 904/868/812 903/867/811
f 897/861/805 898/862/806 905/869/813 904/868/812
f 898/862/806 899/863/807 906/870/814 905/869/813
f 900/865/809 901/864/808 908/871/815 907/872/816
f 901/864/808 902/866/810 909/873/817 908/871/815
f 902/866/810 903/867/811 910/874/818 909/873/817
f 903/867/811 904/868/812 911/875/819 910/874/818
f 904/868/812 905/869/813 912/876/820 911/875/819
f 905/869/813 906/870/814 913/877/821 912/876/820
f 907/872/816 908/871/815 915/878/822 914/879/823
f 908/871/815 909/873/817 916/880/824 915/878/822
f 909/873/817 910/874/818 917/881/825 916/880/824
f 910/874/818 911/875/819 918/882/826 917/881/825
f 911/875/819 912/876/820 919/883/827 918/882/826
f 912/876/820 913/877/821 920/884/828 919/883/827
f 12/822/766 136/885/829 872/836/780 193/823/767
f 136/885/829 135/886/830 873/837/781 872/836/780
f 135/886/830 134/887/831 874/840/784 873/837/781
f 134/887/831 133/888/832 875/842/786 874/840/784
f 133/888/832 132/889/833 876/844/788 875/842/786
f 132/889/833 131/890/834 877/846/790 876/844/788
f 131/890/834 130/891/835 878/848/792 877/846/790
f 130/891/835 11/892/836 200/893/837 878/848/792
f 878/848/792 200/893/837 201/894/838 885/849/793
f 885/849/793 201/894/838 202/895/839 892/856/800
f 892/856/800 202/895/839 203/896/840 899/863/807
f 899/863/807 203/896/840 204/897/841 906/870/814
f 906/870/814 204/897/841 205/898/842 913/877/821
f 913/877/821 205/898/842 206/899/843 920/884/828
f 920/884/828 206/899/843 13/756/700 144/755/699
f 919/883/827 920/884/828 144/755/699 145/754/698
f 918/882/826 919/883/827 145/754/698 146/753/697
f 917/881/825 918/882/826 146/753/697 147/752/696
f 916/880/824 917/881/825 147/752/696 148/751/695
f 915/878/822 916/880/824 148/751/695 149/750/694
f 914/879/823 915/878/822 149/750/694 150/749/693
f 199/829/773 914/879/823 150/749/693 14/686/630
f 198/828/772 907/872/816 914/879/823 199/829/773
f 197/827/771 900/865/809 907/872/816 198/828/772
f 196/826/770 893/858/802 900/865/809 197/827/771
f 195/825/769 886/851/795 893/858/802 196/826/770
f 194/824/768 879/839/783 886/851/795 195/825/769
f 193/823/767 872/836/780 879/839/783 194/824/768
f 921/900/844 922/901/845 929/902/846 928/903/847
f 922/901/845 923/904/848 930/905/849 929/902/846
f 923/904/848 924/906/850 931/907/851 930/905/849
f 924/906/850 925/908/852 932/909/853 931/907/851
f 925/908/852 926/910/854 933/911/855 932/909/853
f 926/910/854 927/912/856 934/913/857 933/911/855
f 928/903/847 929/902/846 936/914/858 935/915/859
f 929/902/846 930/905/849 937/916/860 936/914/858
f 930/905/849 931/907/851 938/917/861 937/916/860
f 931/907/851 932/909/853 939/918/862 938/917/861
f 932/909/853 933/911/855 940/919/863 939/918/862
f 933/911/855 934/913/857 941/920/864 940/919/863
f 935/915/859 936/914/858 943/921/865 942/922/866
f 936/914/858 937/916/860 944/923/867 943/921/865
f 937/916/860 938/917/861 945/924/868 944/923/867
f 938/917/861 939/918/862 946/925/869 945/924/868
f 939/918/862 940/919/863 947/926/870 946/925/869
f 940/919/863 941/920/864 948/927/871 947/926/870
f 942/922/866 943/921/865 950/928/872 949/929/873
f 943/921/865 944/923/867 951/930/874 950/928/872
f 944/923/867 945/924/868 952/931/875 951/930/874
f 945/924/868 946/925/869 953/932/876 952/931/875
f 946/925/869 947/926/870 954/933/877 953/932/876
f 947/926/870 948/927/871 955/934/878 954/933/877
f 949/929/873 950/928/872 957/935/879 956/936/880
f 950/928/872 951/930/874 958/937/881 957/935/879
f 951/930/874 952/931/875 959/938/882 958/937/881
f 952/931/875 953/932/876 960/939/883 959/938/882
f 953/932/876 954/933/877 961/940/884 960/939/883
f 954/933/877 955/934/878 962/941/885 961/940/884
f 956/936/880 957/935/879 964/942/886 963/943/887
f 957/935/879 958/937/881 965/944/888 964/942/886
f 958/937/881 959/938/882 966/945/889 965/944/888
f 959/938/882 960/939/883 967/946/890 966/945/889
f 960/939/883 961/940/884 968/947/891 967/946/890
f 961/940/884 962/941/885 969/948/892 968/947/891
f 24/949/494 109/950/492 921/900/844 305/951/893
f 109/950/492 110/952/491 922/901/845 921/900/844
f 110/952/491 111/953/490 923/904/848 922/901/845
f 111/953/490 112/954/489 924/906/850 923/904/848
f 112/954/489 113/955/488 925/908/852 924/906/850
f 113/955/488 114/956/487 926/910/854 925/908/852
f 114/956/487 115/957/486 927/912/856 926/910/854
f 115/957/486 9/958/485 207/959/894 927/912/856
f 927/912/856 207/959/894 208/960/895 934/913/857
f 934/913/857 208/960/895 209/961/896 941/920/864
f 941/920/864 209/961/896 210/962/897 948/927/871
f 948/927/871 210/962/897 211/963/898 955/934/878
f 955/934/878 211/963/898 212/964/899 962/941/885
f 962/941/885 212/964/899 213/965/900 969/948/892
f 969/948/892 213/965/900 12/822/766 277/821/765
f 968/947/891 969/948/892 277/821/765 278/820/764
f 967/946/890 968/947/891 278/820/764 279/819/763
f 966/945/889 967/946/890 279/819/763 280/818/762
f 965/944/888 966/945/889 280/818/762 281/817/761
f 964/942/886 965/944/888 281/817/761 282/816/760
f 963/943/887 964/942/886 282/816/760 283/814/758
f 311/966/901 963/943/887 283/814/758 21/813/757
f 310/967/902 956/936/880 963/943/887 311/966/901
f 309/968/903 949/929/873 956/936/880 310/967/902
f 308/969/904 942/922/866 949/929/873 309/968/903
f 307/970/905 935/915/859 942/922/866 308/969/904
f 306/971/906 928/903/847 935/915/859 307/970/905
f 305/951/893 921/900/844 928/903/847 306/971/906
f 970/972/907 971/973/908 978/974/909 977/975/910
f 971/973/908 972/976/911 979/977/912 978/974/909
f 972/976/911 973/978/913 980/979/914 979/977/912
f 973/978/913 974/980/915 981/981/916 980/979/914
f 974/980/915 975/982/917 982/983/918 981/981/916
f 975/982/917 976/984/919 983/985/920 982/983/918
f 977/975/910 978/974/909 985/986/921 984/987/922
f 978/974/909 979/977/912 986/988/923 985/986/921
f 979/977/912 980/979/914 987/989/924 986/988/923
f 980/979/914 981/981/916 988/990/925 987/989/924
f 981/981/916 982/983/918 989/991/926 988/990/925
f 982/983/918 983/985/920 990/992/927 989/991/926
f 984/987/922 985/986/921 992/993/928 991/994/929
f 985/986/921 986/988/923 993/995/930 992/993/928
f 986/988/923 987/989/924 994/996/931 993/995/930
f 987/989/924 988/990/925 995/997/932 994/996/931
f 988/990/925 989/991/926 996/998/933 995/997/932
f 989/991/926 990/992/927 997/999/934 996/998/933
f 991/994/929 992/993/928 999/1000/935 998/1001/936
f 992/993/928 993/995/930 1000/1002/937 999/1000/935
f 993/995/930 994/996/931 1001/1003/938 1000/1002/937
f 994/996/931 995/997/932 1002/1004/939 1001/1003/938
f 995/997/932 996/998/933 1003/1005/940 1002/1004/939
f 996/998/933 997/999/934 1004/1006/941 1003/1005/940
f 998/1001/936 999/1000/935 1006/1007/942 1005/1008/943
f 999/1000/935 1000/1002/937 1007/1009/944 1006/1007/942
f 1000/1002/937 1001/1003/938 1008/1010/945 1007/1009/944
f 1001/1003/938 1002/1004/939 1009/1011/946 1008/1010/945
f 1002/1004/939 1003/1005/940 1010/1012/947 1009/1011/946
f 1003/1005/940 1004/1006/941 1011/1013/948 1010/1012/947
f 1005/1008/943 1006/1007/942 1013/1014/949 1012/1015/950
f 1006/1007/942 1007/1009/944 1014/1016/951 1013/1014/949
f 1007/1009/944 1008/1010/945 1015/1017/952 1014/1016/951
f 1008/1010/945 1009/1011/946 1016/1018/953 1015/1017/952
f 1009/1011/946 1010/1012/947 1017/1019/954 1016/1018/953
f 1010/1012/947 1011/1013/948 1018/1020/955 1017/1019/954
f 9/958/485 116/1021/571 970/972/907 207/959/894
f 116/1021/571 117/1022/570 971/973/908 970/972/907
f 117/1022/570 118/1023/569 972/976/911 971/973/908
f 118/1023/569 119/1024/568 973/978/913 972/976/911
f 119/1024/568 120/1025/567 974/980/915 973/978/913
f 120/1025/567 121/1026/566 975/982/917 974/980/915
f 121/1026/566 122/1027/565 976/984/919 975/982/917
f 122/1027/565 10/1028/564 214/1029/956 976/984/919
f 976/984/919 214/1029/956 215/1030/957 983/985/920
f 983/985/920 215/1030/957 216/1031/958 990/992/927
f 990/992/927 216/1031/958 217/1032/959 997/999/934
f 997/999/934 217/1032/959 218/1033/960 1004/1006/941
f 1004/1006/941 218/1033/960 219/1034/961 1011/1013/948
f 1011/1013/948 219/1034/961 220/1035/962 1018/1020/955
f 1018/1020/955 220/1035/962 11/892/836 130/891/835
f 1017/1019/954 1018/1020/955 130/891/835 131/890/834
f 1016/1018/953 1017/1019/954 131/890/834 132/889/833
f 1015/1017/952 1016/1018/953 132/889/833 133/888/832
f 1014/1016/951 1015/1017/952 133/888/832 134/887/831
f 1013/1014/949 1014/1016/951 134/887/831 135/886/830
f 1012/1015/950 1013/1014/949 135/886/830 136/885/829
f 213/965/900 1012/1015/950 136/885/829 12/822/766
f 212/964/899 1005/1008/943 1012/1015/950 213/965/900
f 211/963/898 998/1001/936 1005/1008/943 212/964/899
f 210/962/897 991/994/929 998/1001/936 211/963/898
f 209/961/896 984/987/922 991/994/929 210/962/897
f 208/960/895 977/975/910 984/987/922 209/961/896
f 207/959/894 970/972/907 977/975/910 208/960/895
f 1019/1036/963 1020/1037/964 1027/1038/965 1026/1039/966
f 1020/1037/964 1021/1040/967 1028/1041/968 1027/1038/965
f 1021/1040/967 1022/1042/969 1029/1043/970 1028/1041/968
f 1022/1042/969 1023/1044/971 1030/1045/972 1029/1043/970
f 1023/1044/971 1024/1046/973 1031/1047/974 1030/1045/972
f 1024/1046/973 1025/1048/975 1032/1049/976 1031/1047/974
f 1026/1039/966 1027/1038/965 1034/1050/977 1033/1051/978
f 1027/1038/965 1028/1041/968 1035/1052/979 1034/1050/977
f 1028/1041/968 1029/1043/970 1036/1053/980 1035/1052/979
f 1029/1043/970 1030/1045/972 1037/1054/981 1036/1053/980
f 1030/1045/972 1031/1047/974 1038/1055/982 1037/1054/981
f 1031/1047/974 1032/1049/976 1039/1056/983 1038/1055/982
f 1033/1051/978 1034/1050/977 1041/1057/984 1040/1058/985
f 1034/1050/977 1035/1052/979 1042/1059/986 1041/1057/984
f 1035/1052/979 1036/1053/980 1043/1060/987 1042/1059/986
f 1036/1053/980 1037/1054/981 1044/1061/988 1043/1060/987
f 1037/1054/981 1038/1055/982 1045/1062/989 1044/1061/988
f 1038/1055/982 1039/1056/983 1046/1063/990 1045/1062/989
f 1040/1058/985 1041/1057/984 1048/1064/991 1047/1065/992
f 1041/1057/984 1042/1059/986 1049/1066/993 1048/1064/991
f 1042/1059/986 1043/1060/987 1050/1067/994 1049/1066/993
f 1043/1060/987 1044/1061/988 1051/1068/995 1050/1067/994
f 1044/1061/988 1045/1062/989 1052/1069/996 1051/1068/995
f 1045/1062/989 1046/1063/990 1053/1070/997 1052/1069/996
f 1047/1065/992 1048/1064/991 1055/1071/998 1054/1072/999
f 1048/1064/991 1049/1066/993 1056/1073/1000 1055/1071/998
f 1049/1066/993 1050/1067/994 1057/1074/1001 1056/1073/1000
f 1050/1067/994 1051/1068/995 1058/1075/1002 1057/1074/1001
f 1051/1068/995 1052/1069/996 1059/1076/1003 1058/1075/1002
f 1052/1069/996 1053/1070/997 1060/1077/1004 1059/1076/1003
f 1054/1072/999 1055/1071/998 1062/1078/1005 1061/1079/1006
f 1055/1071/998 1056/1073/1000 1063/1080/1007 1062/1078/1005
f 1056/1073/1000 1057/1074/1001 1064/1081/1008 1063/1080/1007
f 1057/1074/1001 1058/1075/1002 1065/1082/1009 1064/1081/1008
f 1058/1075/1002 1059/1076/1003 1066/1083/1010 1065/1082/1009
f 1059/1076/1003 1060/1077/1004 1067/1084/1011 1066/1083/1010
f 15/612/556 157/1085/1012 1019/1036/963 172/613/557
f 157/1085/1012 156/1086/1013 1020/1037/964 1019/1036/963
f 156/1086/1013 155/1087/1014 1021/1040/967 1020/1037/964
f 155/1087/1014 154/1088/1015 1022/1042/969 1021/1040/967
f 154/1088/1015 153/1089/1016 1023/1044/971 1022/1042/969
f 153/1089/1016 152/1090/1017 1024/1046/973 1023/1044/971
f 152/1090/1017 151/1091/1018 1025/1048/975 1024/1046/973
f 151/1091/1018 20/220/220 249/275/275 1025/1048/975
f 1025/1048/975 249/275/275 250/297/288 1032/1049/976
f 1032/1049/976 250/297/288 251/296/287 1039/1056/983
f 1039/1056/983 251/296/287 252/295/286 1046/1063/990
f 1046/1063/990 252/295/286 253/294/285 1053/1070/997
f 1053/1070/997 253/294/285 254/293/284 1060/1077/1004
f 1060/1077/1004 254/293/284 255/291/283 1067/1084/1011
f 1067/1084/1011 255/291/283 17/292/50 227/1092/1019
f 1066/1083/1010 1067/1084/1011 227/1092/1019 226/1093/1020
f 1065/1082/1009 1066/1083/1010 226/1093/1020 225/1094/1021
f 1064/1081/1008 1065/1082/1009 225/1094/1021 224/1095/1022
f 1063/1080/1007 1064/1081/1008 224/1095/1022 223/1096/1023
f 1062/1078/1005 1063/1080/1007 223/1096/1023 222/1097/1024
f 1061/1079/1006 1062/1078/1005 222/1097/1024 221/1098/1025
f 178/619/563 1061/1079/1006 221/1098/1025 10/620/564
f 177/618/562 1054/1072/999 1061/1079/1006 178/619/563
f 176/617/561 1047/1065/992 1054/1072/999 177/618/562
f 175/616/560 1040/1058/985 1047/1065/992 176/617/561
f 174/615/559 1033/1051/978 1040/1058/985 175/616/560
f 173/614/558 1026/1039/966 1033/1051/978 174/615/559
f 172/613/557 1019/1036/963 1026/1039/966 173/614/558
f 1068/1099/1026 1069/1100/1027 1076/1101/1028 1075/1102/1029
f 1069/1100/1027 1070/1103/1030 1077/1104/1031 1076/1101/1028
f 1070/1103/1030 1071/1105/1032 1078/1106/1033 1077/1104/1031
f 1071/1105/1032 1072/1107/1034 1079/1108/1035 1078/1106/1033
f 1072/1107/1034 1073/1109/1036 1080/1110/1037 1079/1108/1035
f 1073/1109/1036 1074/1111/1038 1081/1112/1039 1080/1110/1037
f 1075/1102/1029 1076/1101/1028 1083/1113/1040 1082/1114/1041
f 1076/1101/1028 1077/1104/1031 1084/1115/1042 1083/1113/1040
f 1077/1104/1031 1078/1106/1033 1085/1116/1043 1084/1115/1042
f 1078/1106/1033 1079/1108/1035 1086/1117/1044 1085/1116/1043
f 1079/1108/1035 1080/1110/1037 1087/1118/1045 1086/1117/1044
f 1080/1110/1037 1081/1112/1039 1088/1119/1046 1087/1118/1045
f 1082/1114/1041 1083/1113/1040 1090/1120/1047 1089/1121/1048
f 1083/1113/1040 1084/1115/1042 1091/1122/1049 1090/1120/1047
f 1084/1115/1042 1085/1116/1043 1092/1123/1050 1091/1122/1049
f 1085/1116/1043 1086/1117/1044 1093/1124/1051 1092/1123/1050
f 1086/1117/1044 1087/1118/1045 1094/1125/1052 1093/1124/1051
f 1087/1118/1045 1088/1119/1046 1095/1126/1053 1094/1125/1052
f 1089/1121/1048 1090/1120/1047 1097/1127/1054 1096/1128/1055
f 1090/1120/1047 1091/1122/1049 1098/1129/1056 1097/1127/1054
f 1091/1122/1049 1092/1123/1050 1099/1130/1057 1098/1129/1056
f 1092/1123/1050 1093/1124/1051 1100/1131/1058 1099/1130/1057
f 1093/1124/1051 1094/1125/1052 1101/1132/1059 1100/1131/1058
f 1094/1125/1052 1095/1126/1053 1102/1133/1060 1101/1132/1059
f 1096/1128/1055 1097/1127/1054 1104/1134/1061 1103/1135/1062
f 1097/1127/1054 1098/1129/1056 1105/1136/1063 1104/1134/1061
f 1098/1129/1056 1099/1130/1057 1106/1137/1064 1105/1136/1063
f 1099/1130/1057 1100/1131/1058 1107/1138/1065 1106/1137/1064
f 1100/1131/1058 1101/1132/1059 1108/1139/1066 1107/1138/1065
f 1101/1132/1059 1102/1133/1060 1109/1140/1067 1108/1139/1066
f 1103/1135/1062 1104/1134/1061 1111/1141/1068 1110/1142/1069
f 1104/1134/1061 1105/1136/1063 1112/1143/1070 1111/1141/1068
f 1105/1136/1063 1106/1137/1064 1113/1144/1071 1112/1143/1070
f 1106/1137/1064 1107/1138/1065 1114/1145/1072 1113/1144/1071
f 1107/1138/1065 1108/1139/1066 1115/1146/1073 1114/1145/1072
f 1108/1139/1066 1109/1140/1067 1116/1147/1074 1115/1146/1073
f 13/756/700 143/1148/1075 1068/1099/1026 186/757/701
f 143/1148/1075 142/1149/1076 1069/1100/1027 1068/1099/1026
f 142/1149/1076 141/1150/1077 1070/1103/1030 1069/1100/1027
f 141/1150/1077 140/1151/1078 1071/1105/1032 1070/1103/1030
f 140/1151/1078 139/1152/1079 1072/1107/1034 1071/1105/1032
f 139/1152/1079 138/1153/1080 1073/1109/1036 1072/1107/1034
f 138/1153/1080 137/1154/1081 1074/1111/1038 1073/1109/1036
f 137/1154/1081 19/148/148 256/203/203 1074/1111/1038
f 1074/1111/1038 256/203/203 257/225/225 1081/1112/1039
f 1081/1112/1039 257/225/225 258/224/224 1088/1119/1046
f 1088/1119/1046 258/224/224 259/223/223 1095/1126/1053
f 1095/1126/1053 259/223/223 260/222/222 1102/1133/1060
f 1102/1133/1060 260/222/222 261/221/221 1109/1140/1067
f 1109/1140/1067 261/221/221 262/219/219 1116/1147/1074
f 1116/1147/1074 262/219/219 20/220/220 151/1091/1018
f 1115/1146/1073 1116/1147/1074 151/1091/1018 152/1090/1017
f 1114/1145/1072 1115/1146/1073 152/1090/1017 153/1089/1016
f 1113/1144/1071 1114/1145/1072 153/1089/1016 154/1088/1015
f 1112/1143/1070 1113/1144/1071 154/1088/1015 155/1087/1014
f 1111/1141/1068 1112/1143/1070 155/1087/1014 156/1086/1013
f 1110/1142/1069 1111/1141/1068 156/1086/1013 157/1085/1012
f 192/763/707 1110/1142/1069 157/1085/1012 15/612/556
f 191/762/706 1103/1135/1062 1110/1142/1069 192/763/707
f 190/761/705 1096/1128/1055 1103/1135/1062 191/762/706
f 189/760/704 1089/1121/1048 1096/1128/1055 190/761/705
f 188/759/703 1082/1114/1041 1089/1121/1048 189/760/704
f 187/758/702 1075/1102/1029 1082/1114/1041 188/759/703
f 186/757/701 1068/1099/1026 1075/1102/1029 187/758/702
f 1117/1155/1082 1118/1156/1083 1125/1157/1084 1124/1158/1085
f 1118/1156/1083 1119/1159/1086 1126/1160/1087 1125/1157/1084
f 1119/1159/1086 1120/1161/1088 1127/1162/1089 1126/1160/1087
f 1120/1161/1088 1121/1163/1090 1128/1164/1091 1127/1162/1089
f 1121/1163/1090 1122/1165/1092 1129/1166/1093 1128/1164/1091
f 1122/1165/1092 1123/1167/1094 1130/1168/1095 1129/1166/1093
f 1124/1158/1085 1125/1157/1084 1132/1169/1096 1131/1170/1097
f 1125/1157/1084 1126/1160/1087 1133/1171/1098 1132/1169/1096
f 1126/1160/1087 1127/1162/1089 1134/1172/1099 1133/1171/1098
f 1127/1162/1089 1128/1164/1091 1135/1173/1100 1134/1172/1099
f 1128/1164/1091 1129/1166/1093 1136/1174/1101 1135/1173/1100
f 1129/1166/1093 1130/1168/1095 1137/1175/1102 1136/1174/1101
f 1131/1170/1097 1132/1169/1096 1139/1176/1103 1138/1177/1104
f 1132/1169/1096 1133/1171/1098 1140/1178/1105 1139/1176/1103
f 1133/1171/1098 1134/1172/1099 1141/1179/1106 1140/1178/1105
f 1134/1172/1099 1135/1173/1100 1142/1180/1107 1141/1179/1106
f 1135/1173/1100 1136/1174/1101 1143/1181/1108 1142/1180/1107
f 1136/1174/1101 1137/1175/1102 1144/1182/1109 1143/1181/1108
f 1138/1177/1104 1139/1176/1103 1146/1183/1110 1145/1184/1111
f 1139/1176/1103 1140/1178/1105 1147/1185/1112 1146/1183/1110
f 1140/1178/1105 1141/1179/1106 1148/1186/1113 1147/1185/1112
f 1141/1179/1106 1142/1180/1107 1149/1187/1114 1148/1186/1113
f 1142/1180/1107 1143/1181/1108 1150/1188/1115 1149/1187/1114
f 1143/1181/1108 1144/1182/1109 1151/1189/1116 1150/1188/1115
f 1145/1184/1111 1146/1183/1110 1153/1190/1117 1152/1191/1118
f 1146/1183/1110 1147/1185/1112 1154/1192/1119 1153/1190/1117
f 1147/1185/1112 1148/1186/1113 1155/1193/1120 1154/1192/1119
f 1148/1186/1113 1149/1187/1114 1156/1194/1121 1155/1193/1120
f 1149/1187/1114 1150/1188/1115 1157/1195/1122 1156/1194/1121
f 1150/1188/1115 1151/1189/1116 1158/1196/1123 1157/1195/1122
f 1152/1191/1118 1153/1190/1117 1160/1197/1124 1159/1198/1125
f 1153/1190/1117 1154/1192/1119 1161/1199/1126 1160/1197/1124
f 1154/1192/1119 1155/1193/1120 1162/1200/1127 1161/1199/1126
f 1155/1193/1120 1156/1194/1121 1163/1201/1128 1162/1200/1127
f 1156/1194/1121 1157/1195/1122 1164/1202/1129 1163/1201/1128
f 1157/1195/1122 1158/1196/1123 1165/1203/1130 1164/1202/1129
f 11/892/836 129/1204/1131 1117/1155/1082 200/893/837
f 129/1204/1131 128/1205/1132 1118/1156/1083 1117/1155/1082
f 128/1205/1132 127/1206/1133 1119/1159/1086 1118/1156/1083
f 127/1206/1133 126/1207/1134 1120/1161/1088 1119/1159/1086
f 126/1207/1134 125/1208/1135 1121/1163/1090 1120/1161/1088
f 125/1208/1135 124/1209/1136 1122/1165/1092 1121/1163/1090
f 124/1209/1136 123/1210/1137 1123/1167/1094 1122/1165/1092
f 123/1210/1137 18/76/76 263/131/131 1123/1167/1094
f 1123/1167/1094 263/131/131 264/153/153 1130/1168/1095
f 1130/1168/1095 264/153/153 265/152/152 1137/1175/1102
f 1137/1175/1102 265/152/152 266/151/151 1144/1182/1109
f 1144/1182/1109 266/151/151 267/150/150 1151/1189/1116
f 1151/1189/1116 267/150/150 268/149/149 1158/1196/1123
f 1158/1196/1123 268/149/149 269/147/147 1165/1203/1130
f 1165/1203/1130 269/147/147 19/148/148 137/1154/1081
f 1164/1202/1129 1165/1203/1130 137/1154/1081 138/1153/1080
f 1163/1201/1128 1164/1202/1129 138/1153/1080 139/1152/1079
f 1162/1200/1127 1163/1201/1128 139/1152/1079 140/1151/1078
f 1161/1199/1126 1162/1200/1127 140/1151/1078 141/1150/1077
f 1160/1197/1124 1161/1199/1126 141/1150/1077 142/1149/1076
f 1159/1198/1125 1160/1197/1124 142/1149/1076 143/1148/1075
f 206/899/843 1159/1198/1125 143/1148/1075 13/756/700
f 205/898/842 1152/1191/1118 1159/1198/1125 206/899/843
f 204/897/841 1145/1184/1111 1152/1191/1118 205/898/842
f 203/896/840 1138/1177/1104 1145/1184/1111 204/897/841
f 202/895/839 1131/1170/1097 1138/1177/1104 203/896/840
f 201/894/838 1124/1158/1085 1131/1170/1097 202/895/839
f 200/893/837 1117/1155/1082 1124/1158/1085 201/894/838
f 1166/1211/1138 1167/1212/1139 1174/1213/1140 1173/1214/1141
f 1167/1212/1139 1168/1215/1142 1175/1216/1143 1174/1213/1140
f 1168/1215/1142 1169/1217/1144 1176/1218/1145 1175/1216/1143
f 1169/1217/1144 1170/1219/1146 1177/1220/1147 1176/1218/1145
f 1170/1219/1146 1171/1221/1148 1178/1222/1149 1177/1220/1147
f 1171/1221/1148 1172/1223/1150 1179/1224/1151 1178/1222/1149
f 1173/1214/1141 1174/1213/1140 1181/1225/1152 1180/1226/1153
f 1174/1213/1140 1175/1216/1143 1182/1227/1154 1181/1225/1152
f 1175/1216/1143 1176/1218/1145 1183/1228/1155 1182/1227/1154
f 1176/1218/1145 1177/1220/1147 1184/1229/1156 1183/1228/1155
f 1177/1220/1147 1178/1222/1149 1185/1230/1157 1184/1229/1156
f 1178/1222/1149 1179/1224/1151 1186/1231/1158 1185/1230/1157
f 1180/1226/1153 1181/1225/1152 1188/1232/1159 1187/1233/1160
f 1181/1225/1152 1182/1227/1154 1189/1234/1161 1188/1232/1159
f 1182/1227/1154 1183/1228/1155 1190/1235/1162 1189/1234/1161
f 1183/1228/1155 1184/1229/1156 1191/1236/1163 1190/1235/1162
f 1184/1229/1156 1185/1230/1157 1192/1237/1164 1191/1236/1163
f 1185/1230/1157 1186/1231/1158 1193/1238/1165 1192/1237/1164
f 1187/1233/1160 1188/1232/1159 1195/1239/1166 1194/1240/1167
f 1188/1232/1159 1189/1234/1161 1196/1241/1168 1195/1239/1166
f 1189/1234/1161 1190/1235/1162 1197/1242/1169 1196/1241/1168
f 1190/1235/1162 1191/1236/1163 1198/1243/1170 1197/1242/1169
f 1191/1236/1163 1192/1237/1164 1199/1244/1171 1198/1243/1170
f 1192/1237/1164 1193/1238/1165 1200/1245/1172 1199/1244/1171
f 1194/1240/1167 1195/1239/1166 1202/1246/1173 1201/1247/1174
f 1195/1239/1166 1196/1241/1168 1203/1248/1175 1202/1246/1173
f 1196/1241/1168 1197/1242/1169 1204/1249/1176 1203/1248/1175
f 1197/1242/1169 1198/1243/1170 1205/1250/1177 1204/1249/1176
f 1198/1243/1170 1199/1244/1171 1206/1251/1178 1205/1250/1177
f 1199/1244/1171 1200/1245/1172 1207/1252/1179 1206/1251/1178
f 1201/1247/1174 1202/1246/1173 1209/1253/1180 1208/1254/1181
f 1202/1246/1173 1203/1248/1175 1210/1255/1182 1209/1253/1180
f 1203/1248/1175 1204/1249/1176 1211/1256/1183 1210/1255/1182
f 1204/1249/1176 1205/1250/1177 1212/1257/1184 1211/1256/1183
f 1205/1250/1177 1206/1251/1178 1213/1258/1185 1212/1257/1184
f 1206/1251/1178 1207/1252/1179 1214/1259/1186 1213/1258/1185
f 10/1028/564 221/1260/1025 1166/1211/1138 214/1029/956
f 221/1260/1025 222/1261/1024 1167/1212/1139 1166/1211/1138
f 222/1261/1024 223/1262/1023 1168/1215/1142 1167/1212/1139
f 223/1262/1023 224/1263/1022 1169/1217/1144 1168/1215/1142
f 224/1263/1022 225/1264/1021 1170/1219/1146 1169/1217/1144
f 225/1264/1021 226/1265/1020 1171/1221/1148 1170/1219/1146
f 226/1265/1020 227/1266/1019 1172/1223/1150 1171/1221/1148
f 227/1266/1019 17/50/50 270/52/52 1172/1223/1150
f 1172/1223/1150 270/52/52 271/81/81 1179/1224/1151
f 1179/1224/1151 271/81/81 272/80/80 1186/1231/1158
f 1186/1231/1158 272/80/80 273/79/79 1193/1238/1165
f 1193/1238/1165 273/79/79 274/78/78 1200/1245/1172
f 1200/1245/1172 274/78/78 275/77/77 1207/1252/1179
f 1207/1252/1179 275/77/77 276/75/75 1214/1259/1186
f 1214/1259/1186 276/75/75 18/76/76 123/1210/1137
f 1213/1258/1185 1214/1259/1186 123/1210/1137 124/1209/1136
f 1212/1257/1184 1213/1258/1185 124/1209/1136 125/1208/1135
f 1211/1256/1183 1212/1257/1184 125/1208/1135 126/1207/1134
f 1210/1255/1182 1211/1256/1183 126/1207/1134 127/1206/1133
f 1209/1253/1180 1210/1255/1182 127/1206/1133 128/1205/1132
f 1208/1254/1181 1209/1253/1180 128/1205/1132 129/1204/1131
f 220/1035/962 1208/1254/1181 129/1204/1131 11/892/836
f 219/1034/961 1201/1247/1174 1208/1254/1181 220/1035/962
f 218/1033/960 1194/1240/1167 1201/1247/1174 219/1034/961
f 217/1032/959 1187/1233/1160 1194/1240/1167 218/1033/960
f 216/1031/958 1180/1226/1153 1187/1233/1160 217/1032/959
f 215/1030/957 1173/1214/1141 1180/1226/1153 216/1031/958
f 214/1029/956 1166/1211/1138 1173/1214/1141 215/1030/957
f 1215/1267/1187 1216/1268/1188 1223/1269/1189 1222/1270/1190
f 1216/1268/1188 1217/1271/1191 1224/1272/1192 1223/1269/1189
f 1217/1271/1191 1218/1273/1193 1225/1274/1194 1224/1272/1192
f 1218/1273/1193 1219/1275/1195 1226/1276/1196 1225/1274/1194
f 1219/1275/1195 1220/1277/1197 1227/1278/1198 1226/1276/1196
f 1220/1277/1197 1221/1279/1199 1228/1280/1200 1227/1278/1198
f 1222/1281/1190 1223/1282/1189 1230/1283/1201 1229/1284/1202
f 1223/1282/1189 1224/1285/1192 1231/1286/1203 1230/1283/1201
f 1224/1272/1192 1225/1274/1194 1232/1287/1204 1231/1288/1203
f 1225/1274/1194 1226/1276/1196 1233/1289/1205 1232/1287/1204
f 1226/1276/1196 1227/1278/1198 1234/1290/1206 1233/1289/1205
f 1227/1278/1198 1228/1280/1200 1235/1291/1207 1234/1290/1206
f 1229/1284/1202 1230/1283/1201 1237/1292/1208 1236/1293/1209
f 1230/1283/1201 1231/1286/1203 1238/1294/1210 1237/1292/1208
f 1231/1286/1203 1232/1295/1204 1239/1296/1211 1238/1294/1210
f 1232/1287/1204 1233/1289/1205 1240/1297/1212 1239/1298/1211
f 1233/1289/1205 1234/1290/1206 1241/1299/1213 1240/1297/1212
f 1234/1290/1206 1235/1291/1207 1242/1300/1214 1241/1299/1213
f 1236/1293/1209 1237/1292/1208 1244/1301/1215 1243/1302/1216
f 1237/1292/1208 1238/1294/1210 1245/1303/1217 1244/1301/1215
f 1238/1294/1210 1239/1296/1211 1246/1304/1218 1245/1303/1217
f 1239/1298/1211 1240/1297/1212 1247/1305/1219 1246/1306/1218
f 1240/1297/1212 1241/1299/1213 1248/1307/1220 1247/1305/1219
f 1241/1299/1213 1242/1300/1214 1249/1308/1221 1248/1307/1220
f 1243/1302/1216 1244/1301/1215 1251/1309/1222 1250/1310/1223
f 1244/1301/1215 1245/1303/1217 1252/1311/1224 1251/1309/1222
f 1245/1312/1217 1246/1306/1218 1253/1313/1225 1252/1314/1224
f 1246/1306/1218 1247/1305/1219 1254/1315/1226 1253/1313/1225
f 1247/1305/1219 1248/1307/1220 1255/1316/1227 1254/1315/1226
f 1248/1307/1220 1249/1308/1221 1256/1317/1228 1255/1316/1227
f 1250/1310/1223 1251/1309/1222 1258/1318/1229 1257/1319/1230
f 1251/1320/1222 1252/1314/1224 1259/1321/1231 1258/1322/1229
f 1252/1314/1224 1253/1313/1225 1260/1323/1232 1259/1321/1231
f 1253/1313/1225 1254/1315/1226 1261/1324/1233 1260/1323/1232
f 1254/1315/1226 1255/1316/1227 1262/1325/1234 1261/1324/1233
f 1255/1316/1227 1256/1317/1228 1263/1326/1235 1262/1325/1234
f 1/1327/364 298/1328/1236 1215/1267/1187 31/1329/363
f 298/1328/1236 299/1330/1237 1216/1268/1188 1215/1267/1187
f 299/1330/1237 300/1331/1238 1217/1271/1191 1216/1268/1188
f 300/1331/1238 301/1332/1239 1218/1273/1193 1217/1271/1191
f 301/1332/1239 302/1333/1240 1219/1275/1195 1218/1273/1193
f 302/1333/1240 303/1334/1241 1220/1277/1197 1219/1275/1195
f 303/1334/1241 304/1335/1242 1221/1279/1199 1220/1277/1197
f 304/1335/1242 24/949/494 305/951/893 1221/1279/1199
f 1221/1279/1199 305/951/893 306/971/906 1228/1280/1200
f 1228/1280/1200 306/971/906 307/970/905 1235/1291/1207
f 1235/1291/1207 307/970/905 308/969/904 1242/1300/1214
f 1242/1300/1214 308/969/904 309/968/903 1249/1308/1221
f 1249/1308/1221 309/968/903 310/967/902 1256/1317/1228
f 1256/1317/1228 310/967/902 311/966/901 1263/1326/1235
f 1263/1326/1235 311/966/901 21/813/757 46/1336/1243
f 1262/1325/1234 1263/1326/1235 46/1336/1243 47/1337/1244
f 1261/1324/1233 1262/1325/1234 47/1337/1244 48/1338/1245
f 1260/1323/1232 1261/1324/1233 48/1338/1245 49/1339/1246
f 1259/1321/1231 1260/1323/1232 49/1339/1246 50/1340/1247
f 1258/1322/1229 1259/1321/1231 50/1340/1247 51/1341/1248
f 1257/1342/1230 1258/1322/1229 51/1341/1248 52/1343/1249
f 25/1344/340 1257/1342/1230 52/1343/1249 3/1345/338
f 26/1346/369 1250/1347/1223 1257/1342/1230 25/1344/340
f 27/1348/368 1243/1302/1216 1250/1310/1223 26/1349/369
f 28/1350/367 1236/1293/1209 1243/1302/1216 27/1348/368
f 29/1351/366 1229/1284/1202 1236/1293/1209 28/1350/367
f 30/1352/365 1222/1281/1190 1229/1284/1202 29/1351/366
f 31/1353/363 1215/1354/1187 1222/1281/1190 30/1352/365
f 1264/1355/1250 1265/1356/1251 1272/1357/1252 1271/1358/1253
f 1265/1356/1251 1266/1359/1254 1273/1360/1255 1272/1357/1252
f 1266/1359/1254 1267/1361/1256 1274/1362/1257 1273/1360/1255
f 1267/1361/1256 1268/1363/1258 1275/1364/1259 1274/1362/1257
f 1268/1363/1258 1269/1365/1260 1276/1366/1261 1275/1364/1259
f 1269/1365/1260 1270/1367/1262 1277/1368/1263 1276/1366/1261
f 1271/1358/1253 1272/1357/1252 1279/1369/1264 1278/1370/1265
f 1272/1357/1252 1273/1360/1255 1280/1371/1266 1279/1369/1264
f 1273/1360/1255 1274/1362/1257 1281/1372/1267 1280/1371/1266
f 1274/1362/1257 1275/1364/1259 1282/1373/1268 1281/1372/1267
f 1275/1364/1259 1276/1366/1261 1283/1374/1269 1282/1373/1268
f 1276/1366/1261 1277/1368/1263 1284/1375/1270 1283/1374/1269
f 1278/1370/1265 1279/1369/1264 1286/1376/1271 1285/1377/1272
f 1279/1369/1264 1280/1371/1266 1287/1378/1273 1286/1376/1271
f 1280/1371/1266 1281/1372/1267 1288/1379/1274 1287/1378/1273
f 1281/1372/1267 1282/1373/1268 1289/1380/1275 1288/1379/1274
f 1282/1373/1268 1283/1374/1269 1290/1381/1276 1289/1380/1275
f 1283/1374/1269 1284/1375/1270 1291/1382/1277 1290/1381/1276
f 1285/1377/1272 1286/1376/1271 1293/1383/1278 1292/1384/1279
f 1286/1376/1271 1287/1378/1273 1294/1385/1280 1293/1383/1278
f 1287/1378/1273 1288/1379/1274 1295/1386/1281 1294/1385/1280
f 1288/1379/1274 1289/1380/1275 1296/1387/1282 1295/1386/1281
f 1289/1380/1275 1290/1381/1276 1297/1388/1283 1296/1387/1282
f 1290/1381/1276 1291/1382/1277 1298/1389/1284 1297/1388/1283
f 1292/1384/1279 1293/1383/1278 1300/1390/1285 1299/1391/1286
f 1293/1383/1278 1294/1385/1280 1301/1392/1287 1300/1390/1285
f 1294/1385/1280 1295/1386/1281 1302/1393/1288 1301/1392/1287
f 1295/1386/1281 1296/1387/1282 1303/1394/1289 1302/1393/1288
f 1296/1387/1282 1297/1388/1283 1304/1395/1290 1303/1394/1289
f 1297/1388/1283 1298/1389/1284 1305/1396/1291 1304/1395/1290
f 1299/1391/1286 1300/1390/1285 1307/1397/1292 1306/1398/1293
f 1300/1390/1285 1301/1392/1287 1308/1399/1294 1307/1397/1292
f 1301/1392/1287 1302/1393/1288 1309/1400/1295 1308/1399/1294
f 1302/1393/1288 1303/1394/1289 1310/1401/1296 1309/1400/1295
f 1303/1394/1289 1304/1395/1290 1311/1402/1297 1310/1401/1296
f 1304/1395/1290 1305/1396/1291 1312/1403/1298 1311/1402/1297
f 3/1345/338 52/1343/1249 1264/1355/1250 59/1404/339
f 52/1343/1249 51/1341/1248 1265/1356/1251 1264/1355/1250
f 51/1341/1248 50/1340/1247 1266/1359/1254 1265/1356/1251
f 50/1340/1247 49/1339/1246 1267/1361/1256 1266/1359/1254
f 49/1339/1246 48/1338/1245 1268/1363/1258 1267/1361/1256
f 48/1338/1245 47/1337/1244 1269/1365/1260 1268/1363/1258
f 47/1337/1244 46/1336/1243 1270/1367/1262 1269/1365/1260
f 46/1336/1243 21/813/757 312/815/759 1270/1367/1262
f 1270/1367/1262 312/815/759 313/835/779 1277/1368/1263
f 1277/1368/1263 313/835/779 314/834/778 1284/1375/1270
f 1284/1375/1270 314/834/778 315/833/777 1291/1382/1277
f 1291/1382/1277 315/833/777 316/832/776 1298/1389/1284
f 1298/1389/1284 316/832/776 317/831/775 1305/1396/1291
f 1305/1396/1291 317/831/775 318/830/774 1312/1403/1298
f 1312/1403/1298 318/830/774 22/677/621 67/1405/1299
f 1311/1402/1297 1312/1403/1298 67/1405/1299 68/1406/1300
f 1310/1401/1296 1311/1402/1297 68/1406/1300 69/1407/1301
f 1309/1400/1295 1310/1401/1296 69/1407/1301 70/1408/1302
f 1308/1399/1294 1309/1400/1295 70/1408/1302 71/1409/1303
f 1307/1397/1292 1308/1399/1294 71/1409/1303 72/1410/1304
f 1306/1398/1293 1307/1397/1292 72/1410/1304 73/1411/1305
f 53/1412/346 1306/1398/1293 73/1411/1305 7/371/347
f 54/1413/345 1299/1391/1286 1306/1398/1293 53/1412/346
f 55/1414/344 1292/1384/1279 1299/1391/1286 54/1413/345
f 56/1415/343 1285/1377/1272 1292/1384/1279 55/1414/344
f 57/1416/342 1278/1370/1265 1285/1377/1272 56/1415/343
f 58/1417/341 1271/1358/1253 1278/1370/1265 57/1416/342
f 59/1404/339 1264/1355/1250 1271/1358/1253 58/1417/341
f 1313/1418/1306 1314/1419/1307 1321/1420/1308 1320/1421/1309
f 1314/1422/1307 1315/1423/1310 1322/1424/1311 1321/1425/1308
f 1315/1423/1310 1316/1426/1312 1323/1427/1313 1322/1424/1311
f 1316/1426/1312 1317/1428/1314 1324/1429/1315 1323/1427/1313
f 1317/1428/1314 1318/1430/1316 1325/1431/1317 1324/1429/1315
f 1318/1430/1316 1319/1432/1318 1326/1433/1319 1325/1431/1317
f 1320/1421/1309 1321/1420/1308 1328/1434/1320 1327/1435/1321
f 1321/1420/1308 1322/1436/1311 1329/1437/1322 1328/1434/1320
f 1322/1424/1311 1323/1427/1313 1330/1438/1323 1329/1439/1322
f 1323/1427/1313 1324/1429/1315 1331/1440/1324 1330/1438/1323
f 1324/1429/1315 1325/1431/1317 1332/1441/1325 1331/1440/1324
f 1325/1431/1317 1326/1433/1319 1333/1442/1326 1332/1441/1325
f 1327/1435/1321 1328/1434/1320 1335/1443/1327 1334/1444/1328
f 1328/1434/1320 1329/1437/1322 1336/1445/1329 1335/1443/1327
f 1329/1437/1322 1330/1446/1323 1337/1447/1330 1336/1445/1329
f 1330/1438/1323 1331/1440/1324 1338/1448/1331 1337/1449/1330
f 1331/1440/1324 1332/1441/1325 1339/1450/1332 1338/1448/1331
f 1332/1441/1325 1333/1442/1326 1340/1451/1333 1339/1450/1332
f 1334/1444/1328 1335/1443/1327 1342/1452/1334 1341/1453/1335
f 1335/1454/1327 1336/1455/1329 1343/1456/1336 1342/1457/1334
f 1336/1455/1329 1337/1449/1330 1344/1458/1337 1343/1456/1336
f 1337/1449/1330 1338/1448/1331 1345/1459/1338 1344/1458/1337
f 1338/1448/1331 1339/1450/1332 1346/1460/1339 1345/1459/1338
f 1339/1450/1332 1340/1451/1333 1347/1461/1340 1346/1460/1339
f 1341/1462/1335 1342/1457/1334 1349/1463/1341 1348/1464/1342
f 1342/1457/1334 1343/1456/1336 1350/1465/1343 1349/1463/1341
f 1343/1456/1336 1344/1458/1337 1351/1466/1344 1350/1465/1343
f 1344/1458/1337 1345/1459/1338 1352/1467/1345 1351/1466/1344
f 1345/1459/1338 1346/1460/1339 1353/1468/1346 1352/1467/1345
f 1346/1460/1339 1347/1461/1340 1354/1469/1347 1353/1468/1346
f 1348/1464/1342 1349/1463/1341 1356/1470/1348 1355/1471/1349
f 1349/1463/1341 1350/1465/1343 1357/1472/1350 1356/1470/1348
f 1350/1465/1343 1351/1466/1344 1358/1473/1351 1357/1472/1350
f 1351/1466/1344 1352/1467/1345 1359/1474/1352 1358/1473/1351
f 1352/1467/1345 1353/1468/1346 1360/1475/1353 1359/1474/1352
f 1353/1468/1346 1354/1469/1347 1361/1476/1354 1360/1475/1353
f 7/371/347 73/1411/1305 1313/1477/1306 80/372/348
f 73/1478/1305 72/1479/1304 1314/1419/1307 1313/1418/1306
f 72/1410/1304 71/1409/1303 1315/1423/1310 1314/1422/1307
f 71/1409/1303 70/1408/1302 1316/1426/1312 1315/1423/1310
f 70/1408/1302 69/1407/1301 1317/1428/1314 1316/1426/1312
f 69/1407/1301 68/1406/1300 1318/1430/1316 1317/1428/1314
f 68/1406/1300 67/1405/1299 1319/1432/1318 1318/1430/1316
f 67/1405/1299 22/677/621 319/679/623 1319/1432/1318
f 1319/1432/1318 319/679/623 320/699/643 1326/1433/1319
f 1326/1433/1319 320/699/643 321/698/642 1333/1442/1326
f 1333/1442/1326 321/698/642 322/697/641 1340/1451/1333
f 1340/1451/1333 322/697/641 323/696/640 1347/1461/1340
f 1347/1461/1340 323/696/640 324/695/639 1354/1469/1347
f 1354/1469/1347 324/695/639 325/694/638 1361/1476/1354
f 1361/1476/1354 325/694/638 23/524/468 88/1480/1355
f 1360/1475/1353 1361/1476/1354 88/1480/1355 89/1481/1356
f 1359/1474/1352 1360/1475/1353 89/1481/1356 90/1482/1357
f 1358/1473/1351 1359/1474/1352 90/1482/1357 91/1483/1358
f 1357/1472/1350 1358/1473/1351 91/1483/1358 92/1484/1359
f 1356/1470/1348 1357/1472/1350 92/1484/1359 93/1485/1360
f 1355/1471/1349 1356/1470/1348 93/1485/1360 94/1486/1361
f 74/382/354 1355/1471/1349 94/1486/1361 5/383/355
f 75/381/353 1348/1464/1342 1355/1471/1349 74/382/354
f 76/1487/352 1341/1462/1335 1348/1464/1342 75/381/353
f 77/378/351 1334/1444/1328 1341/1453/1335 76/379/352
f 78/377/350 1327/1435/1321 1334/1444/1328 77/378/351
f 79/375/349 1320/1421/1309 1327/1435/1321 78/377/350
f 80/374/348 1313/1418/1306 1320/1421/1309 79/375/349
f 1362/1488/1362 1363/1489/1363 1370/1490/1364 1369/1491/1365
f 1363/1489/1363 1364/1492/1366 1371/1493/1367 1370/1490/1364
f 1364/1492/1366 1365/1494/1368 1372/1495/1369 1371/1493/1367
f 1365/1494/1368 1366/1496/1370 1373/1497/1371 1372/1495/1369
f 1366/1496/1370 1367/1498/1372 1374/1499/1373 1373/1497/1371
f 1367/1498/1372 1368/1500/1374 1375/1501/1375 1374/1499/1373
f 1369/1491/1365 1370/1490/1364 1377/1502/1376 1376/1503/1377
f 1370/1490/1364 1371/1493/1367 1378/1504/1378 1377/1502/1376
f 1371/1493/1367 1372/1495/1369 1379/1505/1379 1378/1504/1378
f 1372/1495/1369 1373/1497/1371 1380/1506/1380 1379/1505/1379
f 1373/1497/1371 1374/1499/1373 1381/1507/1381 1380/1506/1380
f 1374/1499/1373 1375/1501/1375 1382/1508/1382 1381/1507/1381
f 1376/1503/1377 1377/1502/1376 1384/1509/1383 1383/1510/1384
f 1377/1502/1376 1378/1504/1378 1385/1511/1385 1384/1509/1383
f 1378/1504/1378 1379/1505/1379 1386/1512/1386 1385/1511/1385
f 1379/1505/1379 1380/1506/1380 1387/1513/1387 1386/1512/1386
f 1380/1506/1380 1381/1507/1381 1388/1514/1388 1387/1513/1387
f 1381/1507/1381 1382/1508/1382 1389/1515/1389 1388/1514/1388
f 1383/1510/1384 1384/1509/1383 1391/1516/1390 1390/1517/1391
f 1384/1509/1383 1385/1511/1385 1392/1518/1392 1391/1516/1390
f 1385/1511/1385 1386/1512/1386 1393/1519/1393 1392/1518/1392
f 1386/1512/1386 1387/1513/1387 1394/1520/1394 1393/1519/1393
f 1387/1513/1387 1388/1514/1388 1395/1521/1395 1394/1520/1394
f 1388/1514/1388 1389/1515/1389 1396/1522/1396 1395/1521/1395
f 1390/1517/1391 1391/1516/1390 1398/1523/1397 1397/1524/1398
f 1391/1516/1390 1392/1518/1392 1399/1525/1399 1398/1523/1397
f 1392/1518/1392 1393/1519/1393 1400/1526/1400 1399/1525/1399
f 1393/1519/1393 1394/1520/1394 1401/1527/1401 1400/1526/1400
f 1394/1520/1394 1395/1521/1395 1402/1528/1402 1401/1527/1401
f 1395/1521/1395 1396/1522/1396 1403/1529/1403 1402/1528/1402
f 1397/1524/1398 1398/1523/1397 1405/1530/1404 1404/1531/1405
f 1398/1523/1397 1399/1525/1399 1406/1532/1406 1405/1530/1404
f 1399/1525/1399 1400/1526/1400 1407/1533/1407 1406/1532/1406
f 1400/1526/1400 1401/1527/1401 1408/1534/1408 1407/1533/1407
f 1401/1527/1401 1402/1528/1402 1409/1535/1409 1408/1534/1408
f 1402/1528/1402 1403/1529/1403 1410/1536/1410 1409/1535/1409
f 5/383/355 94/1486/1361 1362/1488/1362 101/1537/356
f 94/1486/1361 93/1485/1360 1363/1489/1363 1362/1488/1362
f 93/1485/1360 92/1484/1359 1364/1492/1366 1363/1489/1363
f 92/1484/1359 91/1483/1358 1365/1494/1368 1364/1492/1366
f 91/1483/1358 90/1482/1357 1366/1496/1370 1365/1494/1368
f 90/1482/1357 89/1481/1356 1367/1498/1372 1366/1496/1370
f 89/1481/1356 88/1480/1355 1368/1500/1374 1367/1498/1372
f 88/1480/1355 23/524/468 326/526/470 1368/1500/1374
f 1368/1500/1374 326/526/470 327/555/499 1375/1501/1375
f 1375/1501/1375 327/555/499 328/554/498 1382/1508/1382
f 1382/1508/1382 328/554/498 329/553/497 1389/1515/1389
f 1389/1515/1389 329/553/497 330/552/496 1396/1522/1396
f 1396/1522/1396 330/552/496 331/551/495 1403/1529/1403
f 1403/1529/1403 331/551/495 332/549/493 1410/1536/1410
f 1410/1536/1410 332/549/493 24/550/494 304/1538/1242
f 1409/1535/1409 1410/1536/1410 304/1538/1242 303/1539/1241
f 1408/1534/1408 1409/1535/1409 303/1539/1241 302/1540/1240
f 1407/1533/1407 1408/1534/1408 302/1540/1240 301/1541/1239
f 1406/1532/1406 1407/1533/1407 301/1541/1239 300/1542/1238
f 1405/1530/1404 1406/1532/1406 300/1542/1238 299/1543/1237
f 1404/1531/1405 1405/1530/1404 299/1543/1237 298/1544/1236
f 95/1545/362 1404/1531/1405 298/1544/1236 1/1546/364
f 96/1547/361 1397/1524/1398 1404/1531/1405 95/1545/362
f 97/1548/360 1390/1517/1391 1397/1524/1398 96/1547/361
f 98/1549/359 1383/1510/1384 1390/1517/1391 97/1548/360
f 99/1550/358 1376/1503/1377 1383/1510/1384 98/1549/359
f 100/1551/357 1369/1491/1365 1376/1503/1377 99/1550/358
f 101/1537/356 1362/1488/1362 1369/1491/1365 100/1551/357
f 1455/1552/1411 1456/1553/1412 1459/1554/1413 1458/1555/1414
f 1456/1553/1412 1457/1556/1415 1460/1557/1416 1459/1554/1413
f 1458/1555/1414 1459/1554/1413 1462/1558/1417 1461/1559/1418
f 1459/1554/1413 1460/1557/1416 1463/1560/1419 1462/1558/1417
f 1411/1561/1420 1422/1562/1421 1455/1552/1411 1421/1563/1422
f 1422/1562/1421 1423/1564/1423 1456/1553/1412 1455/1552/1411
f 1423/1564/1423 1424/1565/1424 1457/1556/1415 1456/1553/1412
f 1424/1565/1424 1412/1566/1425 1425/1567/1426 1457/1556/1415
f 1457/1556/1415 1425/1567/1426 1426/1568/1427 1460/1557/1416
f 1460/1557/1416 1426/1568/1427 1427/1569/1428 1463/1560/1419
f 1463/1560/1419 1427/1569/1428 1414/1570/1429 1428/1571/1430
f 1462/1558/1417 1463/1560/1419 1428/1571/1430 1429/1572/1431
f 1461/1559/1418 1462/1558/1417 1429/1572/1431 1430/1573/1432
f 1419/1574/1433 1461/1559/1418 1430/1573/1432 1413/1575/1434
f 1420/1576/1435 1458/1555/1414 1461/1559/1418 1419/1574/1433
f 1421/1563/1422 1455/1552/1411 1458/1555/1414 1420/1576/1435
f 1464/1577/1436 1465/1578/1437 1468/1579/1438 1467/1580/1439
f 1465/1578/1437 1466/1581/1440 1469/1582/1441 1468/1579/1438
f 1467/1580/1439 1468/1579/1438 1471/1583/1442 1470/1584/1443
f 1468/1579/1438 1469/1582/1441 1472/1585/1444 1471/1583/1442
f 1413/1575/1434 1430/1573/1432 1464/1577/1436 1433/1586/1445
f 1430/1573/1432 1429/1572/1431 1465/1578/1437 1464/1577/1436
f 1429/1572/1431 1428/1571/1430 1466/1581/1440 1465/1578/1437
f 1428/1571/1430 1414/1570/1429 1434/1587/1446 1466/1581/1440
f 1466/1581/1440 1434/1587/1446 1435/1588/1447 1469/1582/1441
f 1469/1582/1441 1435/1588/1447 1436/1589/1448 1472/1585/1444
f 1472/1585/1444 1436/1589/1448 1418/1590/1449 1437/1591/1450
f 1471/1583/1442 1472/1585/1444 1437/1591/1450 1438/1592/1451
f 1470/1584/1443 1471/1583/1442 1438/1592/1451 1439/1593/1452
f 1431/1594/1453 1470/1584/1443 1439/1593/1452 1417/1595/1454
f 1432/1596/1455 1467/1580/1439 1470/1584/1443 1431/1594/1453
f 1433/1586/1445 1464/1577/1436 1467/1580/1439 1432/1596/1455
f 1473/1597/1456 1474/1598/1457 1477/1599/1458 1476/1600/1459
f 1474/1598/1457 1475/1601/1460 1478/1602/1461 1477/1599/1458
f 1476/1600/1459 1477/1599/1458 1480/1603/1462 1479/1604/1463
f 1477/1599/1458 1478/1602/1461 1481/1605/1464 1480/1603/1462
f 1417/1595/1454 1439/1593/1452 1473/1597/1456 1442/1606/1465
f 1439/1593/1452 1438/1592/1451 1474/1598/1457 1473/1597/1456
f 1438/1592/1451 1437/1591/1450 1475/1601/1460 1474/1598/1457
f 1437/1591/1450 1418/1590/1449 1443/1607/1466 1475/1601/1460
f 1475/1601/1460 1443/1607/1466 1444/1608/1467 1478/1602/1461
f 1478/1602/1461 1444/1608/1467 1445/1609/1468 1481/1605/1464
f 1481/1605/1464 1445/1609/1468 1416/1610/1469 1446/1611/1470
f 1480/1603/1462 1481/1605/1464 1446/1611/1470 1447/1612/1471
f 1479/1604/1463 1480/1603/1462 1447/1612/1471 1448/1613/1472
f 1440/1614/1473 1479/1604/1463 1448/1613/1472 1415/1615/1474
f 1441/1616/1475 1476/1600/1459 1479/1604/1463 1440/1614/1473
f 1442/1606/1465 1473/1597/1456 1476/1600/1459 1441/1616/1475
f 1482/1617/1476 1483/1618/1477 1486/1619/1478 1485/1620/1479
f 1483/1618/1477 1484/1621/1480 1487/1622/1481 1486/1619/1478
f 1485/1620/1479 1486/1619/1478 1489/1623/1482 1488/1624/1483
f 1486/1619/1478 1487/1622/1481 1490/1625/1484 1489/1623/1482
f 1415/1615/1474 1448/1613/1472 1482/1617/1476 1451/1626/1485
f 1448/1613/1472 1447/1612/1471 1483/1618/1477 1482/1617/1476
f 1447/1612/1471 1446/1611/1470 1484/1621/1480 1483/1618/1477
f 1446/1611/1470 1416/1610/1469 1452/1627/1486 1484/1621/1480
f 1484/1621/1480 1452/1627/1486 1453/1628/1487 1487/1622/1481
f 1487/1622/1481 1453/1628/1487 1454/1629/1488 1490/1625/1484
f 1490/1625/1484 1454/1629/1488 1412/1566/1425 1424/1565/1424
f 1489/1623/1482 1490/1625/1484 1424/1565/1424 1423/1564/1423
f 1488/1624/1483 1489/1623/1482 1423/1564/1423 1422/1562/1421
f 1449/1630/1489 1488/1624/1483 1422/1562/1421 1411/1561/1420
f 1450/1631/1490 1485/1620/1479 1488/1624/1483 1449/1630/1489
f 1451/1626/1485 1482/1617/1476 1485/1620/1479 1450/1631/1490
f 1491/1632/1491 1492/1633/1492 1495/1634/1493 1494/1635/1494
f 1492/1633/1492 1493/1636/1495 1496/1637/1496 1495/1634/1493
f 1494/1635/1494 1495/1634/1493 1498/1638/1497 1497/1639/1498
f 1495/1634/1493 1496/1637/1496 1499/1640/1499 1498/1638/1497
f 1418/1590/1449 1436/1589/1448 1491/1632/1491 1443/1607/1466
f 1436/1589/1448 1435/1588/1447 1492/1633/1492 1491/1632/1491
f 1435/1588/1447 1434/1587/1446 1493/1636/1495 1492/1633/1492
f 1434/1587/1446 1414/1570/1429 1427/1569/1428 1493/1636/1495
f 1493/1636/1495 1427/1569/1428 1426/1568/1427 1496/1637/1496
f 1496/1637/1496 1426/1568/1427 1425/1567/1426 1499/1640/1499
f 1499/1640/1499 1425/1567/1426 1412/1566/1425 1454/1629/1488
f 1498/1638/1497 1499/1640/1499 1454/1629/1488 1453/1628/1487
f 1497/1639/1498 1498/1638/1497 1453/1628/1487 1452/1627/1486
f 1445/1609/1468 1497/1639/1498 1452/1627/1486 1416/1610/1469
f 1444/1608/1467 1494/1635/1494 1497/1639/1498 1445/1609/1468
f 1443/1607/1466 1491/1632/1491 1494/1635/1494 1444/1608/1467
f 1544/1641/1500 1545/1642/1501 1548/1643/1502 1547/1644/1503
f 1545/1642/1501 1546/1645/1504 1549/1646/1505 1548/1643/1502
f 1547/1644/1503 1548/1643/1502 1551/1647/1506 1550/1648/1507
f 1548/1643/1502 1549/1646/1505 1552/1649/1508 1551/1647/1506
f 1500/1650/1509 1511/1651/1510 1544/1641/1500 1510/1652/1511
f 1511/1651/1510 1512/1653/1512 1545/1642/1501 1544/1641/1500
f 1512/1653/1512 1513/1654/1513 1546/1645/1504 1545/1642/1501
f 1513/1654/1513 1501/1655/1514 1514/1656/1515 1546/1645/1504
f 1546/1645/1504 1514/1656/1515 1515/1657/1516 1549/1646/1505
f 1549/1646/1505 1515/1657/1516 1516/1658/1517 1552/1649/1508
f 1552/1649/1508 1516/1658/1517 1503/1659/1518 1517/1660/1519
f 1551/1647/1506 1552/1649/1508 1517/1660/1519 1518/1661/1520
f 1550/1648/1507 1551/1647/1506 1518/1661/1520 1519/1662/1521
f 1508/1663/1522 1550/1648/1507 1519/1662/1521 1502/1664/1523
f 1509/1665/1524 1547/1644/1503 1550/1648/1507 1508/1663/1522
f 1510/1652/1511 1544/1641/1500 1547/1644/1503 1509/1665/1524
f 1553/1666/1525 1554/1667/1526 1557/1668/1527 1556/1669/1528
f 1554/1667/1526 1555/1670/1529 1558/1671/1530 1557/1668/1527
f 1556/1669/1528 1557/1668/1527 1560/1672/1531 1559/1673/1532
f 1557/1668/1527 1558/1671/1530 1561/1674/1533 1560/1672/1531
f 1502/1664/1523 1519/1662/1521 1553/1666/1525 1522/1675/1534
f 1519/1662/1521 1518/1661/1520 1554/1667/1526 1553/1666/1525
f 1518/1661/1520 1517/1660/1519 1555/1670/1529 1554/1667/1526
f 1517/1660/1519 1503/1659/1518 1523/1676/1535 1555/1670/1529
f 1555/1670/1529 1523/1676/1535 1524/1677/1536 1558/1671/1530
f 1558/1671/1530 1524/1677/1536 1525/1678/1537 1561/1674/1533
f 1561/1674/1533 1525/1678/1537 1507/1679/1538 1526/1680/1539
f 1560/1672/1531 1561/1674/1533 1526/1680/1539 1527/1681/1540
f 1559/1673/1532 1560/1672/1531 1527/1681/1540 1528/1682/1541
f 1520/1683/1542 1559/1673/1532 1528/1682/1541 1506/1684/1543
f 1521/1685/1544 1556/1669/1528 1559/1673/1532 1520/1683/1542
f 1522/1675/1534 1553/1666/1525 1556/1669/1528 1521/1685/1544
f 1562/1686/1545 1563/1687/1546 1566/1688/1547 1565/1689/1548
f 1563/1687/1546 1564/1690/1549 1567/1691/1550 1566/1688/1547
f 1565/1689/1548 1566/1688/1547 1569/1692/1551 1568/1693/1552
f 1566/1688/1547 1567/1691/1550 1570/1694/1553 1569/1692/1551
f 1506/1684/1543 1528/1682/1541 1562/1686/1545 1531/1695/1554
f 1528/1682/1541 1527/1681/1540 1563/1687/1546 1562/1686/1545
f 1527/1681/1540 1526/1680/1539 1564/1690/1549 1563/1687/1546
f 1526/1680/1539 1507/1679/1538 1532/1696/1555 1564/1690/1549
f 1564/1690/1549 1532/1696/1555 1533/1697/1556 1567/1691/1550
f 1567/1691/1550 1533/1697/1556 1534/1698/1557 1570/1694/1553
f 1570/1694/1553 1534/1698/1557 1505/1699/1558 1535/1700/1559
f 1569/1692/1551 1570/1694/1553 1535/1700/1559 1536/1701/1560
f 1568/1693/1552 1569/1692/1551 1536/1701/1560 1537/1702/1561
f 1529/1703/1562 1568/1693/1552 1537/1702/1561 1504/1704/1563
f 1530/1705/1564 1565/1689/1548 1568/1693/1552 1529/1703/1562
f 1531/1695/1554 1562/1686/1545 1565/1689/1548 1530/1705/1564
f 1571/1706/1565 1572/1707/1566 1575/1708/1567 1574/1709/1568
f 1572/1707/1566 1573/1710/1569 1576/1711/1570 1575/1708/1567
f 1574/1709/1568 1575/1708/1567 1578/1712/1571 1577/1713/1572
f 1575/1708/1567 1576/1711/1570 1579/1714/1573 1578/1712/1571
f 1504/1704/1563 1537/1702/1561 1571/1706/1565 1540/1715/1574
f 1537/1702/1561 1536/1701/1560 1572/1707/1566 1571/1706/1565
f 1536/1701/1560 1535/1700/1559 1573/1710/1569 1572/1707/1566
f 1535/1700/1559 1505/1699/1558 1541/1716/1575 1573/1710/1569
f 1573/1710/1569 1541/1716/1575 1542/1717/1576 1576/1711/1570
f 1576/1711/1570 1542/1717/1576 1543/1718/1577 1579/1714/1573
f 1579/1714/1573 1543/1718/1577 1501/1655/1514 1513/1654/1513
f 1578/1712/1571 1579/1714/1573 1513/1654/1513 1512/1653/1512
f 1577/1713/1572 1578/1712/1571 1512/1653/1512 1511/1651/1510
f 1538/1719/1578 1577/1713/1572 1511/1651/1510 1500/1650/1509
f 1539/1720/1579 1574/1709/1568 1577/1713/1572 1538/1719/1578
f 1540/1715/1574 1571/1706/1565 1574/1709/1568 1539/1720/1579
f 1580/1721/1580 1581/1722/1581 1584/1723/1582 1583/1724/1583
f 1581/1722/1581 1582/1725/1584 1585/1726/1585 1584/1723/1582
f 1583/1724/1583 1584/1723/1582 1587/1727/1586 1586/1728/1587
f 1584/1723/1582 1585/1726/1585 1588/1729/1588 1587/1727/1586
f 1507/1679/1538 1525/1678/1537 1580/1721/1580 1532/1696/1555
f 1525/1678/1537 1524/1677/1536 1581/1722/1581 1580/1721/1580
f 1524/1677/1536 1523/1676/1535 1582/1725/1584 1581/1722/1581
f 1523/1676/1535 1503/1659/1518 1516/1658/1517 1582/1725/1584
f 1582/1725/1584 1516/1658/1517 1515/1657/1516 1585/1726/1585
f 1585/1726/1585 1515/1657/1516 1514/1656/1515 1588/1729/1588
f 1588/1729/1588 1514/1656/1515 1501/1655/1514 1543/1718/1577
f 1587/1727/1586 1588/1729/1588 1543/1718/1577 1542/1717/1576
f 1586/1728/1587 1587/1727/1586 1542/1717/1576 1541/1716/1575
f 1534/1698/1557 1586/1728/1587 1541/1716/1575 1505/1699/1558
f 1533/1697/1556 1583/1724/1583 1586/1728/1587 1534/1698/1557
f 1532/1696/1555 1580/1721/1580 1583/1724/1583 1533/1697/1556
f 1633/1730/1589 1634/1731/1590 1637/1732/1591 1636/1733/1592
f 1634/1731/1590 1635/1734/1593 1638/1735/1594 1637/1732/1591
f 1636/1733/1592 1637/1732/1591 1640/1736/1595 1639/1737/1596
f 1637/1732/1591 1638/1735/1594 1641/1738/1597 1640/1736/1595
f 1589/1739/1598 1600/1740/1599 1633/1730/1589 1599/1741/1600
f 1600/1740/1599 1601/1742/1601 1634/1731/1590 1633/1730/1589
f 1601/1742/1601 1602/1743/1602 1635/1734/1593 1634/1731/1590
f 1602/1743/1602 1590/1744/1603 1603/1745/1604 1635/1734/1593
f 1635/1734/1593 1603/1745/1604 1604/1746/1605 1638/1735/1594
f 1638/1735/1594 1604/1746/1605 1605/1747/1606 1641/1738/1597
f 1641/1738/1597 1605/1747/1606 1592/1748/1607 1606/1749/1608
f 1640/1736/1595 1641/1738/1597 1606/1749/1608 1607/1750/1609
f 1639/1737/1596 1640/1736/1595 1607/1750/1609 1608/1751/1610
f 1597/1752/1611 1639/1737/1596 1608/1751/1610 1591/1753/1612
f 1598/1754/1613 1636/1733/1592 1639/1737/1596 1597/1752/1611
f 1599/1741/1600 1633/1730/1589 1636/1733/1592 1598/1754/1613
f 1642/1755/1614 1643/1756/1615 1646/1757/1616 1645/1758/1617
f 1643/1756/1615 1644/1759/1618 1647/1760/1619 1646/1757/1616
f 1645/1758/1617 1646/1757/1616 1649/1761/1620 1648/1762/1621
f 1646/1757/1616 1647/1760/1619 1650/1763/1622 1649/1761/1620
f 1591/1753/1612 1608/1751/1610 1642/1755/1614 1611/1764/1623
f 1608/1751/1610 1607/1750/1609 1643/1756/1615 1642/1755/1614
f 1607/1750/1609 1606/1749/1608 1644/1759/1618 1643/1756/1615
f 1606/1749/1608 1592/1748/1607 1612/1765/1624 1644/1759/1618
f 1644/1759/1618 1612/1765/1624 1613/1766/1625 1647/1760/1619
f 1647/1760/1619 1613/1766/1625 1614/1767/1626 1650/1763/1622
f 1650/1763/1622 1614/1767/1626 1596/1768/1627 1615/1769/1628
f 1649/1761/1620 1650/1763/1622 1615/1769/1628 1616/1770/1629
f 1648/1762/1621 1649/1761/1620 1616/1770/1629 1617/1771/1630
f 1609/1772/1631 1648/1762/1621 1617/1771/1630 1595/1773/1632
f 1610/1774/1633 1645/1758/1617 1648/1762/1621 1609/1772/1631
f 1611/1764/1623 1642/1755/1614 1645/1758/1617 1610/1774/1633
f 1651/1775/1634 1652/1776/1635 1655/1777/1636 1654/1778/1637
f 1652/1776/1635 1653/1779/1638 1656/1780/1639 1655/1777/1636
f 1654/1778/1637 1655/1777/1636 1658/1781/1640 1657/1782/1641
f 1655/1777/1636 1656/1780/1639 1659/1783/1642 1658/1781/1640
f 1595/1773/1632 1617/1771/1630 1651/1775/1634 1620/1784/1643
f 1617/1771/1630 1616/1770/1629 1652/1776/1635 1651/1775/1634
f 1616/1770/1629 1615/1769/1628 1653/1779/1638 1652/1776/1635
f 1615/1769/1628 1596/1768/1627 1621/1785/1644 1653/1779/1638
f 1653/1779/1638 1621/1785/1644 1622/1786/1645 1656/1780/1639
f 1656/1780/1639 1622/1786/1645 1623/1787/1646 1659/1783/1642
f 1659/1783/1642 1623/1787/1646 1594/1788/1647 1624/1789/1648
f 1658/1781/1640 1659/1783/1642 1624/1789/1648 1625/1790/1649
f 1657/1782/1641 1658/1781/1640 1625/1790/1649 1626/1791/1650
f 1618/1792/1651 1657/1782/1641 1626/1791/1650 1593/1793/1652
f 1619/1794/1653 1654/1778/1637 1657/1782/1641 1618/1792/1651
f 1620/1784/1643 1651/1775/1634 1654/1778/1637 1619/1794/1653
f 1660/1795/1654 1661/1796/1655 1664/1797/1656 1663/1798/1657
f 1661/1796/1655 1662/1799/1658 1665/1800/1659 1664/1797/1656
f 1663/1798/1657 1664/1797/1656 1667/1801/1660 1666/1802/1661
f 1664/1797/1656 1665/1800/1659 1668/1803/1662 1667/1801/1660
f 1593/1793/1652 1626/1791/1650 1660/1795/1654 1629/1804/1663
f 1626/1791/1650 1625/1790/1649 1661/1796/1655 1660/1795/1654
f 1625/1790/1649 1624/1789/1648 1662/1799/1658 1661/1796/1655
f 1624/1789/1648 1594/1788/1647 1630/1805/1664 1662/1799/1658
f 1662/1799/1658 1630/1805/1664 1631/1806/1665 1665/1800/1659
f 1665/1800/1659 1631/1806/1665 1632/1807/1666 1668/1803/1662
f 1668/1803/1662 1632/1807/1666 1590/1744/1603 1602/1743/1602
f 1667/1801/1660 1668/1803/1662 1602/1743/1602 1601/1742/1601
f 1666/1802/1661 1667/1801/1660 1601/1742/1601 1600/1740/1599
f 1627/1808/1667 1666/1802/1661 1600/1740/1599 1589/1739/1598
f 1628/1809/1668 1663/1798/1657 1666/1802/1661 1627/1808/1667
f 1629/1804/1663 1660/1795/1654 1663/1798/1657 1628/1809/1668
f 1669/1810/1669 1670/1811/1670 1673/1812/1671 1672/1813/1672
f 1670/1811/1670 1671/1814/1673 1674/1815/1674 1673/1812/1671
f 1672/1813/1672 1673/1812/1671 1676/1816/1675 1675/1817/1676
f 1673/1812/1671 1674/1815/1674 1677/1818/1677 1676/1816/1675
f 1596/1768/1627 1614/1767/1626 1669/1810/1669 1621/1785/1644
f 1614/1767/1626 1613/1766/1625 1670/1811/1670 1669/1810/1669
f 1613/1766/1625 1612/1765/1624 1671/1814/1673 1670/1811/1670
f 1612/1765/1624 1592/1748/1607 1605/1747/1606 1671/1814/1673
f 1671/1814/1673 1605/1747/1606 1604/1746/1605 1674/1815/1674
f 1674/1815/1674 1604/1746/1605 1603/1745/1604 1677/1818/1677
f 1677/1818/1677 1603/1745/1604 1590/1744/1603 1632/1807/1666
f 1676/1816/1675 1677/1818/1677 1632/1807/1666 1631/1806/1665
f 1675/1817/1676 1676/1816/1675 1631/1806/1665 1630/1805/1664
f 1623/1787/1646 1675/1817/1676 1630/1805/1664 1594/1788/1647
f 1622/1786/1645 1672/1813/1672 1675/1817/1676 1623/1787/1646
f 1621/1785/1644 1669/1810/1669 1672/1813/1672 1622/1786/1645
f 1722/1819/1678 1723/1820/1679 1726/1821/1680 1725/1822/1681
f 1723/1820/1679 1724/1823/1682 1727/1824/1683 1726/1821/1680
f 1725/1822/1681 1726/1821/1680 1729/1825/1684 1728/1826/1685
f 1726/1821/1680 1727/1824/1683 1730/1827/1686 1729/1825/1684
f 1678/1828/1687 1689/1829/1688 1722/1819/1678 1688/1830/1689
f 1689/1829/1688 1690/1831/1690 1723/1820/1679 1722/1819/1678
f 1690/1831/1690 1691/1832/1691 1724/1823/1682 1723/1820/1679
f 1691/1832/1691 1679/1833/1692 1692/1834/1693 1724/1823/1682
f 1724/1823/1682 1692/1834/1693 1693/1835/1694 1727/1824/1683
f 1727/1824/1683 1693/1835/1694 1694/1836/1695 1730/1827/1686
f 1730/1827/1686 1694/1836/1695 1681/1837/1696 1695/1838/1697
f 1729/1825/1684 1730/1827/1686 1695/1838/1697 1696/1839/1698
f 1728/1826/1685 1729/1825/1684 1696/1839/1698 1697/1840/1699
f 1686/1841/1700 1728/1826/1685 1697/1840/1699 1680/1842/1701
f 1687/1843/1702 1725/1822/1681 1728/1826/1685 1686/1841/1700
f 1688/1830/1689 1722/1819/1678 1725/1822/1681 1687/1843/1702
f 1731/1844/1703 1732/1845/1704 1735/1846/1705 1734/1847/1706
f 1732/1845/1704 1733/1848/1707 1736/1849/1708 1735/1846/1705
f 1734/1847/1706 1735/1846/1705 1738/1850/1709 1737/1851/1710
f 1735/1846/1705 1736/1849/1708 1739/1852/1711 1738/1850/1709
f 1680/1842/1701 1697/1840/1699 1731/1844/1703 1700/1853/1712
f 1697/1840/1699 1696/1839/1698 1732/1845/1704 1731/1844/1703
f 1696/1839/1698 1695/1838/1697 1733/1848/1707 1732/1845/1704
f 1695/1838/1697 1681/1837/1696 1701/1854/1713 1733/1848/1707
f 1733/1848/1707 1701/1854/1713 1702/1855/1714 1736/1849/1708
f 1736/1849/1708 1702/1855/1714 1703/1856/1715 1739/1852/1711
f 1739/1852/1711 1703/1856/1715 1685/1857/1716 1704/1858/1717
f 1738/1850/1709 1739/1852/1711 1704/1858/1717 1705/1859/1718
f 1737/1851/1710 1738/1850/1709 1705/1859/1718 1706/1860/1719
f 1698/1861/1720 1737/1851/1710 1706/1860/1719 1684/1862/1721
f 1699/1863/1722 1734/1847/1706 1737/1851/1710 1698/1861/1720
f 1700/1853/1712 1731/1844/1703 1734/1847/1706 1699/1863/1722
f 1740/1864/1723 1741/1865/1724 1744/1866/1725 1743/1867/1726
f 1741/1865/1724 1742/1868/1727 1745/1869/1728 1744/1866/1725
f 1743/1867/1726 1744/1866/1725 1747/1870/1729 1746/1871/1730
f 1744/1866/1725 1745/1869/1728 1748/1872/1731 1747/1870/1729
f 1684/1862/1721 1706/1860/1719 1740/1864/1723 1709/1873/1732
f 1706/1860/1719 1705/1859/1718 1741/1865/1724 1740/1864/1723
f 1705/1859/1718 1704/1858/1717 1742/1868/1727 1741/1865/1724
f 1704/1858/1717 1685/1857/1716 1710/1874/1733 1742/1868/1727
f 1742/1868/1727 1710/1874/1733 1711/1875/1734 1745/1869/1728
f 1745/1869/1728 1711/1875/1734 1712/1876/1735 1748/1872/1731
f 1748/1872/1731 1712/1876/1735 1683/1877/1736 1713/1878/1737
f 1747/1870/1729 1748/1872/1731 1713/1878/1737 1714/1879/1738
f 1746/1871/1730 1747/1870/1729 1714/1879/1738 1715/1880/1739
f 1707/1881/1740 1746/1871/1730 1715/1880/1739 1682/1882/1741
f 1708/1883/1742 1743/1867/1726 1746/1871/1730 1707/1881/1740
f 1709/1873/1732 1740/1864/1723 1743/1867/1726 1708/1883/1742
f 1749/1884/1743 1750/1885/1744 1753/1886/1745 1752/1887/1746
f 1750/1885/1744 1751/1888/1747 1754/1889/1748 1753/1886/1745
f 1752/1887/1746 1753/1886/1745 1756/1890/1749 1755/1891/1750
f 1753/1886/1745 1754/1889/1748 1757/1892/1751 1756/1890/1749
f 1682/1882/1741 1715/1880/1739 1749/1884/1743 1718/1893/1752
f 1715/1880/1739 1714/1879/1738 1750/1885/1744 1749/1884/1743
f 1714/1879/1738 1713/1878/1737 1751/1888/1747 1750/1885/1744
f 1713/1878/1737 1683/1877/1736 1719/1894/1753 1751/1888/1747
f 1751/1888/1747 1719/1894/1753 1720/1895/1754 1754/1889/1748
f 1754/1889/1748 1720/1895/1754 1721/1896/1755 1757/1892/1751
f 1757/1892/1751 1721/1896/1755 1679/1833/1692 1691/1832/1691
f 1756/1890/1749 1757/1892/1751 1691/1832/1691 1690/1831/1690
f 1755/1891/1750 1756/1890/1749 1690/1831/1690 1689/1829/1688
f 1716/1897/1756 1755/1891/1750 1689/1829/1688 1678/1828/1687
f 1717/1898/1757 1752/1887/1746 1755/1891/1750 1716/1897/1756
f 1718/1893/1752 1749/1884/1743 1752/1887/1746 1717/1898/1757
f 1758/1899/1758 1759/1900/1759 1762/1901/1760 1761/1902/1761
f 1759/1900/1759 1760/1903/1762 1763/1904/1763 1762/1901/1760
f 1761/1902/1761 1762/1901/1760 1765/1905/1764 1764/1906/1765
f 1762/1901/1760 1763/1904/1763 1766/1907/1766 1765/1905/1764
f 1685/1857/1716 1703/1856/1715 1758/1899/1758 1710/1874/1733
f 1703/1856/1715 1702/1855/1714 1759/1900/1759 1758/1899/1758
f 1702/1855/1714 1701/1854/1713 1760/1903/1762 1759/1900/1759
f 1701/1854/1713 1681/1837/1696 1694/1836/1695 1760/1903/1762
f 1760/1903/1762 1694/1836/1695 1693/1835/1694 1763/1904/1763
f 1763/1904/1763 1693/1835/1694 1692/1834/1693 1766/1907/1766
f 1766/1907/1766 1692/1834/1693 1679/1833/1692 1721/1896/1755
f 1765/1905/1764 1766/1907/1766 1721/1896/1755 1720/1895/1754
f 1764/1906/1765 1765/1905/1764 1720/1895/1754 1719/1894/1753
f 1712/1876/1735 1764/1906/1765 1719/1894/1753 1683/1877/1736
f 1711/1875/1734 1761/1902/1761 1764/1906/1765 1712/1876/1735
f 1710/1874/1733 1758/1899/1758 1761/1902/1761 1711/1875/1734
f 1811/1908/1767 1812/1909/1768 1815/1910/1769 1814/1911/1770
f 1812/1909/1768 1813/1912/1771 1816/1913/1772 1815/1910/1769
f 1814/1911/1770 1815/1910/1769 1818/1914/1773 1817/1915/1774
f 1815/1910/1769 1816/1913/1772 1819/1916/1775 1818/1914/1773
f 1767/1917/1776 1778/1918/1777 1811/1908/1767 1777/1919/1778
f 1778/1918/1777 1779/1920/1779 1812/1909/1768 1811/1908/1767
f 1779/1920/1779 1780/1921/1780 1813/1912/1771 1812/1909/1768
f 1780/1921/1780 1768/1922/1781 1781/1923/1782 1813/1912/1771
f 1813/1912/1771 1781/1923/1782 1782/1924/1783 1816/1913/1772
f 1816/1913/1772 1782/1924/1783 1783/1925/1784 1819/1916/1775
f 1819/1916/1775 1783/1925/1784 1770/1926/1785 1784/1927/1786
f 1818/1914/1773 1819/1916/1775 1784/1927/1786 1785/1928/1787
f 1817/1915/1774 1818/1914/1773 1785/1928/1787 1786/1929/1788
f 1775/1930/1789 1817/1915/1774 1786/1929/1788 1769/1931/1790
f 1776/1932/1791 1814/1911/1770 1817/1915/1774 1775/1930/1789
f 1777/1919/1778 1811/1908/1767 1814/1911/1770 1776/1932/1791
f 1820/1933/1792 1821/1934/1793 1824/1935/1794 1823/1936/1795
f 1821/1934/1793 1822/1937/1796 1825/1938/1797 1824/1935/1794
f 1823/1936/1795 1824/1935/1794 1827/1939/1798 1826/1940/1799
f 1824/1935/1794 1825/1938/1797 1828/1941/1800 1827/1939/1798
f 1769/1931/1790 1786/1929/1788 1820/1933/1792 1789/1942/1801
f 1786/1929/1788 1785/1928/1787 1821/1934/1793 1820/1933/1792
f 1785/1928/1787 1784/1927/1786 1822/1937/1796 1821/1934/1793
f 1784/1927/1786 1770/1926/1785 1790/1943/1802 1822/1937/1796
f 1822/1937/1796 1790/1943/1802 1791/1944/1803 1825/1938/1797
f 1825/1938/1797 1791/1944/1803 1792/1945/1804 1828/1941/1800
f 1828/1941/1800 1792/1945/1804 1774/1946/1805 1793/1947/1806
f 1827/1939/1798 1828/1941/1800 1793/1947/1806 1794/1948/1807
f 1826/1940/1799 1827/1939/1798 1794/1948/1807 1795/1949/1808
f 1787/1950/1809 1826/1940/1799 1795/1949/1808 1773/1951/1810
f 1788/1952/1811 1823/1936/1795 1826/1940/1799 1787/1950/1809
f 1789/1942/1801 1820/1933/1792 1823/1936/1795 1788/1952/1811
f 1829/1953/1812 1830/1954/1813 1833/1955/1814 1832/1956/1815
f 1830/1954/1813 1831/1957/1816 1834/1958/1817 1833/1955/1814
f 1832/1956/1815 1833/1955/1814 1836/1959/1818 1835/1960/1819
f 1833/1955/1814 1834/1958/1817 1837/1961/1820 1836/1959/1818
f 1773/1951/1810 1795/1949/1808 1829/1953/1812 1798/1962/1821
f 1795/1949/1808 1794/1948/1807 1830/1954/1813 1829/1953/1812
f 1794/1948/1807 1793/1947/1806 1831/1957/1816 1830/1954/1813
f 1793/1947/1806 1774/1946/1805 1799/1963/1822 1831/1957/1816
f 1831/1957/1816 1799/1963/1822 1800/1964/1823 1834/1958/1817
f 1834/1958/1817 1800/1964/1823 1801/1965/1824 1837/1961/1820
f 1837/1961/1820 1801/1965/1824 1772/1966/1825 1802/1967/1826
f 1836/1959/1818 1837/1961/1820 1802/1967/1826 1803/1968/1827
f 1835/1960/1819 1836/1959/1818 1803/1968/1827 1804/1969/1828
f 1796/1970/1829 1835/1960/1819 1804/1969/1828 1771/1971/1830
f 1797/1972/1831 1832/1956/1815 1835/1960/1819 1796/1970/1829
f 1798/1962/1821 1829/1953/1812 1832/1956/1815 1797/1972/1831
f 1838/1973/1832 1839/1974/1833 1842/1975/1834 1841/1976/1835
f 1839/1974/1833 1840/1977/1836 1843/1978/1837 1842/1975/1834
f 1841/1976/1835 1842/1975/1834 1845/1979/1838 1844/1980/1839
f 1842/1975/1834 1843/1978/1837 1846/1981/1840 1845/1979/1838
f 1771/1971/1830 1804/1969/1828 1838/1973/1832 1807/1982/1841
f 1804/1969/1828 1803/1968/1827 1839/1974/1833 1838/1973/1832
f 1803/1968/1827 1802/1967/1826 1840/1977/1836 1839/1974/1833
f 1802/1967/1826 1772/1966/1825 1808/1983/1842 1840/1977/1836
f 1840/1977/1836 1808/1983/1842 1809/1984/1843 1843/1978/1837
f 1843/1978/1837 1809/1984/1843 1810/1985/1844 1846/1981/1840
f 1846/1981/1840 1810/1985/1844 1768/1922/1781 1780/1921/1780
f 1845/1979/1838 1846/1981/1840 1780/1921/1780 1779/1920/1779
f 1844/1980/1839 1845/1979/1838 1779/1920/1779 1778/1918/1777
f 1805/1986/1845 1844/1980/1839 1778/1918/1777 1767/1917/1776
f 1806/1987/1846 1841/1976/1835 1844/1980/1839 1805/1986/1845
f 1807/1982/1841 1838/1973/1832 1841/1976/1835 1806/1987/1846
f 1847/1988/1847 1848/1989/1848 1851/1990/1849 1850/1991/1850
f 1848/1989/1848 1849/1992/1851 1852/1993/1852 1851/1990/1849
f 1850/1991/1850 1851/1990/1849 1854/1994/1853 1853/1995/1854
f 1851/1990/1849 1852/1993/1852 1855/1996/1855 1854/1994/1853
f 1774/1946/1805 1792/1945/1804 1847/1988/1847 1799/1963/1822
f 1792/1945/1804 1791/1944/1803 1848/1989/1848 1847/1988/1847
f 1791/1944/1803 1790/1943/1802 1849/1992/1851 1848/1989/1848
f 1790/1943/1802 1770/1926/1785 1783/1925/1784 1849/1992/1851
f 1849/1992/1851 1783/1925/1784 1782/1924/1783 1852/1993/1852
f 1852/1993/1852 1782/1924/1783 1781/1923/1782 1855/1996/1855
f 1855/1996/1855 1781/1923/1782 1768/1922/1781 1810/1985/1844
f 1854/1994/1853 1855/1996/1855 1810/1985/1844 1809/1984/1843
f 1853/1995/1854 1854/1994/1853 1809/1984/1843 1808/1983/1842
f 1801/1965/1824 1853/1995/1854 1808/1983/1842 1772/1966/1825
f 1800/1964/1823 1850/1991/1850 1853/1995/1854 1801/1965/1824
f 1799/1963/1822 1847/1988/1847 1850/1991/1850 1800/1964/1823
f 1900/1997/1856 1901/1998/1857 1904/1999/1858 1903/2000/1859
f 1901/1998/1857 1902/2001/1860 1905/2002/1861 1904/1999/1858
f 1903/2000/1859 1904/1999/1858 1907/2003/1862 1906/2004/1863
f 1904/1999/1858 1905/2002/1861 1908/2005/1864 1907/2003/1862
f 1856/2006/1865 1867/2007/1866 1900/1997/1856 1866/2008/1867
f 1867/2007/1866 1868/2009/1868 1901/1998/1857 1900/1997/1856
f 1868/2009/1868 1869/2010/1869 1902/2001/1860 1901/1998/1857
f 1869/2010/1869 1857/2011/1870 1870/2012/1871 1902/2001/1860
f 1902/2001/1860 1870/2012/1871 1871/2013/1872 1905/2002/1861
f 1905/2002/1861 1871/2013/1872 1872/2014/1873 1908/2005/1864
f 1908/2005/1864 1872/2014/1873 1859/2015/1874 1873/2016/1875
f 1907/2003/1862 1908/2005/1864 1873/2016/1875 1874/2017/1876
f 1906/2004/1863 1907/2003/1862 1874/2017/1876 1875/2018/1877
f 1864/2019/1878 1906/2004/1863 1875/2018/1877 1858/2020/1879
f 1865/2021/1880 1903/2000/1859 1906/2004/1863 1864/2019/1878
f 1866/2008/1867 1900/1997/1856 1903/2000/1859 1865/2021/1880
f 1909/2022/1881 1910/2023/1882 1913/2024/1883 1912/2025/1884
f 1910/2023/1882 1911/2026/1885 1914/2027/1886 1913/2024/1883
f 1912/2025/1884 1913/2024/1883 1916/2028/1887 1915/2029/1888
f 1913/2024/1883 1914/2027/1886 1917/2030/1889 1916/2028/1887
f 1858/2020/1879 1875/2018/1877 1909/2022/1881 1878/2031/1890
f 1875/2018/1877 1874/2017/1876 1910/2023/1882 1909/2022/1881
f 1874/2017/1876 1873/2016/1875 1911/2026/1885 1910/2023/1882
f 1873/2016/1875 1859/2015/1874 1879/2032/1891 1911/2026/1885
f 1911/2026/1885 1879/2032/1891 1880/2033/1892 1914/2027/1886
f 1914/2027/1886 1880/2033/1892 1881/2034/1893 1917/2030/1889
f 1917/2030/1889 1881/2034/1893 1863/2035/1894 1882/2036/1895
f 1916/2028/1887 1917/2030/1889 1882/2036/1895 1883/2037/1896
f 1915/2029/1888 1916/2028/1887 1883/2037/1896 1884/2038/1897
f 1876/2039/1898 1915/2029/1888 1884/2038/1897 1862/2040/1899
f 1877/2041/1900 1912/2025/1884 1915/2029/1888 1876/2039/1898
f 1878/2031/1890 1909/2022/1881 1912/2025/1884 1877/2041/1900
f 1918/2042/1901 1919/2043/1902 1922/2044/1903 1921/2045/1904
f 1919/2043/1902 1920/2046/1905 1923/2047/1906 1922/2044/1903
f 1921/2045/1904 1922/2044/1903 1925/2048/1907 1924/2049/1908
f 1922/2044/1903 1923/2047/1906 1926/2050/1909 1925/2048/1907
f 1862/2040/1899 1884/2038/1897 1918/2042/1901 1887/2051/1910
f 1884/2038/1897 1883/2037/1896 1919/2043/1902 1918/2042/1901
f 1883/2037/1896 1882/2036/1895 1920/2046/1905 1919/2043/1902
f 1882/2036/1895 1863/2035/1894 1888/2052/1911 1920/2046/1905
f 1920/2046/1905 1888/2052/1911 1889/2053/1912 1923/2047/1906
f 1923/2047/1906 1889/2053/1912 1890/2054/1913 1926/2050/1909
f 1926/2050/1909 1890/2054/1913 1861/2055/1914 1891/2056/1915
f 1925/2048/1907 1926/2050/1909 1891/2056/1915 1892/2057/1916
f 1924/2049/1908 1925/2048/1907 1892/2057/1916 1893/2058/1917
f 1885/2059/1918 1924/2049/1908 1893/2058/1917 1860/2060/1919
f 1886/2061/1920 1921/2045/1904 1924/2049/1908 1885/2059/1918
f 1887/2051/1910 1918/2042/1901 1921/2045/1904 1886/2061/1920
f 1927/2062/1921 1928/2063/1922 1931/2064/1923 1930/2065/1924
f 1928/2063/1922 1929/2066/1925 1932/2067/1926 1931/2064/1923
f 1930/2065/1924 1931/2064/1923 1934/2068/1927 1933/2069/1928
f 1931/2064/1923 1932/2067/1926 1935/2070/1929 1934/2068/1927
f 1860/2060/1919 1893/2058/1917 1927/2062/1921 1896/2071/1930
f 1893/2058/1917 1892/2057/1916 1928/2063/1922 1927/2062/1921
f 1892/2057/1916 1891/2056/1915 1929/2066/1925 1928/2063/1922
f 1891/2056/1915 1861/2055/1914 1897/2072/1931 1929/2066/1925
f 1929/2066/1925 1897/2072/1931 1898/2073/1932 1932/2067/1926
f 1932/2067/1926 1898/2073/1932 1899/2074/1933 1935/2070/1929
f 1935/2070/1929 1899/2074/1933 1857/2011/1870 1869/2010/1869
f 1934/2068/1927 1935/2070/1929 1869/2010/1869 1868/2009/1868
f 1933/2069/1928 1934/2068/1927 1868/2009/1868 1867/2007/1866
f 1894/2075/1934 1933/2069/1928 1867/2007/1866 1856/2006/1865
f 1895/2076/1935 1930/2065/1924 1933/2069/1928 1894/2075/1934
f 1896/2071/1930 1927/2062/1921 1930/2065/1924 1895/2076/1935
f 1936/2077/1936 1937/2078/1937 1940/2079/1938 1939/2080/1939
f 1937/2078/1937 1938/2081/1940 1941/2082/1941 1940/2079/1938
f 1939/2080/1939 1940/2079/1938 1943/2083/1942 1942/2084/1943
f 1940/2079/1938 1941/2082/1941 1944/2085/1944 1943/2083/1942
f 1863/2035/1894 1881/2034/1893 1936/2077/1936 1888/2052/1911
f 1881/2034/1893 1880/2033/1892 1937/2078/1937 1936/2077/1936
f 1880/2033/1892 1879/2032/1891 1938/2081/1940 1937/2078/1937
f 1879/2032/1891 1859/2015/1874 1872/2014/1873 1938/2081/1940
f 1938/2081/1940 1872/2014/1873 1871/2013/1872 1941/2082/1941
f 1941/2082/1941 1871/2013/1872 1870/2012/1871 1944/2085/1944
f 1944/2085/1944 1870/2012/1871 1857/2011/1870 1899/2074/1933
f 1943/2083/1942 1944/2085/1944 1899/2074/1933 1898/2073/1932
f 1942/2084/1943 1943/2083/1942 1898/2073/1932 1897/2072/1931
f 1890/2054/1913 1942/2084/1943 1897/2072/1931 1861/2055/1914
f 1889/2053/1912 1939/2080/1939 1942/2084/1943 1890/2054/1913
f 1888/2052/1911 1936/2077/1936 1939/2080/1939 1889/2053/1912
f 1989/2086/1945 1990/2087/1946 1993/2088/1947 1992/2089/1948
f 1990/2087/1946 1991/2090/1949 1994/2091/1950 1993/2088/1947
f 1992/2089/1948 1993/2088/1947 1996/2092/1951 1995/2093/1952
f 1993/2088/1947 1994/2091/1950 1997/2094/1953 1996/2092/1951
f 1945/2095/1954 1956/2096/1955 1989/2086/1945 1955/2097/1956
f 1956/2096/1955 1957/2098/1957 1990/2087/1946 1989/2086/1945
f 1957/2098/1957 1958/2099/1958 1991/2090/1949 1990/2087/1946
f 1958/2099/1958 1946/2100/1959 1959/2101/1960 1991/2090/1949
f 1991/2090/1949 1959/2101/1960 1960/2102/1961 1994/2091/1950
f 1994/2091/1950 1960/2102/1961 1961/2103/1962 1997/2094/1953
f 1997/2094/1953 1961/2103/1962 1948/2104/1963 1962/2105/1964
f 1996/2092/1951 1997/2094/1953 1962/2105/1964 1963/2106/1965
f 1995/2093/1952 1996/2092/1951 1963/2106/1965 1964/2107/1966
f 1953/2108/1967 1995/2093/1952 1964/2107/1966 1947/2109/1968
f 1954/2110/1969 1992/2089/1948 1995/2093/1952 1953/2108/1967
f 1955/2097/1956 1989/2086/1945 1992/2089/1948 1954/2110/1969
f 1998/2111/1970 1999/2112/1971 2002/2113/1972 2001/2114/1973
f 1999/2112/1971 2000/2115/1974 2003/2116/1975 2002/2113/1972
f 2001/2114/1973 2002/2113/1972 2005/2117/1976 2004/2118/1977
f 2002/2113/1972 2003/2116/1975 2006/2119/1978 2005/2117/1976
f 1947/2109/1968 1964/2107/1966 1998/2111/1970 1967/2120/1979
f 1964/2107/1966 1963/2106/1965 1999/2112/1971 1998/2111/1970
f 1963/2106/1965 1962/2105/1964 2000/2115/1974 1999/2112/1971
f 1962/2105/1964 1948/2104/1963 1968/2121/1980 2000/2115/1974
f 2000/2115/1974 1968/2121/1980 1969/2122/1981 2003/2116/1975
f 2003/2116/1975 1969/2122/1981 1970/2123/1982 2006/2119/1978
f 2006/2119/1978 1970/2123/1982 1952/2124/1983 1971/2125/1984
f 2005/2117/1976 2006/2119/1978 1971/2125/1984 1972/2126/1985
f 2004/2118/1977 2005/2117/1976 1972/2126/1985 1973/2127/1986
f 1965/2128/1987 2004/2118/1977 1973/2127/1986 1951/2129/1988
f 1966/2130/1989 2001/2114/1973 2004/2118/1977 1965/2128/1987
f 1967/2120/1979 1998/2111/1970 2001/2114/1973 1966/2130/1989
f 2007/2131/1990 2008/2132/1991 2011/2133/1992 2010/2134/1993
f 2008/2132/1991 2009/2135/1994 2012/2136/1995 2011/2133/1992
f 2010/2134/1993 2011/2133/1992 2014/2137/1996 2013/2138/1997
f 2011/2133/1992 2012/2136/1995 2015/2139/1998 2014/2137/1996
f 1951/2129/1988 1973/2127/1986 2007/2131/1990 1976/2140/1999
f 1973/2127/1986 1972/2126/1985 2008/2132/1991 2007/2131/1990
f 1972/2126/1985 1971/2125/1984 2009/2135/1994 2008/2132/1991
f 1971/2125/1984 1952/2124/1983 1977/2141/2000 2009/2135/1994
f 2009/2135/1994 1977/2141/2000 1978/2142/2001 2012/2136/1995
f 2012/2136/1995 1978/2142/2001 1979/2143/2002 2015/2139/1998
f 2015/2139/1998 1979/2143/2002 1950/2144/2003 1980/2145/2004
f 2014/2137/1996 2015/2139/1998 1980/2145/2004 1981/2146/2005
f 2013/2138/1997 2014/2137/1996 1981/2146/2005 1982/2147/2006
f 1974/2148/2007 2013/2138/1997 1982/2147/2006 1949/2149/2008
f 1975/2150/2009 2010/2134/1993 2013/2138/1997 1974/2148/2007
f 1976/2140/1999 2007/2131/1990 2010/2134/1993 1975/2150/2009
f 2016/2151/2010 2017/2152/2011 2020/2153/2012 2019/2154/2013
f 2017/2152/2011 2018/2155/2014 2021/2156/2015 2020/2153/2012
f 2019/2154/2013 2020/2153/2012 2023/2157/2016 2022/2158/2017
f 2020/2153/2012 2021/2156/2015 2024/2159/2018 2023/2157/2016
f 1949/2149/2008 1982/2147/2006 2016/2151/2010 1985/2160/2019
f 1982/2147/2006 1981/2146/2005 2017/2152/2011 2016/2151/2010
f 1981/2146/2005 1980/2145/2004 2018/2155/2014 2017/2152/2011
f 1980/2145/2004 1950/2144/2003 1986/2161/2020 2018/2155/2014
f 2018/2155/2014 1986/2161/2020 1987/2162/2021 2021/2156/2015
f 2021/2156/2015 1987/2162/2021 1988/2163/2022 2024/2159/2018
f 2024/2159/2018 1988/2163/2022 1946/2100/1959 1958/2099/1958
f 2023/2157/2016 2024/2159/2018 1958/2099/1958 1957/2098/1957
f 2022/2158/2017 2023/2157/2016 1957/2098/1957 1956/2096/1955
f 1983/2164/2023 2022/2158/2017 1956/2096/1955 1945/2095/1954
f 1984/2165/2024 2019/2154/2013 2022/2158/2017 1983/2164/2023
f 1985/2160/2019 2016/2151/2010 2019/2154/2013 1984/2165/2024
f 2025/2166/2025 2026/2167/2026 2029/2168/2027 2028/2169/2028
f 2026/2167/2026 2027/2170/2029 2030/2171/2030 2029/2168/2027
f 2028/2169/2028 2029/2168/2027 2032/2172/2031 2031/2173/2032
f 2029/2168/2027 2030/2171/2030 2033/2174/2033 2032/2172/2031
f 1952/2124/1983 1970/2123/1982 2025/2166/2025 1977/2141/2000
f 1970/2123/1982 1969/2122/1981 2026/2167/2026 2025/2166/2025
f 1969/2122/1981 1968/2121/1980 2027/2170/2029 2026/2167/2026
f 1968/2121/1980 1948/2104/1963 1961/2103/1962 2027/2170/2029
f 2027/2170/2029 1961/2103/1962 1960/2102/1961 2030/2171/2030
f 2030/2171/2030 1960/2102/1961 1959/2101/1960 2033/2174/2033
f 2033/2174/2033 1959/2101/1960 1946/2100/1959 1988/2163/2022
f 2032/2172/2031 2033/2174/2033 1988/2163/2022 1987/2162/2021
f 2031/2173/2032 2032/2172/2031 1987/2162/2021 1986/2161/2020
f 1979/2143/2002 2031/2173/2032 1986/2161/2020 1950/2144/2003
f 1978/2142/2001 2028/2169/2028 2031/2173/2032 1979/2143/2002
f 1977/2141/2000 2025/2166/2025 2028/2169/2028 1978/2142/2001
f 2078/2175/2034 2079/2176/2035 2082/2177/2036 2081/2178/2037
f 2079/2176/2035 2080/2179/2038 2083/2180/2039 2082/2177/2036
f 2081/2178/2037 2082/2177/2036 2085/2181/2040 2084/2182/2041
f 2082/2177/2036 2083/2180/2039 2086/2183/2042 2085/2181/2040
f 2034/2184/2043 2045/2185/2044 2078/2175/2034 2044/2186/2045
f 2045/2185/2044 2046/2187/2046 2079/2176/2035 2078/2175/2034
f 2046/2187/2046 2047/2188/2047 2080/2179/2038 2079/2176/2035
f 2047/2188/2047 2035/2189/2048 2048/2190/2049 2080/2179/2038
f 2080/2179/2038 2048/2190/2049 2049/2191/2050 2083/2180/2039
f 2083/2180/2039 2049/2191/2050 2050/2192/2051 2086/2183/2042
f 2086/2183/2042 2050/2192/2051 2037/2193/2052 2051/2194/2053
f 2085/2181/2040 2086/2183/2042 2051/2194/2053 2052/2195/2054
f 2084/2182/2041 2085/2181/2040 2052/2195/2054 2053/2196/2055
f 2042/2197/2056 2084/2182/2041 2053/2196/2055 2036/2198/2057
f 2043/2199/2058 2081/2178/2037 2084/2182/2041 2042/2197/2056
f 2044/2186/2045 2078/2175/2034 2081/2178/2037 2043/2199/2058
f 2087/2200/2059 2088/2201/2060 2091/2202/2061 2090/2203/2062
f 2088/2201/2060 2089/2204/2063 2092/2205/2064 2091/2202/2061
f 2090/2203/2062 2091/2202/2061 2094/2206/2065 2093/2207/2066
f 2091/2202/2061 2092/2205/2064 2095/2208/2067 2094/2206/2065
f 2036/2198/2057 2053/2196/2055 2087/2200/2059 2056/2209/2068
f 2053/2196/2055 2052/2195/2054 2088/2201/2060 2087/2200/2059
f 2052/2195/2054 2051/2194/2053 2089/2204/2063 2088/2201/2060
f 2051/2194/2053 2037/2193/2052 2057/2210/2069 2089/2204/2063
f 2089/2204/2063 2057/2210/2069 2058/2211/2070 2092/2205/2064
f 2092/2205/2064 2058/2211/2070 2059/2212/2071 2095/2208/2067
f 2095/2208/2067 2059/2212/2071 2041/2213/2072 2060/2214/2073
f 2094/2206/2065 2095/2208/2067 2060/2214/2073 2061/2215/2074
f 2093/2207/2066 2094/2206/2065 2061/2215/2074 2062/2216/2075
f 2054/2217/2076 2093/2207/2066 2062/2216/2075 2040/2218/2077
f 2055/2219/2078 2090/2203/2062 2093/2207/2066 2054/2217/2076
f 2056/2209/2068 2087/2200/2059 2090/2203/2062 2055/2219/2078
f 2096/2220/2079 2097/2221/2080 2100/2222/2081 2099/2223/2082
f 2097/2221/2080 2098/2224/2083 2101/2225/2084 2100/2222/2081
f 2099/2223/2082 2100/2222/2081 2103/2226/2085 2102/2227/2086
f 2100/2222/2081 2101/2225/2084 2104/2228/2087 2103/2226/2085
f 2040/2218/2077 2062/2216/2075 2096/2220/2079 2065/2229/2088
f 2062/2216/2075 2061/2215/2074 2097/2221/2080 2096/2220/2079
f 2061/2215/2074 2060/2214/2073 2098/2224/2083 2097/2221/2080
f 2060/2214/2073 2041/2213/2072 2066/2230/2089 2098/2224/2083
f 2098/2224/2083 2066/2230/2089 2067/2231/2090 2101/2225/2084
f 2101/2225/2084 2067/2231/2090 2068/2232/2091 2104/2228/2087
f 2104/2228/2087 2068/2232/2091 2039/2233/2092 2069/2234/2093
f 2103/2226/2085 2104/2228/2087 2069/2234/2093 2070/2235/2094
f 2102/2227/2086 2103/2226/2085 2070/2235/2094 2071/2236/2095
f 2063/2237/2096 2102/2227/2086 2071/2236/2095 2038/2238/2097
f 2064/2239/2098 2099/2223/2082 2102/2227/2086 2063/2237/2096
f 2065/2229/2088 2096/2220/2079 2099/2223/2082 2064/2239/2098
f 2105/2240/2099 2106/2241/2100 2109/2242/2101 2108/2243/2102
f 2106/2241/2100 2107/2244/2103 2110/2245/2104 2109/2242/2101
f 2108/2243/2102 2109/2242/2101 2112/2246/2105 2111/2247/2106
f 2109/2242/2101 2110/2245/2104 2113/2248/2107 2112/2246/2105
f 2038/2238/2097 2071/2236/2095 2105/2240/2099 2074/2249/2108
f 2071/2236/2095 2070/2235/2094 2106/2241/2100 2105/2240/2099
f 2070/2235/2094 2069/2234/2093 2107/2244/2103 2106/2241/2100
f 2069/2234/2093 2039/2233/2092 2075/2250/2109 2107/2244/2103
f 2107/2244/2103 2075/2250/2109 2076/2251/2110 2110/2245/2104
f 2110/2245/2104 2076/2251/2110 2077/2252/2111 2113/2248/2107
f 2113/2248/2107 2077/2252/2111 2035/2189/2048 2047/2188/2047
f 2112/2246/2105 2113/2248/2107 2047/2188/2047 2046/2187/2046
f 2111/2247/2106 2112/2246/2105 2046/2187/2046 2045/2185/2044
f 2072/2253/2112 2111/2247/2106 2045/2185/2044 2034/2184/2043
f 2073/2254/2113 2108/2243/2102 2111/2247/2106 2072/2253/2112
f 2074/2249/2108 2105/2240/2099 2108/2243/2102 2073/2254/2113
f 2114/2255/2114 2115/2256/2115 2118/2257/2116 2117/2258/2117
f 2115/2256/2115 2116/2259/2118 2119/2260/2119 2118/2257/2116
f 2117/2258/2117 2118/2257/2116 2121/2261/2120 2120/2262/2121
f 2118/2257/2116 2119/2260/2119 2122/2263/2122 2121/2261/2120
f 2041/2213/2072 2059/2212/2071 2114/2255/2114 2066/2230/2089
f 2059/2212/2071 2058/2211/2070 2115/2256/2115 2114/2255/2114
f 2058/2211/2070 2057/2210/2069 2116/2259/2118 2115/2256/2115
f 2057/2210/2069 2037/2193/2052 2050/2192/2051 2116/2259/2118
f 2116/2259/2118 2050/2192/2051 2049/2191/2050 2119/2260/2119
f 2119/2260/2119 2049/2191/2050 2048/2190/2049 2122/2263/2122
f 2122/2263/2122 2048/2190/2049 2035/2189/2048 2077/2252/2111
f 2121/2261/2120 2122/2263/2122 2077/2252/2111 2076/2251/2110
f 2120/2262/2121 2121/2261/2120 2076/2251/2110 2075/2250/2109
f 2068/2232/2091 2120/2262/2121 2075/2250/2109 2039/2233/2092
f 2067/2231/2090 2117/2258/2117 2120/2262/2121 2068/2232/2091
f 2066/2230/2089 2114/2255/2114 2117/2258/2117 2067/2231/2090
f 2153/2264/2123 2159/2265/2124 2130/2266/2125 2124/2267/2126
f 2167/2268/2127 2173/2269/2128 2160/2270/2129 2152/2271/2130
s 0
f 2172/2272/2131 2144/2273/804 2131/2273/2132 2158/2272/2133
s 1
f 2125/2274/2134 2132/2275/2135 2146/2276/2136 2138/2277/2137
f 2139/2278/2138 2145/2279/2139 2174/2280/2140 2166/2281/2141
f 2123/2282/2142 2126/2283/2143 2127/2284/2144 2129/2285/2145
f 2124/2267/2126 2128/2286/2146 2127/2287/2144 2126/2288/2143
f 2125/2274/2134 2129/2289/2145 2127/2290/2144 2128/2291/2146
f 2130/2266/2125 2133/2292/2147 2134/2293/2148 2136/2294/2149
f 2131/2273/2150 2135/2295/2151 2134/2296/2148 2133/2297/2147
f 2132/2275/2135 2136/2298/2149 2134/2299/2148 2135/2300/2151
f 2137/2301/2152 2140/2302/2153 2141/2303/2154 2143/2304/2155
f 2138/2277/2137 2142/2305/2156 2141/2306/2154 2140/2307/2153
f 2139/2278/2138 2143/2308/2155 2141/2309/2154 2142/2305/2156
f 2144/2273/2157 2147/2310/2158 2148/2311/2159 2150/2312/2160
f 2145/2279/2139 2149/2313/2161 2148/2314/2159 2147/2315/2158
f 2146/2276/2136 2150/2316/2160 2148/2317/2159 2149/2313/2161
f 2151/2318/2162 2154/2319/2163 2155/2320/2164 2157/2321/2165
f 2152/2271/2130 2156/2322/2166 2155/2320/2164 2154/2319/2163
f 2153/2264/2123 2157/2323/2165 2155/2320/2164 2156/2322/2166
f 2158/2272/2167 2161/2324/2168 2162/2325/2169 2164/2326/2170
f 2159/2265/2124 2163/2327/2171 2162/2325/2169 2161/2328/2168
f 2160/2270/2129 2164/2326/2170 2162/2325/2169 2163/2327/2171
f 2165/2329/2172 2168/2330/2173 2169/2331/2174 2171/2332/2175
f 2166/2281/2141 2170/2333/2176 2169/2331/2174 2168/2334/2173
f 2167/2268/2127 2171/2332/2175 2169/2331/2174 2170/2333/2176
f 2172/2272/2177 2175/2335/2178 2176/2336/2179 2178/2337/2180
f 2173/2269/2128 2177/2338/2181 2176/2336/2179 2175/2335/2178
f 2174/2280/2140 2178/2339/2180 2176/2336/2179 2177/2338/2181
f 2137/2301/2152 2123/2282/2142 2129/2285/2145 2140/2302/2153
f 2140/2307/2153 2129/2289/2145 2125/2274/2134 2138/2277/2137
f 2124/2267/2126 2130/2266/2125 2136/2294/2149 2128/2286/2146
f 2128/2291/2146 2136/2298/2149 2132/2275/2135 2125/2274/2134
f 2131/2273/2150 2144/2273/2157 2150/2312/2160 2135/2295/2151
f 2135/2300/2151 2150/2316/2160 2146/2276/2136 2132/2275/2135
f 2145/2279/2139 2139/2278/2138 2142/2305/2156 2149/2313/2161
f 2149/2313/2161 2142/2305/2156 2138/2277/2137 2146/2276/2136
f 2165/2329/2172 2137/2301/2152 2143/2304/2155 2168/2330/2173
f 2168/2334/2173 2143/2308/2155 2139/2278/2138 2166/2281/2141
f 2144/2273/2157 2172/2272/2177 2178/2337/2180 2147/2310/2158
f 2147/2315/2158 2178/2339/2180 2174/2280/2140 2145/2279/2139
f 2173/2269/2128 2167/2268/2127 2170/2333/2176 2177/2338/2181
f 2177/2338/2181 2170/2333/2176 2166/2281/2141 2174/2280/2140
f 2151/2318/2162 2165/2329/2172 2171/2332/2175 2154/2319/2163
f 2154/2319/2163 2171/2332/2175 2167/2268/2127 2152/2271/2130
f 2172/2272/2177 2158/2272/2167 2164/2326/2170 2175/2335/2178
f 2175/2335/2178 2164/2326/2170 2160/2270/2129 2173/2269/2128
f 2159/2265/2124 2153/2264/2123 2156/2322/2166 2163/2327/2171
f 2163/2327/2171 2156/2322/2166 2152/2271/2130 2160/2270/2129
f 2123/2282/2142 2151/2318/2162 2157/2321/2165 2126/2283/2143
f 2126/2288/2143 2157/2323/2165 2153/2264/2123 2124/2267/2126
f 2158/2272/2167 2131/2273/2150 2133/2297/2147 2161/2324/2168
f 2161/2328/2168 2133/2292/2147 2130/2266/2125 2159/2265/2124
f 2137/2301/2152 2165/2329/2172 2151/2318/2162 2123/2282/2142
f 2298/2340/2182 2299/2341/2183 2302/2342/2184 2301/2343/2185
f 2299/2341/2183 2300/2344/2186 2303/2345/2187 2302/2342/2184
f 2301/2343/2185 2302/2342/2184 2305/2346/2188 2304/2347/2189
f 2302/2342/2184 2303/2345/2187 2306/2348/2190 2305/2346/2188
f 2194/2349/2191 2276/2350/2192 2298/2340/2182 2238/2351/2193
f 2276/2350/2192 2275/2352/2194 2299/2341/2183 2298/2340/2182
f 2275/2352/2194 2274/2353/2195 2300/2344/2186 2299/2341/2183
f 2274/2354/2195 2188/2355/2196 2199/2356/2197 2300/2357/2186
f 2300/2344/2186 2199/2358/2197 2200/2359/2198 2303/2345/2187
f 2303/2345/2187 2200/2359/2198 2201/2360/2199 2306/2348/2190
f 2306/2348/2190 2201/2360/2199 2182/2361/2200 2229/2362/2201
f 2305/2346/2188 2306/2348/2190 2229/2362/2201 2230/2363/2202
f 2304/2347/2189 2305/2346/2188 2230/2363/2202 2231/2364/2203
f 2240/2365/2204 2304/2347/2189 2231/2364/2203 2185/2366/2205
f 2239/2367/2206 2301/2343/2185 2304/2347/2189 2240/2365/2204
f 2238/2351/2193 2298/2340/2182 2301/2343/2185 2239/2367/2206
f 2307/2368/2207 2308/2369/2208 2311/2370/2209 2310/2371/2210
f 2308/2369/2208 2309/2372/2211 2312/2373/2212 2311/2370/2209
f 2310/2371/2210 2311/2370/2209 2314/2374/2213 2313/2375/2214
f 2311/2370/2209 2312/2373/2212 2315/2376/2215 2314/2374/2213
f 2185/2366/2205 2231/2364/2203 2307/2368/2207 2235/2377/2216
f 2231/2364/2203 2230/2363/2202 2308/2369/2208 2307/2368/2207
f 2230/2363/2202 2229/2362/2201 2309/2372/2211 2308/2369/2208
f 2229/2362/2201 2182/2361/2200 2208/2378/2217 2309/2372/2211
f 2309/2372/2211 2208/2378/2217 2209/2379/2218 2312/2373/2212
f 2312/2373/2212 2209/2379/2218 2210/2380/2219 2315/2376/2215
f 2315/2376/2215 2210/2380/2219 2180/2381/2220 2232/2382/2221
f 2314/2374/2213 2315/2376/2215 2232/2382/2221 2233/2383/2222
f 2313/2375/2214 2314/2374/2213 2233/2383/2222 2234/2384/2223
f 2237/2385/2224 2313/2375/2214 2234/2384/2223 2186/2386/2225
f 2236/2387/2226 2310/2371/2210 2313/2375/2214 2237/2385/2224
f 2235/2377/2216 2307/2368/2207 2310/2371/2210 2236/2387/2226
f 2316/2388/2227 2317/2389/2228 2320/2390/2229 2319/2391/2230
f 2317/2389/2228 2318/2392/2231 2321/2393/2232 2320/2390/2229
f 2319/2391/2230 2320/2390/2229 2323/2394/2233 2322/2395/2234
f 2320/2390/2229 2321/2393/2232 2324/2396/2235 2323/2394/2233
f 2187/2397/2236 2243/2398/2237 2316/2388/2227 2268/2399/2238
f 2243/2398/2237 2242/2400/2239 2317/2389/2228 2316/2388/2227
f 2242/2400/2239 2241/2401/2240 2318/2392/2231 2317/2389/2228
f 2241/2401/2240 2181/2402/2241 2207/2403/2242 2318/2392/2231
f 2318/2392/2231 2207/2403/2242 2206/2404/2243 2321/2393/2232
f 2321/2393/2232 2206/2404/2243 2205/2405/2244 2324/2396/2235
f 2324/2396/2235 2205/2405/2244 2179/2406/2245 2216/2407/2246
f 2323/2394/2233 2324/2396/2235 2216/2407/2246 2215/2408/2247
f 2322/2395/2234 2323/2394/2233 2215/2408/2247 2214/2409/2248
f 2270/2410/2249 2322/2395/2234 2214/2409/2248 2189/2411/2250
f 2269/2412/2251 2319/2391/2230 2322/2395/2234 2270/2410/2249
f 2268/2399/2238 2316/2388/2227 2319/2391/2230 2269/2412/2251
f 2325/2413/2252 2326/2414/2253 2329/2415/2254 2328/2416/2255
f 2326/2414/2253 2327/2417/2256 2330/2418/2257 2329/2415/2254
f 2328/2416/2255 2329/2415/2254 2332/2419/2258 2331/2420/2259
f 2329/2415/2254 2330/2418/2257 2333/2421/2260 2332/2419/2258
f 2181/2402/2241 2204/2422/2261 2325/2413/2252 2207/2403/2242
f 2204/2422/2261 2203/2423/2262 2326/2414/2253 2325/2413/2252
f 2203/2423/2262 2202/2424/2263 2327/2417/2256 2326/2414/2253
f 2202/2424/2263 2183/2425/2264 2223/2426/2265 2327/2417/2256
f 2327/2417/2256 2223/2426/2265 2224/2427/2266 2330/2418/2257
f 2330/2418/2257 2224/2427/2266 2225/2428/2267 2333/2421/2260
f 2333/2421/2260 2225/2428/2267 2184/2429/2268 2211/2430/2269
f 2332/2419/2258 2333/2421/2260 2211/2430/2269 2212/2431/2270
f 2331/2420/2259 2332/2419/2258 2212/2431/2270 2213/2432/2271
f 2205/2405/2244 2331/2420/2259 2213/2432/2271 2179/2406/2245
f 2206/2404/2243 2328/2416/2255 2331/2420/2259 2205/2405/2244
f 2207/2403/2242 2325/2413/2252 2328/2416/2255 2206/2404/2243
f 2334/2433/2272 2335/2434/2273 2338/2435/2274 2337/2436/2275
f 2335/2434/2273 2336/2437/2276 2339/2438/2277 2338/2435/2274
f 2337/2436/2275 2338/2435/2274 2341/2439/2278 2340/2440/2279
f 2338/2435/2274 2339/2438/2277 2342/2441/2280 2341/2439/2278
f 2187/2442/2236 2261/2443/2281 2334/2433/2272 2243/2444/2237
f 2261/2443/2281 2260/2445/2282 2335/2434/2273 2334/2433/2272
f 2260/2445/2282 2259/2446/2283 2336/2437/2276 2335/2434/2273
f 2259/2446/2283 2192/2447/2284 2226/2448/2285 2336/2437/2276
f 2336/2437/2276 2226/2448/2285 2227/2449/2286 2339/2438/2277
f 2339/2438/2277 2227/2449/2286 2228/2450/2287 2342/2441/2280
f 2342/2441/2280 2228/2450/2287 2183/2425/2264 2202/2424/2263
f 2341/2439/2278 2342/2441/2280 2202/2424/2263 2203/2423/2262
f 2340/2440/2279 2341/2439/2278 2203/2423/2262 2204/2422/2261
f 2241/2451/2240 2340/2440/2279 2204/2422/2261 2181/2402/2241
f 2242/2452/2239 2337/2436/2275 2340/2440/2279 2241/2451/2240
f 2243/2444/2237 2334/2433/2272 2337/2436/2275 2242/2452/2239
f 2343/2453/2288 2344/2454/2289 2347/2455/2290 2346/2456/2291
f 2344/2454/2289 2345/2457/2292 2348/2458/2293 2347/2455/2290
f 2346/2456/2291 2347/2455/2290 2350/2459/2294 2349/2460/2295
f 2347/2455/2290 2348/2458/2293 2351/2461/2296 2350/2459/2294
f 2195/2462/2297 2279/2463/2298 2343/2453/2288 2295/2464/2299
f 2279/2463/2298 2278/2465/2300 2344/2454/2289 2343/2453/2288
f 2278/2465/2300 2277/2466/2301 2345/2457/2292 2344/2454/2289
f 2277/2466/2301 2185/2366/2205 2235/2377/2216 2345/2457/2292
f 2345/2457/2292 2235/2377/2216 2236/2387/2226 2348/2458/2293
f 2348/2458/2293 2236/2387/2226 2237/2385/2224 2351/2461/2296
f 2351/2461/2296 2237/2385/2224 2186/2386/2225 2280/2467/2302
f 2350/2459/2294 2351/2461/2296 2280/2467/2302 2281/2468/2303
f 2349/2460/2295 2350/2459/2294 2281/2468/2303 2282/2469/2304
f 2297/2470/2305 2349/2460/2295 2282/2469/2304 2196/2471/2306
f 2296/2472/2307 2346/2456/2291 2349/2460/2295 2297/2470/2305
f 2295/2464/2299 2343/2453/2288 2346/2456/2291 2296/2472/2307
f 2352/2473/2308 2353/2474/2309 2356/2475/2310 2355/2476/2311
f 2353/2474/2309 2354/2477/2312 2357/2478/2313 2356/2475/2310
f 2355/2476/2311 2356/2475/2310 2359/2479/2314 2358/2480/2315
f 2356/2475/2310 2357/2478/2313 2360/2481/2316 2359/2479/2314
f 2197/2482/2317 2285/2483/2318 2352/2473/2308 2292/2484/2319
f 2285/2483/2318 2284/2485/2320 2353/2474/2309 2352/2473/2308
f 2284/2485/2320 2283/2486/2321 2354/2477/2312 2353/2474/2309
f 2283/2486/2321 2194/2349/2191 2238/2351/2193 2354/2477/2312
f 2354/2477/2312 2238/2351/2193 2239/2367/2206 2357/2478/2313
f 2357/2478/2313 2239/2367/2206 2240/2365/2204 2360/2481/2316
f 2360/2481/2316 2240/2365/2204 2185/2366/2205 2277/2466/2301
f 2359/2479/2314 2360/2481/2316 2277/2466/2301 2278/2465/2300
f 2358/2480/2315 2359/2479/2314 2278/2465/2300 2279/2463/2298
f 2294/2487/2322 2358/2480/2315 2279/2463/2298 2195/2462/2297
f 2293/2488/2323 2355/2476/2311 2358/2480/2315 2294/2487/2322
f 2292/2484/2319 2352/2473/2308 2355/2476/2311 2293/2488/2323
f 2361/2489/2324 2362/2490/2325 2365/2491/2326 2364/2492/2327
f 2362/2490/2325 2363/2493/2328 2366/2494/2329 2365/2491/2326
f 2364/2492/2327 2365/2491/2326 2368/2495/2330 2367/2496/2331
f 2365/2491/2326 2366/2494/2329 2369/2497/2332 2368/2495/2330
f 2196/2471/2306 2282/2469/2304 2361/2489/2324 2289/2498/2333
f 2282/2469/2304 2281/2468/2303 2362/2490/2325 2361/2489/2324
f 2281/2468/2303 2280/2467/2302 2363/2493/2328 2362/2490/2325
f 2280/2467/2302 2186/2386/2225 2250/2499/2334 2363/2493/2328
f 2363/2493/2328 2250/2499/2334 2251/2500/2335 2366/2494/2329
f 2366/2494/2329 2251/2500/2335 2252/2501/2336 2369/2497/2332
f 2369/2497/2332 2252/2501/2336 2193/2502/2337 2286/2503/2338
f 2368/2495/2330 2369/2497/2332 2286/2503/2338 2287/2504/2339
f 2367/2496/2331 2368/2495/2330 2287/2504/2339 2288/2505/2340
f 2291/2506/2341 2367/2496/2331 2288/2505/2340 2198/2507/2342
f 2290/2508/2343 2364/2492/2327 2367/2496/2331 2291/2506/2341
f 2289/2498/2333 2361/2489/2324 2364/2492/2327 2290/2508/2343
f 2370/2509/2344 2371/2510/2345 2374/2511/2346 2373/2512/2347
f 2371/2510/2345 2372/2513/2348 2375/2514/2349 2374/2511/2346
f 2373/2512/2347 2374/2511/2346 2377/2515/2350 2376/2516/2351
f 2374/2511/2346 2375/2514/2349 2378/2517/2352 2377/2515/2350
f 2179/2406/2245 2213/2432/2271 2370/2509/2344 2216/2518/2246
f 2213/2432/2271 2212/2431/2270 2371/2510/2345 2370/2509/2344
f 2212/2431/2270 2211/2430/2269 2372/2513/2348 2371/2510/2345
f 2211/2430/2269 2184/2429/2268 2247/2519/2353 2372/2513/2348
f 2372/2513/2348 2247/2519/2353 2248/2520/2354 2375/2514/2349
f 2375/2514/2349 2248/2520/2354 2249/2521/2355 2378/2517/2352
f 2378/2517/2352 2249/2521/2355 2191/2522/2356 2262/2523/2357
f 2377/2515/2350 2378/2517/2352 2262/2523/2357 2263/2524/2358
f 2376/2516/2351 2377/2515/2350 2263/2524/2358 2264/2525/2359
f 2214/2526/2248 2376/2516/2351 2264/2525/2359 2189/2527/2250
f 2215/2528/2247 2373/2512/2347 2376/2516/2351 2214/2526/2248
f 2216/2518/2246 2370/2509/2344 2373/2512/2347 2215/2528/2247
f 2379/2529/2360 2380/2530/2361 2383/2531/2362 2382/2532/2363
f 2380/2530/2361 2381/2533/2364 2384/2534/2365 2383/2531/2362
f 2382/2532/2363 2383/2531/2362 2386/2535/2366 2385/2536/2367
f 2383/2531/2362 2384/2534/2365 2387/2537/2368 2386/2535/2366
f 2182/2361/2200 2201/2538/2199 2379/2529/2360 2208/2378/2217
f 2201/2538/2199 2200/2539/2198 2380/2530/2361 2379/2529/2360
f 2200/2539/2198 2199/2540/2197 2381/2533/2364 2380/2530/2361
f 2199/2541/2197 2188/2542/2196 2265/2543/2369 2381/2544/2364
f 2381/2544/2364 2265/2543/2369 2266/2545/2370 2384/2546/2365
f 2384/2546/2365 2266/2545/2370 2267/2547/2371 2387/2548/2368
f 2387/2548/2368 2267/2547/2371 2190/2549/2372 2246/2550/2373
f 2386/2535/2366 2387/2537/2368 2246/2551/2373 2245/2552/2374
f 2385/2536/2367 2386/2535/2366 2245/2552/2374 2244/2553/2375
f 2210/2380/2219 2385/2536/2367 2244/2553/2375 2180/2381/2220
f 2209/2379/2218 2382/2532/2363 2385/2536/2367 2210/2380/2219
f 2208/2378/2217 2379/2529/2360 2382/2532/2363 2209/2379/2218
f 2388/2554/2376 2389/2555/2377 2392/2556/2378 2391/2557/2379
f 2389/2555/2377 2390/2558/2380 2393/2559/2381 2392/2556/2378
f 2391/2557/2379 2392/2556/2378 2395/2560/2382 2394/2561/2383
f 2392/2556/2378 2393/2559/2381 2396/2562/2384 2395/2560/2382
f 2186/2386/2225 2234/2384/2223 2388/2554/2376 2250/2499/2334
f 2234/2384/2223 2233/2383/2222 2389/2555/2377 2388/2554/2376
f 2233/2383/2222 2232/2382/2221 2390/2558/2380 2389/2555/2377
f 2232/2382/2221 2180/2381/2220 2244/2563/2375 2390/2558/2380
f 2390/2558/2380 2244/2563/2375 2245/2564/2374 2393/2559/2381
f 2393/2559/2381 2245/2564/2374 2246/2565/2373 2396/2562/2384
f 2396/2566/2384 2246/2567/2373 2190/2568/2372 2271/2569/2385
f 2395/2570/2382 2396/2566/2384 2271/2569/2385 2272/2571/2386
f 2394/2572/2383 2395/2570/2382 2272/2571/2386 2273/2573/2387
f 2252/2574/2336 2394/2572/2383 2273/2573/2387 2193/2575/2337
f 2251/2500/2335 2391/2557/2379 2394/2561/2383 2252/2501/2336
f 2250/2499/2334 2388/2554/2376 2391/2557/2379 2251/2500/2335
f 2397/2576/2388 2398/2577/2389 2401/2578/2390 2400/2579/2391
f 2398/2577/2389 2399/2580/2392 2402/2581/2393 2401/2578/2390
f 2400/2579/2391 2401/2578/2390 2404/2582/2394 2403/2583/2395
f 2401/2578/2390 2402/2581/2393 2405/2584/2396 2404/2582/2394
f 2184/2429/2268 2222/2585/2397 2397/2576/2388 2247/2519/2353
f 2222/2585/2397 2221/2586/2398 2398/2577/2389 2397/2576/2388
f 2221/2586/2398 2220/2587/2399 2399/2580/2392 2398/2577/2389
f 2220/2587/2399 2196/2471/2306 2289/2498/2333 2399/2580/2392
f 2399/2580/2392 2289/2498/2333 2290/2508/2343 2402/2581/2393
f 2402/2581/2393 2290/2508/2343 2291/2506/2341 2405/2584/2396
f 2405/2584/2396 2291/2506/2341 2198/2507/2342 2256/2588/2400
f 2404/2582/2394 2405/2584/2396 2256/2588/2400 2257/2589/2401
f 2403/2583/2395 2404/2582/2394 2257/2589/2401 2258/2590/2402
f 2249/2521/2355 2403/2583/2395 2258/2590/2402 2191/2522/2356
f 2248/2520/2354 2400/2579/2391 2403/2583/2395 2249/2521/2355
f 2247/2519/2353 2397/2576/2388 2400/2579/2391 2248/2520/2354
f 2406/2591/2403 2407/2592/2404 2410/2593/2405 2409/2594/2406
f 2407/2592/2404 2408/2595/2407 2411/2596/2408 2410/2593/2405
f 2409/2594/2406 2410/2593/2405 2413/2597/2409 2412/2598/2410
f 2410/2593/2405 2411/2596/2408 2414/2599/2411 2413/2597/2409
f 2192/2447/2284 2255/2600/2412 2406/2591/2403 2226/2448/2285
f 2255/2600/2412 2254/2601/2413 2407/2592/2404 2406/2591/2403
f 2254/2601/2413 2253/2602/2414 2408/2595/2407 2407/2592/2404
f 2253/2602/2414 2197/2482/2317 2292/2484/2319 2408/2595/2407
f 2408/2595/2407 2292/2484/2319 2293/2488/2323 2411/2596/2408
f 2411/2596/2408 2293/2488/2323 2294/2487/2322 2414/2599/2411
f 2414/2599/2411 2294/2487/2322 2195/2462/2297 2217/2603/2415
f 2413/2597/2409 2414/2599/2411 2217/2603/2415 2218/2604/2416
f 2412/2598/2410 2413/2597/2409 2218/2604/2416 2219/2605/2417
f 2228/2450/2287 2412/2598/2410 2219/2605/2417 2183/2425/2264
f 2227/2449/2286 2409/2594/2406 2412/2598/2410 2228/2450/2287
f 2226/2448/2285 2406/2591/2403 2409/2594/2406 2227/2449/2286
f 2415/2606/2418 2416/2607/2419 2419/2608/2420 2418/2609/2421
f 2416/2607/2419 2417/2610/2422 2420/2611/2423 2419/2608/2420
f 2418/2609/2421 2419/2608/2420 2422/2612/2424 2421/2613/2425
f 2419/2608/2420 2420/2611/2423 2423/2614/2426 2422/2612/2424
f 2183/2425/2264 2219/2605/2417 2415/2606/2418 2223/2426/2265
f 2219/2605/2417 2218/2604/2416 2416/2607/2419 2415/2606/2418
f 2218/2604/2416 2217/2603/2415 2417/2610/2422 2416/2607/2419
f 2217/2603/2415 2195/2462/2297 2295/2464/2299 2417/2610/2422
f 2417/2610/2422 2295/2464/2299 2296/2472/2307 2420/2611/2423
f 2420/2611/2423 2296/2472/2307 2297/2470/2305 2423/2614/2426
f 2423/2614/2426 2297/2470/2305 2196/2471/2306 2220/2587/2399
f 2422/2612/2424 2423/2614/2426 2220/2587/2399 2221/2586/2398
f 2421/2613/2425 2422/2612/2424 2221/2586/2398 2222/2585/2397
f 2225/2428/2267 2421/2613/2425 2222/2585/2397 2184/2429/2268
f 2224/2427/2266 2418/2609/2421 2421/2613/2425 2225/2428/2267
f 2223/2426/2265 2415/2606/2418 2418/2609/2421 2224/2427/2266
f 2503/2340/2427 2506/2343/2428 2507/2342/2429 2504/2341/2430
f 2504/2341/2430 2507/2342/2429 2508/2345/2431 2505/2344/2432
f 2506/2343/2428 2509/2347/2433 2510/2346/2434 2507/2342/2429
f 2507/2342/2429 2510/2346/2434 2511/2348/2435 2508/2345/2431
f 2194/2349/2191 2473/2351/2436 2503/2340/2427 2276/2350/2192
f 2276/2350/2192 2503/2340/2427 2504/2341/2430 2275/2352/2194
f 2275/2352/2194 2504/2341/2430 2505/2344/2432 2274/2353/2195
f 2274/2354/2195 2505/2357/2432 2434/2356/2437 2188/2355/2196
f 2505/2344/2432 2508/2345/2431 2435/2359/2438 2434/2358/2437
f 2508/2345/2431 2511/2348/2435 2436/2360/2439 2435/2359/2438
f 2511/2348/2435 2464/2362/2440 2427/2361/2441 2436/2360/2439
f 2510/2346/2434 2465/2363/2442 2464/2362/2440 2511/2348/2435
f 2509/2347/2433 2466/2364/2443 2465/2363/2442 2510/2346/2434
f 2475/2365/2444 2430/2366/2445 2466/2364/2443 2509/2347/2433
f 2474/2367/2446 2475/2365/2444 2509/2347/2433 2506/2343/2428
f 2473/2351/2436 2474/2367/2446 2506/2343/2428 2503/2340/2427
f 2512/2368/2447 2515/2371/2448 2516/2370/2449 2513/2369/2450
f 2513/2369/2450 2516/2370/2449 2517/2373/2451 2514/2372/2452
f 2515/2371/2448 2518/2375/2453 2519/2374/2454 2516/2370/2449
f 2516/2370/2449 2519/2374/2454 2520/2376/2455 2517/2373/2451
f 2430/2366/2445 2470/2377/2456 2512/2368/2447 2466/2364/2443
f 2466/2364/2443 2512/2368/2447 2513/2369/2450 2465/2363/2442
f 2465/2363/2442 2513/2369/2450 2514/2372/2452 2464/2362/2440
f 2464/2362/2440 2514/2372/2452 2443/2378/2457 2427/2361/2441
f 2514/2372/2452 2517/2373/2451 2444/2379/2458 2443/2378/2457
f 2517/2373/2451 2520/2376/2455 2445/2380/2459 2444/2379/2458
f 2520/2376/2455 2467/2382/2460 2425/2381/2461 2445/2380/2459
f 2519/2374/2454 2468/2383/2462 2467/2382/2460 2520/2376/2455
f 2518/2375/2453 2469/2384/2463 2468/2383/2462 2519/2374/2454
f 2472/2385/2464 2431/2386/2465 2469/2384/2463 2518/2375/2453
f 2471/2387/2466 2472/2385/2464 2518/2375/2453 2515/2371/2448
f 2470/2377/2456 2471/2387/2466 2515/2371/2448 2512/2368/2447
f 2521/2388/2467 2524/2391/2468 2525/2390/2469 2522/2389/2470
f 2522/2389/2470 2525/2390/2469 2526/2393/2471 2523/2392/2472
f 2524/2391/2468 2527/2395/2473 2528/2394/2474 2525/2390/2469
f 2525/2390/2469 2528/2394/2474 2529/2396/2475 2526/2393/2471
f 2187/2397/2236 2268/2399/2238 2521/2388/2467 2478/2398/2476
f 2478/2398/2476 2521/2388/2467 2522/2389/2470 2477/2400/2477
f 2477/2400/2477 2522/2389/2470 2523/2392/2472 2476/2401/2478
f 2476/2401/2478 2523/2392/2472 2442/2403/2479 2426/2402/2480
f 2523/2392/2472 2526/2393/2471 2441/2404/2481 2442/2403/2479
f 2526/2393/2471 2529/2396/2475 2440/2405/2482 2441/2404/2481
f 2529/2396/2475 2451/2407/2483 2424/2406/2484 2440/2405/2482
f 2528/2394/2474 2450/2408/2485 2451/2407/2483 2529/2396/2475
f 2527/2395/2473 2449/2409/2486 2450/2408/2485 2528/2394/2474
f 2270/2410/2249 2189/2411/2250 2449/2409/2486 2527/2395/2473
f 2269/2412/2251 2270/2410/2249 2527/2395/2473 2524/2391/2468
f 2268/2399/2238 2269/2412/2251 2524/2391/2468 2521/2388/2467
f 2530/2413/2487 2533/2416/2488 2534/2415/2489 2531/2414/2490
f 2531/2414/2490 2534/2415/2489 2535/2418/2491 2532/2417/2492
f 2533/2416/2488 2536/2420/2493 2537/2419/2494 2534/2415/2489
f 2534/2415/2489 2537/2419/2494 2538/2421/2495 2535/2418/2491
f 2426/2402/2480 2442/2403/2479 2530/2413/2487 2439/2422/2496
f 2439/2422/2496 2530/2413/2487 2531/2414/2490 2438/2423/2497
f 2438/2423/2497 2531/2414/2490 2532/2417/2492 2437/2424/2498
f 2437/2424/2498 2532/2417/2492 2458/2426/2499 2428/2425/2500
f 2532/2417/2492 2535/2418/2491 2459/2427/2501 2458/2426/2499
f 2535/2418/2491 2538/2421/2495 2460/2428/2502 2459/2427/2501
f 2538/2421/2495 2446/2430/2503 2429/2429/2504 2460/2428/2502
f 2537/2419/2494 2447/2431/2505 2446/2430/2503 2538/2421/2495
f 2536/2420/2493 2448/2432/2506 2447/2431/2505 2537/2419/2494
f 2440/2405/2482 2424/2406/2484 2448/2432/2506 2536/2420/2493
f 2441/2404/2481 2440/2405/2482 2536/2420/2493 2533/2416/2488
f 2442/2403/2479 2441/2404/2481 2533/2416/2488 2530/2413/2487
f 2539/2433/2507 2542/2436/2508 2543/2435/2509 2540/2434/2510
f 2540/2434/2510 2543/2435/2509 2544/2438/2511 2541/2437/2512
f 2542/2436/2508 2545/2440/2513 2546/2439/2514 2543/2435/2509
f 2543/2435/2509 2546/2439/2514 2547/2441/2515 2544/2438/2511
f 2187/2442/2236 2478/2444/2476 2539/2433/2507 2261/2443/2281
f 2261/2443/2281 2539/2433/2507 2540/2434/2510 2260/2445/2282
f 2260/2445/2282 2540/2434/2510 2541/2437/2512 2259/2446/2283
f 2259/2446/2283 2541/2437/2512 2461/2448/2516 2192/2447/2284
f 2541/2437/2512 2544/2438/2511 2462/2449/2517 2461/2448/2516
f 2544/2438/2511 2547/2441/2515 2463/2450/2518 2462/2449/2517
f 2547/2441/2515 2437/2424/2498 2428/2425/2500 2463/2450/2518
f 2546/2439/2514 2438/2423/2497 2437/2424/2498 2547/2441/2515
f 2545/2440/2513 2439/2422/2496 2438/2423/2497 2546/2439/2514
f 2476/2451/2478 2426/2402/2480 2439/2422/2496 2545/2440/2513
f 2477/2452/2477 2476/2451/2478 2545/2440/2513 2542/2436/2508
f 2478/2444/2476 2477/2452/2477 2542/2436/2508 2539/2433/2507
f 2548/2453/2519 2551/2456/2520 2552/2455/2521 2549/2454/2522
f 2549/2454/2522 2552/2455/2521 2553/2458/2523 2550/2457/2524
f 2551/2456/2520 2554/2460/2525 2555/2459/2526 2552/2455/2521
f 2552/2455/2521 2555/2459/2526 2556/2461/2527 2553/2458/2523
f 2432/2462/2528 2500/2464/2529 2548/2453/2519 2490/2463/2530
f 2490/2463/2530 2548/2453/2519 2549/2454/2522 2489/2465/2531
f 2489/2465/2531 2549/2454/2522 2550/2457/2524 2488/2466/2532
f 2488/2466/2532 2550/2457/2524 2470/2377/2456 2430/2366/2445
f 2550/2457/2524 2553/2458/2523 2471/2387/2466 2470/2377/2456
f 2553/2458/2523 2556/2461/2527 2472/2385/2464 2471/2387/2466
f 2556/2461/2527 2491/2467/2533 2431/2386/2465 2472/2385/2464
f 2555/2459/2526 2492/2468/2534 2491/2467/2533 2556/2461/2527
f 2554/2460/2525 2493/2469/2535 2492/2468/2534 2555/2459/2526
f 2502/2470/2536 2433/2471/2537 2493/2469/2535 2554/2460/2525
f 2501/2472/2538 2502/2470/2536 2554/2460/2525 2551/2456/2520
f 2500/2464/2529 2501/2472/2538 2551/2456/2520 2548/2453/2519
f 2557/2473/2539 2560/2476/2540 2561/2475/2541 2558/2474/2542
f 2558/2474/2542 2561/2475/2541 2562/2478/2543 2559/2477/2544
f 2560/2476/2540 2563/2480/2545 2564/2479/2546 2561/2475/2541
f 2561/2475/2541 2564/2479/2546 2565/2481/2547 2562/2478/2543
f 2197/2482/2317 2497/2484/2548 2557/2473/2539 2285/2483/2318
f 2285/2483/2318 2557/2473/2539 2558/2474/2542 2284/2485/2320
f 2284/2485/2320 2558/2474/2542 2559/2477/2544 2283/2486/2321
f 2283/2486/2321 2559/2477/2544 2473/2351/2436 2194/2349/2191
f 2559/2477/2544 2562/2478/2543 2474/2367/2446 2473/2351/2436
f 2562/2478/2543 2565/2481/2547 2475/2365/2444 2474/2367/2446
f 2565/2481/2547 2488/2466/2532 2430/2366/2445 2475/2365/2444
f 2564/2479/2546 2489/2465/2531 2488/2466/2532 2565/2481/2547
f 2563/2480/2545 2490/2463/2530 2489/2465/2531 2564/2479/2546
f 2499/2487/2549 2432/2462/2528 2490/2463/2530 2563/2480/2545
f 2498/2488/2550 2499/2487/2549 2563/2480/2545 2560/2476/2540
f 2497/2484/2548 2498/2488/2550 2560/2476/2540 2557/2473/2539
f 2566/2489/2551 2569/2492/2552 2570/2491/2553 2567/2490/2554
f 2567/2490/2554 2570/2491/2553 2571/2494/2555 2568/2493/2556
f 2569/2492/2552 2572/2496/2557 2573/2495/2558 2570/2491/2553
f 2570/2491/2553 2573/2495/2558 2574/2497/2559 2571/2494/2555
f 2433/2471/2537 2494/2498/2560 2566/2489/2551 2493/2469/2535
f 2493/2469/2535 2566/2489/2551 2567/2490/2554 2492/2468/2534
f 2492/2468/2534 2567/2490/2554 2568/2493/2556 2491/2467/2533
f 2491/2467/2533 2568/2493/2556 2485/2499/2561 2431/2386/2465
f 2568/2493/2556 2571/2494/2555 2486/2500/2562 2485/2499/2561
f 2571/2494/2555 2574/2497/2559 2487/2501/2563 2486/2500/2562
f 2574/2615/2559 2286/2616/2338 2193/2575/2337 2487/2574/2563
f 2573/2495/2558 2287/2504/2339 2286/2503/2338 2574/2497/2559
f 2572/2496/2557 2288/2505/2340 2287/2504/2339 2573/2495/2558
f 2496/2506/2564 2198/2507/2342 2288/2505/2340 2572/2496/2557
f 2495/2508/2565 2496/2506/2564 2572/2496/2557 2569/2492/2552
f 2494/2498/2560 2495/2508/2565 2569/2492/2552 2566/2489/2551
f 2575/2509/2566 2578/2512/2567 2579/2511/2568 2576/2510/2569
f 2576/2510/2569 2579/2511/2568 2580/2514/2570 2577/2513/2571
f 2578/2512/2567 2581/2516/2572 2582/2515/2573 2579/2511/2568
f 2579/2511/2568 2582/2515/2573 2583/2517/2574 2580/2514/2570
f 2424/2406/2484 2451/2518/2483 2575/2509/2566 2448/2432/2506
f 2448/2432/2506 2575/2509/2566 2576/2510/2569 2447/2431/2505
f 2447/2431/2505 2576/2510/2569 2577/2513/2571 2446/2430/2503
f 2446/2430/2503 2577/2513/2571 2482/2519/2575 2429/2429/2504
f 2577/2513/2571 2580/2514/2570 2483/2520/2576 2482/2519/2575
f 2580/2514/2570 2583/2517/2574 2484/2521/2577 2483/2520/2576
f 2583/2517/2574 2262/2523/2357 2191/2522/2356 2484/2521/2577
f 2582/2515/2573 2263/2524/2358 2262/2523/2357 2583/2517/2574
f 2581/2516/2572 2264/2525/2359 2263/2524/2358 2582/2515/2573
f 2449/2526/2486 2189/2527/2250 2264/2525/2359 2581/2516/2572
f 2450/2528/2485 2449/2526/2486 2581/2516/2572 2578/2512/2567
f 2451/2518/2483 2450/2528/2485 2578/2512/2567 2575/2509/2566
f 2584/2529/2578 2587/2532/2579 2588/2531/2580 2585/2530/2581
f 2585/2530/2581 2588/2531/2580 2589/2534/2582 2586/2533/2583
f 2587/2532/2579 2590/2536/2584 2591/2535/2585 2588/2531/2580
f 2588/2531/2580 2591/2535/2585 2592/2537/2586 2589/2534/2582
f 2427/2361/2441 2443/2378/2457 2584/2529/2578 2436/2538/2439
f 2436/2538/2439 2584/2529/2578 2585/2530/2581 2435/2539/2438
f 2435/2539/2438 2585/2530/2581 2586/2533/2583 2434/2540/2437
f 2434/2541/2437 2586/2544/2583 2265/2543/2369 2188/2542/2196
f 2586/2544/2583 2589/2546/2582 2266/2545/2370 2265/2543/2369
f 2589/2546/2582 2592/2548/2586 2267/2547/2371 2266/2545/2370
f 2592/2548/2586 2481/2550/2587 2190/2549/2372 2267/2547/2371
f 2591/2535/2585 2480/2552/2588 2481/2551/2587 2592/2537/2586
f 2590/2536/2584 2479/2553/2589 2480/2552/2588 2591/2535/2585
f 2445/2380/2459 2425/2381/2461 2479/2553/2589 2590/2536/2584
f 2444/2379/2458 2445/2380/2459 2590/2536/2584 2587/2532/2579
f 2443/2378/2457 2444/2379/2458 2587/2532/2579 2584/2529/2578
f 2593/2554/2590 2596/2557/2591 2597/2556/2592 2594/2555/2593
f 2594/2555/2593 2597/2556/2592 2598/2559/2594 2595/2558/2595
f 2596/2557/2591 2599/2561/2596 2600/2560/2597 2597/2556/2592
f 2597/2556/2592 2600/2560/2597 2601/2562/2598 2598/2559/2594
f 2431/2386/2465 2485/2499/2561 2593/2554/2590 2469/2384/2463
f 2469/2384/2463 2593/2554/2590 2594/2555/2593 2468/2383/2462
f 2468/2383/2462 2594/2555/2593 2595/2558/2595 2467/2382/2460
f 2467/2382/2460 2595/2558/2595 2479/2563/2589 2425/2381/2461
f 2595/2558/2595 2598/2559/2594 2480/2564/2588 2479/2563/2589
f 2598/2559/2594 2601/2562/2598 2481/2565/2587 2480/2564/2588
f 2601/2566/2598 2271/2569/2385 2190/2568/2372 2481/2567/2587
f 2600/2570/2597 2272/2571/2386 2271/2569/2385 2601/2566/2598
f 2599/2572/2596 2273/2573/2387 2272/2571/2386 2600/2570/2597
f 2487/2574/2563 2193/2575/2337 2273/2573/2387 2599/2572/2596
f 2486/2500/2562 2487/2501/2563 2599/2561/2596 2596/2557/2591
f 2485/2499/2561 2486/2500/2562 2596/2557/2591 2593/2554/2590
f 2602/2576/2599 2605/2579/2600 2606/2578/2601 2603/2577/2602
f 2603/2577/2602 2606/2578/2601 2607/2581/2603 2604/2580/2604
f 2605/2579/2600 2608/2583/2605 2609/2582/2606 2606/2578/2601
f 2606/2578/2601 2609/2582/2606 2610/2584/2607 2607/2581/2603
f 2429/2429/2504 2482/2519/2575 2602/2576/2599 2457/2585/2608
f 2457/2585/2608 2602/2576/2599 2603/2577/2602 2456/2586/2609
f 2456/2586/2609 2603/2577/2602 2604/2580/2604 2455/2587/2610
f 2455/2587/2610 2604/2580/2604 2494/2498/2560 2433/2471/2537
f 2604/2580/2604 2607/2581/2603 2495/2508/2565 2494/2498/2560
f 2607/2581/2603 2610/2584/2607 2496/2506/2564 2495/2508/2565
f 2610/2584/2607 2256/2588/2400 2198/2507/2342 2496/2506/2564
f 2609/2582/2606 2257/2589/2401 2256/2588/2400 2610/2584/2607
f 2608/2583/2605 2258/2590/2402 2257/2589/2401 2609/2582/2606
f 2484/2521/2577 2191/2522/2356 2258/2590/2402 2608/2583/2605
f 2483/2520/2576 2484/2521/2577 2608/2583/2605 2605/2579/2600
f 2482/2519/2575 2483/2520/2576 2605/2579/2600 2602/2576/2599
f 2611/2591/2611 2614/2594/2612 2615/2593/2613 2612/2592/2614
f 2612/2592/2614 2615/2593/2613 2616/2596/2615 2613/2595/2616
f 2614/2594/2612 2617/2598/2617 2618/2597/2618 2615/2593/2613
f 2615/2593/2613 2618/2597/2618 2619/2599/2619 2616/2596/2615
f 2192/2447/2284 2461/2448/2516 2611/2591/2611 2255/2600/2412
f 2255/2600/2412 2611/2591/2611 2612/2592/2614 2254/2601/2413
f 2254/2601/2413 2612/2592/2614 2613/2595/2616 2253/2602/2414
f 2253/2602/2414 2613/2595/2616 2497/2484/2548 2197/2482/2317
f 2613/2595/2616 2616/2596/2615 2498/2488/2550 2497/2484/2548
f 2616/2596/2615 2619/2599/2619 2499/2487/2549 2498/2488/2550
f 2619/2599/2619 2452/2603/2620 2432/2462/2528 2499/2487/2549
f 2618/2597/2618 2453/2604/2621 2452/2603/2620 2619/2599/2619
f 2617/2598/2617 2454/2605/2622 2453/2604/2621 2618/2597/2618
f 2463/2450/2518 2428/2425/2500 2454/2605/2622 2617/2598/2617
f 2462/2449/2517 2463/2450/2518 2617/2598/2617 2614/2594/2612
f 2461/2448/2516 2462/2449/2517 2614/2594/2612 2611/2591/2611
f 2620/2606/2623 2623/2609/2624 2624/2608/2625 2621/2607/2626
f 2621/2607/2626 2624/2608/2625 2625/2611/2627 2622/2610/2628
f 2623/2609/2624 2626/2613/2629 2627/2612/2630 2624/2608/2625
f 2624/2608/2625 2627/2612/2630 2628/2614/2631 2625/2611/2627
f 2428/2425/2500 2458/2426/2499 2620/2606/2623 2454/2605/2622
f 2454/2605/2622 2620/2606/2623 2621/2607/2626 2453/2604/2621
f 2453/2604/2621 2621/2607/2626 2622/2610/2628 2452/2603/2620
f 2452/2603/2620 2622/2610/2628 2500/2464/2529 2432/2462/2528
f 2622/2610/2628 2625/2611/2627 2501/2472/2538 2500/2464/2529
f 2625/2611/2627 2628/2614/2631 2502/2470/2536 2501/2472/2538
f 2628/2614/2631 2455/2587/2610 2433/2471/2537 2502/2470/2536
f 2627/2612/2630 2456/2586/2609 2455/2587/2610 2628/2614/2631
f 2626/2613/2629 2457/2585/2608 2456/2586/2609 2627/2612/2630
f 2460/2428/2502 2429/2429/2504 2457/2585/2608 2626/2613/2629
f 2459/2427/2501 2460/2428/2502 2626/2613/2629 2623/2609/2624
f 2458/2426/2499 2459/2427/2501 2623/2609/2624 2620/2606/2623
f 1419/1574/1433 1413/1575/1434 4041/1575/2632 4047/1574/2633
f 1420/1576/1435 1419/1574/1433 4047/1574/2633 4048/1576/2634
f 1421/1563/1422 1420/1576/1435 4048/1576/2634 4049/1563/2635
f 1411/1561/1420 1421/1563/1422 4049/1563/2635 4039/1561/2636
f 1431/1594/1453 1417/1595/1454 4045/1595/2637 4059/1594/2638
f 1432/1596/1455 1431/1594/1453 4059/1594/2638 4060/1596/2639
f 1433/1586/1445 1432/1596/1455 4060/1596/2639 4061/1586/2640
f 1413/1575/1434 1433/1586/1445 4061/1586/2640 4041/1575/2632
f 1440/1614/1473 1415/1615/1474 4043/1615/2641 4068/1614/2642
f 1441/1616/1475 1440/1614/1473 4068/1614/2642 4069/1616/2643
f 1442/1606/1465 1441/1616/1475 4069/1616/2643 4070/1606/2644
f 1417/1595/1454 1442/1606/1465 4070/1606/2644 4045/1595/2637
f 1449/1630/1489 1411/1561/1420 4039/1561/2636 4077/1630/2645
f 1450/1631/1490 1449/1630/1489 4077/1630/2645 4078/1631/2646
f 1451/1626/1485 1450/1631/1490 4078/1631/2646 4079/1626/2647
f 1415/1615/1474 1451/1626/1485 4079/1626/2647 4043/1615/2641
f 1508/1663/1522 1502/1664/1523 4130/1664/2648 4136/1663/2649
f 1509/1665/1524 1508/1663/1522 4136/1663/2649 4137/1665/2650
f 1510/1652/1511 1509/1665/1524 4137/1665/2650 4138/1652/2651
f 1500/1650/1509 1510/1652/1511 4138/1652/2651 4128/1650/2652
f 1520/1683/1542 1506/1684/1543 4134/1684/2653 4148/1683/2654
f 1521/1685/1544 1520/1683/1542 4148/1683/2654 4149/1685/2655
f 1522/1675/1534 1521/1685/1544 4149/1685/2655 4150/1675/2656
f 1502/1664/1523 1522/1675/1534 4150/1675/2656 4130/1664/2648
f 1529/1703/1562 1504/1704/1563 4132/1704/2657 4157/1703/2658
f 1530/1705/1564 1529/1703/1562 4157/1703/2658 4158/1705/2659
f 1531/1695/1554 1530/1705/1564 4158/1705/2659 4159/1695/2660
f 1506/1684/1543 1531/1695/1554 4159/1695/2660 4134/1684/2653
f 1538/1719/1578 1500/1650/1509 4128/1650/2652 4166/1719/2661
f 1539/1720/1579 1538/1719/1578 4166/1719/2661 4167/1720/2662
f 1540/1715/1574 1539/1720/1579 4167/1720/2662 4168/1715/2663
f 1504/1704/1563 1540/1715/1574 4168/1715/2663 4132/1704/2657
f 1597/1752/1611 1591/1753/1612 4219/1753/2664 4225/1752/2665
f 1598/1754/1613 1597/1752/1611 4225/1752/2665 4226/1754/2666
f 1599/1741/1600 1598/1754/1613 4226/1754/2666 4227/1741/2667
f 1589/1739/1598 1599/1741/1600 4227/1741/2667 4217/1739/2668
f 1609/1772/1631 1595/1773/1632 4223/1773/2669 4237/1772/2670
f 1610/1774/1633 1609/1772/1631 4237/1772/2670 4238/1774/2671
f 1611/1764/1623 1610/1774/1633 4238/1774/2671 4239/1764/2672
f 1591/1753/1612 1611/1764/1623 4239/1764/2672 4219/1753/2664
f 1618/1792/1651 1593/1793/1652 4221/1793/2673 4246/1792/2674
f 1619/1794/1653 1618/1792/1651 4246/1792/2674 4247/1794/2675
f 1620/1784/1643 1619/1794/1653 4247/1794/2675 4248/1784/2676
f 1595/1773/1632 1620/1784/1643 4248/1784/2676 4223/1773/2669
f 1627/1808/1667 1589/1739/1598 4217/1739/2668 4255/1808/2677
f 1628/1809/1668 1627/1808/1667 4255/1808/2677 4256/1809/2678
f 1629/1804/1663 1628/1809/1668 4256/1809/2678 4257/1804/2679
f 1593/1793/1652 1629/1804/1663 4257/1804/2679 4221/1793/2673
f 1686/1841/1700 1680/1842/1701 4308/1842/2680 4314/1841/2681
f 1687/1843/1702 1686/1841/1700 4314/1841/2681 4315/1843/2682
f 1688/1830/1689 1687/1843/1702 4315/1843/2682 4316/1830/2683
f 1678/1828/1687 1688/1830/1689 4316/1830/2683 4306/1828/2684
f 1698/1861/1720 1684/1862/1721 4312/1862/2685 4326/1861/2686
f 1699/1863/1722 1698/1861/1720 4326/1861/2686 4327/1863/2687
f 1700/1853/1712 1699/1863/1722 4327/1863/2687 4328/1853/2688
f 1680/1842/1701 1700/1853/1712 4328/1853/2688 4308/1842/2680
f 1707/1881/1740 1682/1882/1741 4310/1882/2689 4335/1881/2690
f 1708/1883/1742 1707/1881/1740 4335/1881/2690 4336/1883/2691
f 1709/1873/1732 1708/1883/1742 4336/1883/2691 4337/1873/2692
f 1684/1862/1721 1709/1873/1732 4337/1873/2692 4312/1862/2685
f 1716/1897/1756 1678/1828/1687 4306/1828/2684 4344/1897/2693
f 1717/1898/1757 1716/1897/1756 4344/1897/2693 4345/1898/2694
f 1718/1893/1752 1717/1898/1757 4345/1898/2694 4346/1893/2695
f 1682/1882/1741 1718/1893/1752 4346/1893/2695 4310/1882/2689
f 1775/1930/1789 1769/1931/1790 4397/1931/2696 4403/1930/2697
f 1776/1932/1791 1775/1930/1789 4403/1930/2697 4404/1932/2698
f 1777/1919/1778 1776/1932/1791 4404/1932/2698 4405/1919/2699
f 1767/1917/1776 1777/1919/1778 4405/1919/2699 4395/1917/2700
f 1787/1950/1809 1773/1951/1810 4401/1951/2701 4415/1950/2702
f 1788/1952/1811 1787/1950/1809 4415/1950/2702 4416/1952/2703
f 1789/1942/1801 1788/1952/1811 4416/1952/2703 4417/1942/2704
f 1769/1931/1790 1789/1942/1801 4417/1942/2704 4397/1931/2696
f 1796/1970/1829 1771/1971/1830 4399/1971/2705 4424/1970/2706
f 1797/1972/1831 1796/1970/1829 4424/1970/2706 4425/1972/2707
f 1798/1962/1821 1797/1972/1831 4425/1972/2707 4426/1962/2708
f 1773/1951/1810 1798/1962/1821 4426/1962/2708 4401/1951/2701
f 1805/1986/1845 1767/1917/1776 4395/1917/2700 4433/1986/2709
f 1806/1987/1846 1805/1986/1845 4433/1986/2709 4434/1987/2710
f 1807/1982/1841 1806/1987/1846 4434/1987/2710 4435/1982/2711
f 1771/1971/1830 1807/1982/1841 4435/1982/2711 4399/1971/2705
f 1864/2019/1878 1858/2020/1879 4486/2020/2712 4492/2019/2713
f 1865/2021/1880 1864/2019/1878 4492/2019/2713 4493/2021/2714
f 1866/2008/1867 1865/2021/1880 4493/2021/2714 4494/2008/2715
f 1856/2006/1865 1866/2008/1867 4494/2008/2715 4484/2006/2716
f 1876/2039/1898 1862/2040/1899 4490/2040/2717 4504/2039/2718
f 1877/2041/1900 1876/2039/1898 4504/2039/2718 4505/2041/2719
f 1878/2031/1890 1877/2041/1900 4505/2041/2719 4506/2031/2720
f 1858/2020/1879 1878/2031/1890 4506/2031/2720 4486/2020/2712
f 1885/2059/1918 1860/2060/1919 4488/2060/2721 4513/2059/2722
f 1886/2061/1920 1885/2059/1918 4513/2059/2722 4514/2061/2723
f 1887/2051/1910 1886/2061/1920 4514/2061/2723 4515/2051/2724
f 1862/2040/1899 1887/2051/1910 4515/2051/2724 4490/2040/2717
f 1894/2075/1934 1856/2006/1865 4484/2006/2716 4522/2075/2725
f 1895/2076/1935 1894/2075/1934 4522/2075/2725 4523/2076/2726
f 1896/2071/1930 1895/2076/1935 4523/2076/2726 4524/2071/2727
f 1860/2060/1919 1896/2071/1930 4524/2071/2727 4488/2060/2721
f 1953/2108/1967 1947/2109/1968 4575/2109/2728 4581/2108/2729
f 1954/2110/1969 1953/2108/1967 4581/2108/2729 4582/2110/2730
f 1955/2097/1956 1954/2110/1969 4582/2110/2730 4583/2097/2731
f 1945/2095/1954 1955/2097/1956 4583/2097/2731 4573/2095/2732
f 1965/2128/1987 1951/2129/1988 4579/2129/2733 4593/2128/2734
f 1966/2130/1989 1965/2128/1987 4593/2128/2734 4594/2130/2735
f 1967/2120/1979 1966/2130/1989 4594/2130/2735 4595/2120/2736
f 1947/2109/1968 1967/2120/1979 4595/2120/2736 4575/2109/2728
f 1974/2148/2007 1949/2149/2008 4577/2149/2737 4602/2148/2738
f 1975/2150/2009 1974/2148/2007 4602/2148/2738 4603/2150/2739
f 1976/2140/1999 1975/2150/2009 4603/2150/2739 4604/2140/2740
f 1951/2129/1988 1976/2140/1999 4604/2140/2740 4579/2129/2733
f 1983/2164/2023 1945/2095/1954 4573/2095/2732 4611/2164/2741
f 1984/2165/2024 1983/2164/2023 4611/2164/2741 4612/2165/2742
f 1985/2160/2019 1984/2165/2024 4612/2165/2742 4613/2160/2743
f 1949/2149/2008 1985/2160/2019 4613/2160/2743 4577/2149/2737
f 2042/2197/2056 2036/2198/2057 4664/2198/2744 4670/2197/2745
f 2043/2199/2058 2042/2197/2056 4670/2197/2745 4671/2199/2746
f 2044/2186/2045 2043/2199/2058 4671/2199/2746 4672/2186/2747
f 2034/2184/2043 2044/2186/2045 4672/2186/2747 4662/2184/2748
f 2054/2217/2076 2040/2218/2077 4668/2218/2749 4682/2217/2750
f 2055/2219/2078 2054/2217/2076 4682/2217/2750 4683/2219/2751
f 2056/2209/2068 2055/2219/2078 4683/2219/2751 4684/2209/2752
f 2036/2198/2057 2056/2209/2068 4684/2209/2752 4664/2198/2744
f 2063/2237/2096 2038/2238/2097 4666/2238/2753 4691/2237/2754
f 2064/2239/2098 2063/2237/2096 4691/2237/2754 4692/2239/2755
f 2065/2229/2088 2064/2239/2098 4692/2239/2755 4693/2229/2756
f 2040/2218/2077 2065/2229/2088 4693/2229/2756 4668/2218/2749
f 2072/2253/2112 2034/2184/2043 4662/2184/2748 4700/2253/2757
f 2073/2254/2113 2072/2253/2112 4700/2253/2757 4701/2254/2758
f 2074/2249/2108 2073/2254/2113 4701/2254/2758 4702/2249/2759
f 2038/2238/2097 2074/2249/2108 4702/2249/2759 4666/2238/2753
usemtl Material.020
f 2961/1/2760 2968/4/2761 2969/3/2762 2962/2/2763
f 2962/2/2763 2969/3/2762 2970/6/2764 2963/5/2765
f 2963/5/2765 2970/6/2764 2971/8/2766 2964/7/2767
f 2964/7/2767 2971/8/2766 2972/10/2768 2965/9/2769
f 2965/9/2769 2972/10/2768 2973/12/2770 2966/11/2771
f 2966/11/2771 2973/12/2770 2974/14/2772 2967/13/2773
f 2968/4/2761 2975/16/2774 2976/15/2775 2969/3/2762
f 2969/3/2762 2976/15/2775 2977/17/2776 2970/6/2764
f 2970/6/2764 2977/17/2776 2978/18/2777 2971/8/2766
f 2971/8/2766 2978/18/2777 2979/19/2778 2972/10/2768
f 2972/10/2768 2979/19/2778 2980/20/2779 2973/12/2770
f 2973/12/2770 2980/20/2779 2981/21/2780 2974/14/2772
f 2975/16/2774 2982/23/2781 2983/22/2782 2976/15/2775
f 2976/15/2775 2983/22/2782 2984/24/2783 2977/17/2776
f 2977/17/2776 2984/24/2783 2985/25/2784 2978/18/2777
f 2978/18/2777 2985/25/2784 2986/26/2785 2979/19/2778
f 2979/19/2778 2986/26/2785 2987/27/2786 2980/20/2779
f 2980/20/2779 2987/27/2786 2988/28/2787 2981/21/2780
f 2982/23/2781 2989/30/2788 2990/29/2789 2983/22/2782
f 2983/22/2782 2990/29/2789 2991/31/2790 2984/24/2783
f 2984/24/2783 2991/31/2790 2992/32/2791 2985/25/2784
f 2985/25/2784 2992/32/2791 2993/33/2792 2986/26/2785
f 2986/26/2785 2993/33/2792 2994/34/2793 2987/27/2786
f 2987/27/2786 2994/34/2793 2995/35/2794 2988/28/2787
f 2989/30/2788 2996/37/2795 2997/36/2796 2990/29/2789
f 2990/29/2789 2997/36/2796 2998/38/2797 2991/31/2790
f 2991/31/2790 2998/38/2797 2999/39/2798 2992/32/2791
f 2992/32/2791 2999/39/2798 3000/40/2799 2993/33/2792
f 2993/33/2792 3000/40/2799 3001/41/2800 2994/34/2793
f 2994/34/2793 3001/41/2800 3002/42/2801 2995/35/2794
f 2996/37/2795 3003/44/2802 3004/43/2803 2997/36/2796
f 2997/36/2796 3004/43/2803 3005/45/2804 2998/38/2797
f 2998/38/2797 3005/45/2804 3006/46/2805 2999/39/2798
f 2999/39/2798 3006/46/2805 3007/47/2806 3000/40/2799
f 3000/40/2799 3007/47/2806 3008/48/2807 3001/41/2800
f 3001/41/2800 3008/48/2807 3009/49/2808 3002/42/2801
f 2645/50/2809 2898/52/2810 2961/1/2760 2660/51/2811
f 2660/51/2811 2961/1/2760 2962/2/2763 2661/53/2812
f 2661/53/2812 2962/2/2763 2963/5/2765 2662/54/2813
f 2662/54/2813 2963/5/2765 2964/7/2767 2663/55/2814
f 2663/55/2814 2964/7/2767 2965/9/2769 2664/56/2815
f 2664/56/2815 2965/9/2769 2966/11/2771 2665/57/2816
f 2665/57/2816 2966/11/2771 2967/13/2773 2666/58/2817
f 2666/58/2817 2967/13/2773 2667/60/2818 2630/59/2819
f 2967/13/2773 2974/14/2772 2668/61/2820 2667/60/2818
f 2974/14/2772 2981/21/2780 2669/62/2821 2668/61/2820
f 2981/21/2780 2988/28/2787 2670/63/2822 2669/62/2821
f 2988/28/2787 2995/35/2794 2671/64/2823 2670/63/2822
f 2995/35/2794 3002/42/2801 2672/65/2824 2671/64/2823
f 3002/42/2801 3009/49/2808 2673/66/2825 2672/65/2824
f 3009/49/2808 2856/68/2826 2632/67/2827 2673/66/2825
f 3008/48/2807 2857/69/2828 2856/68/2826 3009/49/2808
f 3007/47/2806 2858/70/2829 2857/69/2828 3008/48/2807
f 3006/46/2805 2859/71/2830 2858/70/2829 3007/47/2806
f 3005/45/2804 2860/72/2831 2859/71/2830 3006/46/2805
f 3004/43/2803 2861/73/2832 2860/72/2831 3005/45/2804
f 3003/44/2802 2862/74/2833 2861/73/2832 3004/43/2803
f 2904/75/2834 2646/76/2835 2862/74/2833 3003/44/2802
f 2903/77/2836 2904/75/2834 3003/44/2802 2996/37/2795
f 2902/78/2837 2903/77/2836 2996/37/2795 2989/30/2788
f 2901/79/2838 2902/78/2837 2989/30/2788 2982/23/2781
f 2900/80/2839 2901/79/2838 2982/23/2781 2975/16/2774
f 2899/81/2840 2900/80/2839 2975/16/2774 2968/4/2761
f 2898/52/2810 2899/81/2840 2968/4/2761 2961/1/2760
f 3010/82/2841 3017/85/2842 3018/84/2843 3011/83/2844
f 3011/83/2844 3018/84/2843 3019/87/2845 3012/86/2846
f 3012/86/2846 3019/87/2845 3020/89/2847 3013/88/2848
f 3013/88/2848 3020/89/2847 3021/91/2849 3014/90/2850
f 3014/90/2850 3021/91/2849 3022/93/2851 3015/92/2852
f 3015/92/2852 3022/93/2851 3023/95/2853 3016/94/2854
f 3017/85/2842 3024/97/2855 3025/96/2856 3018/84/2843
f 3018/84/2843 3025/96/2856 3026/98/2857 3019/87/2845
f 3019/87/2845 3026/98/2857 3027/99/2858 3020/89/2847
f 3020/89/2847 3027/99/2858 3028/100/2859 3021/91/2849
f 3021/91/2849 3028/100/2859 3029/101/2860 3022/93/2851
f 3022/93/2851 3029/101/2860 3030/102/2861 3023/95/2853
f 3024/97/2855 3031/104/2862 3032/103/2863 3025/96/2856
f 3025/96/2856 3032/103/2863 3033/105/2864 3026/98/2857
f 3026/98/2857 3033/105/2864 3034/106/2865 3027/99/2858
f 3027/99/2858 3034/106/2865 3035/107/2866 3028/100/2859
f 3028/100/2859 3035/107/2866 3036/108/2867 3029/101/2860
f 3029/101/2860 3036/108/2867 3037/109/2868 3030/102/2861
f 3031/104/2862 3038/111/2869 3039/110/2870 3032/103/2863
f 3032/103/2863 3039/110/2870 3040/112/2871 3033/105/2864
f 3033/105/2864 3040/112/2871 3041/113/2872 3034/106/2865
f 3034/106/2865 3041/113/2872 3042/114/2873 3035/107/2866
f 3035/107/2866 3042/114/2873 3043/115/2874 3036/108/2867
f 3036/108/2867 3043/115/2874 3044/116/2875 3037/109/2868
f 3038/111/2869 3045/118/2876 3046/117/2877 3039/110/2870
f 3039/110/2870 3046/117/2877 3047/119/2878 3040/112/2871
f 3040/112/2871 3047/119/2878 3048/120/2879 3041/113/2872
f 3041/113/2872 3048/120/2879 3049/121/2880 3042/114/2873
f 3042/114/2873 3049/121/2880 3050/122/2881 3043/115/2874
f 3043/115/2874 3050/122/2881 3051/123/2882 3044/116/2875
f 3045/118/2876 3052/125/2883 3053/124/2884 3046/117/2877
f 3046/117/2877 3053/124/2884 3054/126/2885 3047/119/2878
f 3047/119/2878 3054/126/2885 3055/127/2886 3048/120/2879
f 3048/120/2879 3055/127/2886 3056/128/2887 3049/121/2880
f 3049/121/2880 3056/128/2887 3057/129/2888 3050/122/2881
f 3050/122/2881 3057/129/2888 3058/130/2889 3051/123/2882
f 2646/76/2835 2891/131/2890 3010/82/2841 2862/74/2833
f 2862/74/2833 3010/82/2841 3011/83/2844 2861/73/2832
f 2861/73/2832 3011/83/2844 3012/86/2846 2860/72/2831
f 2860/72/2831 3012/86/2846 3013/88/2848 2859/71/2830
f 2859/71/2830 3013/88/2848 3014/90/2850 2858/70/2829
f 2858/70/2829 3014/90/2850 3015/92/2852 2857/69/2828
f 2857/69/2828 3015/92/2852 3016/94/2854 2856/68/2826
f 2856/68/2826 3016/94/2854 2688/132/2891 2632/67/2827
f 3016/94/2854 3023/95/2853 2689/133/2892 2688/132/2891
f 3023/95/2853 3030/102/2861 2690/134/2893 2689/133/2892
f 3030/102/2861 3037/109/2868 2691/135/2894 2690/134/2893
f 3037/109/2868 3044/116/2875 2692/136/2895 2691/135/2894
f 3044/116/2875 3051/123/2882 2693/137/2896 2692/136/2895
f 3051/123/2882 3058/130/2889 2694/138/2897 2693/137/2896
f 3058/130/2889 2863/140/2898 2636/139/2899 2694/138/2897
f 3057/129/2888 2864/141/2900 2863/140/2898 3058/130/2889
f 3056/128/2887 2865/142/2901 2864/141/2900 3057/129/2888
f 3055/127/2886 2866/143/2902 2865/142/2901 3056/128/2887
f 3054/126/2885 2867/144/2903 2866/143/2902 3055/127/2886
f 3053/124/2884 2868/145/2904 2867/144/2903 3054/126/2885
f 3052/125/2883 2869/146/2905 2868/145/2904 3053/124/2884
f 2897/147/2906 2647/148/2907 2869/146/2905 3052/125/2883
f 2896/149/2908 2897/147/2906 3052/125/2883 3045/118/2876
f 2895/150/2909 2896/149/2908 3045/118/2876 3038/111/2869
f 2894/151/2910 2895/150/2909 3038/111/2869 3031/104/2862
f 2893/152/2911 2894/151/2910 3031/104/2862 3024/97/2855
f 2892/153/2912 2893/152/2911 3024/97/2855 3017/85/2842
f 2891/131/2890 2892/153/2912 3017/85/2842 3010/82/2841
f 3059/154/2913 3066/157/2914 3067/156/2915 3060/155/2916
f 3060/155/2916 3067/156/2915 3068/159/2917 3061/158/2918
f 3061/158/2918 3068/159/2917 3069/161/2919 3062/160/2920
f 3062/160/2920 3069/161/2919 3070/163/2921 3063/162/2922
f 3063/162/2922 3070/163/2921 3071/165/2923 3064/164/2924
f 3064/164/2924 3071/165/2923 3072/167/2925 3065/166/2926
f 3066/157/2914 3073/169/2927 3074/168/2928 3067/156/2915
f 3067/156/2915 3074/168/2928 3075/170/2929 3068/159/2917
f 3068/159/2917 3075/170/2929 3076/171/2930 3069/161/2919
f 3069/161/2919 3076/171/2930 3077/172/2931 3070/163/2921
f 3070/163/2921 3077/172/2931 3078/173/2932 3071/165/2923
f 3071/165/2923 3078/173/2932 3079/174/2933 3072/167/2925
f 3073/169/2927 3080/176/2934 3081/175/2935 3074/168/2928
f 3074/168/2928 3081/175/2935 3082/177/2936 3075/170/2929
f 3075/170/2929 3082/177/2936 3083/178/2937 3076/171/2930
f 3076/171/2930 3083/178/2937 3084/179/2938 3077/172/2931
f 3077/172/2931 3084/179/2938 3085/180/2939 3078/173/2932
f 3078/173/2932 3085/180/2939 3086/181/2940 3079/174/2933
f 3080/176/2934 3087/183/2941 3088/182/2942 3081/175/2935
f 3081/175/2935 3088/182/2942 3089/184/2943 3082/177/2936
f 3082/177/2936 3089/184/2943 3090/185/2944 3083/178/2937
f 3083/178/2937 3090/185/2944 3091/186/2945 3084/179/2938
f 3084/179/2938 3091/186/2945 3092/187/2946 3085/180/2939
f 3085/180/2939 3092/187/2946 3093/188/2947 3086/181/2940
f 3087/183/2941 3094/190/2948 3095/189/2949 3088/182/2942
f 3088/182/2942 3095/189/2949 3096/191/2950 3089/184/2943
f 3089/184/2943 3096/191/2950 3097/192/2951 3090/185/2944
f 3090/185/2944 3097/192/2951 3098/193/2952 3091/186/2945
f 3091/186/2945 3098/193/2952 3099/194/2953 3092/187/2946
f 3092/187/2946 3099/194/2953 3100/195/2954 3093/188/2947
f 3094/190/2948 3101/197/2955 3102/196/2956 3095/189/2949
f 3095/189/2949 3102/196/2956 3103/198/2957 3096/191/2950
f 3096/191/2950 3103/198/2957 3104/199/2958 3097/192/2951
f 3097/192/2951 3104/199/2958 3105/200/2959 3098/193/2952
f 3098/193/2952 3105/200/2959 3106/201/2960 3099/194/2953
f 3099/194/2953 3106/201/2960 3107/202/2961 3100/195/2954
f 2647/148/2907 2884/203/2962 3059/154/2913 2869/146/2905
f 2869/146/2905 3059/154/2913 3060/155/2916 2868/145/2904
f 2868/145/2904 3060/155/2916 3061/158/2918 2867/144/2903
f 2867/144/2903 3061/158/2918 3062/160/2920 2866/143/2902
f 2866/143/2902 3062/160/2920 3063/162/2922 2865/142/2901
f 2865/142/2901 3063/162/2922 3064/164/2924 2864/141/2900
f 2864/141/2900 3064/164/2924 3065/166/2926 2863/140/2898
f 2863/140/2898 3065/166/2926 2709/204/2963 2636/139/2899
f 3065/166/2926 3072/167/2925 2710/205/2964 2709/204/2963
f 3072/167/2925 3079/174/2933 2711/206/2965 2710/205/2964
f 3079/174/2933 3086/181/2940 2712/207/2966 2711/206/2965
f 3086/181/2940 3093/188/2947 2713/208/2967 2712/207/2966
f 3093/188/2947 3100/195/2954 2714/209/2968 2713/208/2967
f 3100/195/2954 3107/202/2961 2715/210/2969 2714/209/2968
f 3107/202/2961 2870/212/2970 2634/211/2971 2715/210/2969
f 3106/201/2960 2871/213/2972 2870/212/2970 3107/202/2961
f 3105/200/2959 2872/214/2973 2871/213/2972 3106/201/2960
f 3104/199/2958 2873/215/2974 2872/214/2973 3105/200/2959
f 3103/198/2957 2874/216/2975 2873/215/2974 3104/199/2958
f 3102/196/2956 2875/217/2976 2874/216/2975 3103/198/2957
f 3101/197/2955 2876/218/2977 2875/217/2976 3102/196/2956
f 2890/219/2978 2648/220/2979 2876/218/2977 3101/197/2955
f 2889/221/2980 2890/219/2978 3101/197/2955 3094/190/2948
f 2888/222/2981 2889/221/2980 3094/190/2948 3087/183/2941
f 2887/223/2982 2888/222/2981 3087/183/2941 3080/176/2934
f 2886/224/2983 2887/223/2982 3080/176/2934 3073/169/2927
f 2885/225/2984 2886/224/2983 3073/169/2927 3066/157/2914
f 2884/203/2962 2885/225/2984 3066/157/2914 3059/154/2913
f 3108/226/2985 3115/229/2986 3116/228/2987 3109/227/2988
f 3109/227/2988 3116/228/2987 3117/231/2989 3110/230/2990
f 3110/230/2990 3117/231/2989 3118/233/2991 3111/232/2992
f 3111/232/2992 3118/233/2991 3119/235/2993 3112/234/2994
f 3112/234/2994 3119/235/2993 3120/237/2995 3113/236/2996
f 3113/236/2996 3120/237/2995 3121/239/2997 3114/238/2998
f 3115/229/2986 3122/241/2999 3123/240/3000 3116/228/2987
f 3116/228/2987 3123/240/3000 3124/242/3001 3117/231/2989
f 3117/231/2989 3124/242/3001 3125/243/3002 3118/233/2991
f 3118/233/2991 3125/243/3002 3126/244/3003 3119/235/2993
f 3119/235/2993 3126/244/3003 3127/245/3004 3120/237/2995
f 3120/237/2995 3127/245/3004 3128/246/3005 3121/239/2997
f 3122/241/2999 3129/248/3006 3130/247/3007 3123/240/3000
f 3123/240/3000 3130/247/3007 3131/249/3008 3124/242/3001
f 3124/242/3001 3131/249/3008 3132/250/3009 3125/243/3002
f 3125/243/3002 3132/250/3009 3133/251/3010 3126/244/3003
f 3126/244/3003 3133/251/3010 3134/252/3011 3127/245/3004
f 3127/245/3004 3134/252/3011 3135/253/3012 3128/246/3005
f 3129/248/3006 3136/255/3013 3137/254/3014 3130/247/3007
f 3130/247/3007 3137/254/3014 3138/256/3015 3131/249/3008
f 3131/249/3008 3138/256/3015 3139/257/3016 3132/250/3009
f 3132/250/3009 3139/257/3016 3140/258/3017 3133/251/3010
f 3133/251/3010 3140/258/3017 3141/259/3018 3134/252/3011
f 3134/252/3011 3141/259/3018 3142/260/3019 3135/253/3012
f 3136/255/3013 3143/262/3020 3144/261/3021 3137/254/3014
f 3137/254/3014 3144/261/3021 3145/263/3022 3138/256/3015
f 3138/256/3015 3145/263/3022 3146/264/3023 3139/257/3016
f 3139/257/3016 3146/264/3023 3147/265/3024 3140/258/3017
f 3140/258/3017 3147/265/3024 3148/266/3025 3141/259/3018
f 3141/259/3018 3148/266/3025 3149/267/3026 3142/260/3019
f 3143/262/3020 3150/269/3027 3151/268/3028 3144/261/3021
f 3144/261/3021 3151/268/3028 3152/270/3029 3145/263/3022
f 3145/263/3022 3152/270/3029 3153/271/3030 3146/264/3023
f 3146/264/3023 3153/271/3030 3154/272/3031 3147/265/3024
f 3147/265/3024 3154/272/3031 3155/273/3032 3148/266/3025
f 3148/266/3025 3155/273/3032 3156/274/3033 3149/267/3026
f 2648/220/2979 2877/275/3034 3108/226/2985 2876/218/2977
f 2876/218/2977 3108/226/2985 3109/227/2988 2875/217/2976
f 2875/217/2976 3109/227/2988 3110/230/2990 2874/216/2975
f 2874/216/2975 3110/230/2990 3111/232/2992 2873/215/2974
f 2873/215/2974 3111/232/2992 3112/234/2994 2872/214/2973
f 2872/214/2973 3112/234/2994 3113/236/2996 2871/213/2972
f 2871/213/2972 3113/236/2996 3114/238/2998 2870/212/2970
f 2870/212/2970 3114/238/2998 2730/276/3035 2634/211/2971
f 3114/238/2998 3121/239/2997 2731/277/3036 2730/276/3035
f 3121/239/2997 3128/246/3005 2732/278/3037 2731/277/3036
f 3128/246/3005 3135/253/3012 2733/279/3038 2732/278/3037
f 3135/253/3012 3142/260/3019 2734/280/3039 2733/279/3038
f 3142/260/3019 3149/267/3026 2735/281/3040 2734/280/3039
f 3149/267/3026 3156/274/3033 2736/282/3041 2735/281/3040
f 3156/274/3033 2666/284/2817 2630/283/2819 2736/282/3041
f 3155/273/3032 2665/285/2816 2666/284/2817 3156/274/3033
f 3154/272/3031 2664/286/2815 2665/285/2816 3155/273/3032
f 3153/271/3030 2663/287/2814 2664/286/2815 3154/272/3031
f 3152/270/3029 2662/288/2813 2663/287/2814 3153/271/3030
f 3151/268/3028 2661/289/2812 2662/288/2813 3152/270/3029
f 3150/269/3027 2660/290/2811 2661/289/2812 3151/268/3028
f 2883/291/3042 2645/292/2809 2660/290/2811 3150/269/3027
f 2882/293/3043 2883/291/3042 3150/269/3027 3143/262/3020
f 2881/294/3044 2882/293/3043 3143/262/3020 3136/255/3013
f 2880/295/3045 2881/294/3044 3136/255/3013 3129/248/3006
f 2879/296/3046 2880/295/3045 3129/248/3006 3122/241/2999
f 2878/297/3047 2879/296/3046 3122/241/2999 3115/229/2986
f 2877/275/3034 2878/297/3047 3115/229/2986 3108/226/2985
f 3157/298/3048 3164/301/3049 3165/300/3050 3158/299/3051
f 3158/299/3051 3165/300/3050 3166/303/3052 3159/302/3053
f 3159/302/3053 3166/303/3052 3167/305/3054 3160/304/3055
f 3160/304/3055 3167/305/3054 3168/307/3056 3161/306/3057
f 3161/306/3057 3168/307/3056 3169/309/3058 3162/308/3059
f 3162/308/3059 3169/309/3058 3170/311/3060 3163/310/3061
f 3164/301/3049 3171/313/3062 3172/312/3063 3165/300/3050
f 3165/300/3050 3172/312/3063 3173/314/3064 3166/303/3052
f 3166/303/3052 3173/314/3064 3174/315/3065 3167/305/3054
f 3167/305/3054 3174/315/3065 3175/316/3066 3168/307/3056
f 3168/307/3056 3175/316/3066 3176/317/3067 3169/309/3058
f 3169/309/3058 3176/317/3067 3177/318/3068 3170/311/3060
f 3171/319/3062 3178/322/3069 3179/321/3070 3172/320/3063
f 3172/312/3063 3179/324/3070 3180/323/3071 3173/314/3064
f 3173/314/3064 3180/323/3071 3181/325/3072 3174/315/3065
f 3174/315/3065 3181/325/3072 3182/326/3073 3175/316/3066
f 3175/327/3066 3182/330/3073 3183/329/3074 3176/328/3067
f 3176/328/3067 3183/329/3074 3184/332/3075 3177/331/3068
f 3178/322/3069 3185/334/3076 3186/333/3077 3179/321/3070
f 3179/324/3070 3186/336/3077 3187/335/3078 3180/323/3071
f 3180/323/3071 3187/335/3078 3188/337/3079 3181/325/3072
f 3181/325/3072 3188/337/3079 3189/338/3080 3182/326/3073
f 3182/330/3073 3189/340/3080 3190/339/3081 3183/329/3074
f 3183/329/3074 3190/339/3081 3191/341/3082 3184/332/3075
f 3185/334/3076 3192/343/3083 3193/342/3084 3186/333/3077
f 3186/333/3077 3193/342/3084 3194/345/3085 3187/344/3078
f 3187/335/3078 3194/347/3085 3195/346/3086 3188/337/3079
f 3188/337/3079 3195/346/3086 3196/348/3087 3189/338/3080
f 3189/340/3080 3196/350/3087 3197/349/3088 3190/339/3081
f 3190/339/3081 3197/349/3088 3198/351/3089 3191/341/3082
f 3192/343/3083 3199/353/3090 3200/352/3091 3193/342/3084
f 3193/342/3084 3200/352/3091 3201/354/3092 3194/345/3085
f 3194/347/3085 3201/356/3092 3202/355/3093 3195/346/3086
f 3195/346/3086 3202/355/3093 3203/357/3094 3196/348/3087
f 3196/348/3087 3203/357/3094 3204/359/3095 3197/358/3088
f 3197/358/3088 3204/359/3095 3205/361/3096 3198/360/3089
f 2631/362/3097 2653/364/3098 3157/298/3048 2687/363/3099
f 2687/363/3099 3157/298/3048 3158/299/3051 2686/365/3100
f 2686/365/3100 3158/299/3051 3159/302/3053 2685/366/3101
f 2685/366/3101 3159/302/3053 3160/304/3055 2684/367/3102
f 2684/367/3102 3160/304/3055 3161/306/3057 2683/368/3103
f 2683/368/3103 3161/306/3057 3162/308/3059 2682/369/3104
f 2682/369/3104 3162/308/3059 3163/310/3061 2681/370/3105
f 2681/370/3105 3163/310/3061 2708/372/3106 2635/371/3107
f 3163/373/3061 3170/376/3060 2707/375/3108 2708/374/3106
f 3170/376/3060 3177/331/3068 2706/377/3109 2707/375/3108
f 3177/331/3068 3184/332/3075 2705/378/3110 2706/377/3109
f 3184/332/3075 3191/341/3082 2704/379/3111 2705/378/3110
f 3191/341/3082 3198/351/3089 2703/380/3112 2704/379/3111
f 3198/360/3089 3205/361/3096 2702/382/3113 2703/381/3112
f 3205/361/3096 2729/384/3114 2633/383/3115 2702/382/3113
f 3204/359/3095 2728/385/3116 2729/384/3114 3205/361/3096
f 3203/357/3094 2727/386/3117 2728/385/3116 3204/359/3095
f 3202/355/3093 2726/387/3118 2727/386/3117 3203/357/3094
f 3201/356/3092 2725/388/3119 2726/387/3118 3202/355/3093
f 3200/389/3091 2724/390/3120 2725/388/3119 3201/356/3092
f 3199/391/3090 2723/392/3121 2724/390/3120 3200/389/3091
f 2659/393/3122 2629/394/3123 2723/392/3121 3199/391/3090
f 2658/395/3124 2659/396/3122 3199/353/3090 3192/343/3083
f 2657/397/3125 2658/395/3124 3192/343/3083 3185/334/3076
f 2656/398/3126 2657/397/3125 3185/334/3076 3178/322/3069
f 2655/399/3127 2656/398/3126 3178/322/3069 3171/319/3062
f 2654/400/3128 2655/399/3127 3171/319/3062 3164/401/3049
f 2653/364/3098 2654/402/3128 3164/301/3049 3157/298/3048
f 3206/403/3129 3213/406/3130 3214/405/3131 3207/404/3132
f 3207/404/3132 3214/405/3131 3215/408/3133 3208/407/3134
f 3208/407/3134 3215/408/3133 3216/410/3135 3209/409/3136
f 3209/409/3136 3216/410/3135 3217/412/3137 3210/411/3138
f 3210/411/3138 3217/412/3137 3218/414/3139 3211/413/3140
f 3211/413/3140 3218/414/3139 3219/416/3141 3212/415/3142
f 3213/406/3130 3220/418/3143 3221/417/3144 3214/405/3131
f 3214/405/3131 3221/417/3144 3222/419/3145 3215/408/3133
f 3215/408/3133 3222/419/3145 3223/420/3146 3216/410/3135
f 3216/410/3135 3223/420/3146 3224/421/3147 3217/412/3137
f 3217/412/3137 3224/421/3147 3225/422/3148 3218/414/3139
f 3218/414/3139 3225/422/3148 3226/423/3149 3219/416/3141
f 3220/418/3143 3227/425/3150 3228/424/3151 3221/417/3144
f 3221/417/3144 3228/424/3151 3229/426/3152 3222/419/3145
f 3222/419/3145 3229/426/3152 3230/427/3153 3223/420/3146
f 3223/420/3146 3230/427/3153 3231/428/3154 3224/421/3147
f 3224/421/3147 3231/428/3154 3232/429/3155 3225/422/3148
f 3225/422/3148 3232/429/3155 3233/430/3156 3226/423/3149
f 3227/425/3150 3234/432/3157 3235/431/3158 3228/424/3151
f 3228/424/3151 3235/431/3158 3236/433/3159 3229/426/3152
f 3229/426/3152 3236/433/3159 3237/434/3160 3230/427/3153
f 3230/427/3153 3237/434/3160 3238/435/3161 3231/428/3154
f 3231/428/3154 3238/435/3161 3239/436/3162 3232/429/3155
f 3232/429/3155 3239/436/3162 3240/437/3163 3233/430/3156
f 3234/432/3157 3241/439/3164 3242/438/3165 3235/431/3158
f 3235/431/3158 3242/438/3165 3243/440/3166 3236/433/3159
f 3236/433/3159 3243/440/3166 3244/441/3167 3237/434/3160
f 3237/434/3160 3244/441/3167 3245/442/3168 3238/435/3161
f 3238/435/3161 3245/442/3168 3246/443/3169 3239/436/3162
f 3239/436/3162 3246/443/3169 3247/444/3170 3240/437/3163
f 3241/439/3164 3248/446/3171 3249/445/3172 3242/438/3165
f 3242/438/3165 3249/445/3172 3250/447/3173 3243/440/3166
f 3243/440/3166 3250/447/3173 3251/448/3174 3244/441/3167
f 3244/441/3167 3251/448/3174 3252/449/3175 3245/442/3168
f 3245/442/3168 3252/449/3175 3253/450/3176 3246/443/3169
f 3246/443/3169 3253/450/3176 3254/451/3177 3247/444/3170
f 2636/139/2899 2709/204/2963 3206/403/3129 2694/452/2897
f 2694/452/2897 3206/403/3129 3207/404/3132 2693/453/2896
f 2693/453/2896 3207/404/3132 3208/407/3134 2692/454/2895
f 2692/454/2895 3208/407/3134 3209/409/3136 2691/455/2894
f 2691/455/2894 3209/409/3136 3210/411/3138 2690/456/2893
f 2690/456/2893 3210/411/3138 3211/413/3140 2689/457/2892
f 2689/457/2892 3211/413/3140 3212/415/3142 2688/458/2891
f 2688/458/2891 3212/415/3142 2673/460/2825 2632/459/2827
f 3212/415/3142 3219/416/3141 2672/461/2824 2673/460/2825
f 3219/416/3141 3226/423/3149 2671/462/2823 2672/461/2824
f 3226/423/3149 3233/430/3156 2670/463/2822 2671/462/2823
f 3233/430/3156 3240/437/3163 2669/464/2821 2670/463/2822
f 3240/437/3163 3247/444/3170 2668/465/2820 2669/464/2821
f 3247/444/3170 3254/451/3177 2667/466/2818 2668/465/2820
f 3254/451/3177 2736/468/3041 2630/467/2819 2667/466/2818
f 3253/450/3176 2735/469/3040 2736/468/3041 3254/451/3177
f 3252/449/3175 2734/470/3039 2735/469/3040 3253/450/3176
f 3251/448/3174 2733/471/3038 2734/470/3039 3252/449/3175
f 3250/447/3173 2732/472/3037 2733/471/3038 3251/448/3174
f 3249/445/3172 2731/473/3036 2732/472/3037 3250/447/3173
f 3248/446/3171 2730/474/3035 2731/473/3036 3249/445/3172
f 2715/210/2969 2634/211/2971 2730/474/3035 3248/446/3171
f 2714/209/2968 2715/210/2969 3248/446/3171 3241/439/3164
f 2713/208/2967 2714/209/2968 3241/439/3164 3234/432/3157
f 2712/207/2966 2713/208/2967 3234/432/3157 3227/425/3150
f 2711/206/2965 2712/207/2966 3227/425/3150 3220/418/3143
f 2710/205/2964 2711/206/2965 3220/418/3143 3213/406/3130
f 2709/204/2963 2710/205/2964 3213/406/3130 3206/403/3129
f 3255/475/3178 3262/478/3179 3263/477/3180 3256/476/3181
f 3256/476/3181 3263/477/3180 3264/480/3182 3257/479/3183
f 3257/479/3183 3264/480/3182 3265/482/3184 3258/481/3185
f 3258/481/3185 3265/482/3184 3266/484/3186 3259/483/3187
f 3259/483/3187 3266/484/3186 3267/486/3188 3260/485/3189
f 3260/485/3189 3267/486/3188 3268/488/3190 3261/487/3191
f 3262/478/3179 3269/490/3192 3270/489/3193 3263/477/3180
f 3263/477/3180 3270/489/3193 3271/491/3194 3264/480/3182
f 3264/480/3182 3271/491/3194 3272/492/3195 3265/482/3184
f 3265/482/3184 3272/492/3195 3273/493/3196 3266/484/3186
f 3266/484/3186 3273/493/3196 3274/494/3197 3267/486/3188
f 3267/486/3188 3274/494/3197 3275/495/3198 3268/488/3190
f 3269/490/3192 3276/497/3199 3277/496/3200 3270/489/3193
f 3270/489/3193 3277/496/3200 3278/498/3201 3271/491/3194
f 3271/491/3194 3278/498/3201 3279/499/3202 3272/492/3195
f 3272/492/3195 3279/499/3202 3280/500/3203 3273/493/3196
f 3273/493/3196 3280/500/3203 3281/501/3204 3274/494/3197
f 3274/494/3197 3281/501/3204 3282/502/3205 3275/495/3198
f 3276/497/3199 3283/504/3206 3284/503/3207 3277/496/3200
f 3277/496/3200 3284/503/3207 3285/505/3208 3278/498/3201
f 3278/498/3201 3285/505/3208 3286/506/3209 3279/499/3202
f 3279/499/3202 3286/506/3209 3287/507/3210 3280/500/3203
f 3280/500/3203 3287/507/3210 3288/508/3211 3281/501/3204
f 3281/501/3204 3288/508/3211 3289/509/3212 3282/502/3205
f 3283/504/3206 3290/511/3213 3291/510/3214 3284/503/3207
f 3284/503/3207 3291/510/3214 3292/512/3215 3285/505/3208
f 3285/505/3208 3292/512/3215 3293/513/3216 3286/506/3209
f 3286/506/3209 3293/513/3216 3294/514/3217 3287/507/3210
f 3287/507/3210 3294/514/3217 3295/515/3218 3288/508/3211
f 3288/508/3211 3295/515/3218 3296/516/3219 3289/509/3212
f 3290/511/3213 3297/518/3220 3298/517/3221 3291/510/3214
f 3291/510/3214 3298/517/3221 3299/519/3222 3292/512/3215
f 3292/512/3215 3299/519/3222 3300/520/3223 3293/513/3216
f 3293/513/3216 3300/520/3223 3301/521/3224 3294/514/3217
f 3294/514/3217 3301/521/3224 3302/522/3225 3295/515/3218
f 3295/515/3218 3302/522/3225 3303/523/3226 3296/516/3219
f 2651/524/3227 2954/526/3228 3255/475/3178 2925/525/3229
f 2925/525/3229 3255/475/3178 3256/476/3181 2924/527/3230
f 2924/527/3230 3256/476/3181 3257/479/3183 2923/528/3231
f 2923/528/3231 3257/479/3183 3258/481/3185 2922/529/3232
f 2922/529/3232 3258/481/3185 3259/483/3187 2921/530/3233
f 2921/530/3233 3259/483/3187 3260/485/3189 2920/531/3234
f 2920/531/3234 3260/485/3189 3261/487/3191 2919/532/3235
f 2919/532/3235 3261/487/3191 2793/534/3236 2644/533/3237
f 3261/487/3191 3268/488/3190 2794/535/3238 2793/534/3236
f 3268/488/3190 3275/495/3198 2795/536/3239 2794/535/3238
f 3275/495/3198 3282/502/3205 2796/537/3240 2795/536/3239
f 3282/502/3205 3289/509/3212 2797/538/3241 2796/537/3240
f 3289/509/3212 3296/516/3219 2798/539/3242 2797/538/3241
f 3296/516/3219 3303/523/3226 2799/540/3243 2798/539/3242
f 3303/523/3226 2743/542/3244 2637/541/3245 2799/540/3243
f 3302/522/3225 2742/543/3246 2743/542/3244 3303/523/3226
f 3301/521/3224 2741/544/3247 2742/543/3246 3302/522/3225
f 3300/520/3223 2740/545/3248 2741/544/3247 3301/521/3224
f 3299/519/3222 2739/546/3249 2740/545/3248 3300/520/3223
f 3298/517/3221 2738/547/3250 2739/546/3249 3299/519/3222
f 3297/518/3220 2737/548/3251 2738/547/3250 3298/517/3221
f 2960/549/3252 2652/550/3253 2737/548/3251 3297/518/3220
f 2959/551/3254 2960/549/3252 3297/518/3220 3290/511/3213
f 2958/552/3255 2959/551/3254 3290/511/3213 3283/504/3206
f 2957/553/3256 2958/552/3255 3283/504/3206 3276/497/3199
f 2956/554/3257 2957/553/3256 3276/497/3199 3269/490/3192
f 2955/555/3258 2956/554/3257 3269/490/3192 3262/478/3179
f 2954/526/3228 2955/555/3258 3262/478/3179 3255/475/3178
f 3304/556/3259 3311/559/3260 3312/558/3261 3305/557/3262
f 3305/557/3262 3312/558/3261 3313/561/3263 3306/560/3264
f 3306/560/3264 3313/561/3263 3314/563/3265 3307/562/3266
f 3307/562/3266 3314/563/3265 3315/565/3267 3308/564/3268
f 3308/564/3268 3315/565/3267 3316/567/3269 3309/566/3270
f 3309/566/3270 3316/567/3269 3317/569/3271 3310/568/3272
f 3311/559/3260 3318/571/3273 3319/570/3274 3312/558/3261
f 3312/558/3261 3319/570/3274 3320/572/3275 3313/561/3263
f 3313/561/3263 3320/572/3275 3321/573/3276 3314/563/3265
f 3314/563/3265 3321/573/3276 3322/574/3277 3315/565/3267
f 3315/565/3267 3322/574/3277 3323/575/3278 3316/567/3269
f 3316/567/3269 3323/575/3278 3324/576/3279 3317/569/3271
f 3318/571/3273 3325/578/3280 3326/577/3281 3319/570/3274
f 3319/570/3274 3326/577/3281 3327/579/3282 3320/572/3275
f 3320/572/3275 3327/579/3282 3328/580/3283 3321/573/3276
f 3321/573/3276 3328/580/3283 3329/581/3284 3322/574/3277
f 3322/574/3277 3329/581/3284 3330/582/3285 3323/575/3278
f 3323/575/3278 3330/582/3285 3331/583/3286 3324/576/3279
f 3325/578/3280 3332/585/3287 3333/584/3288 3326/577/3281
f 3326/577/3281 3333/584/3288 3334/586/3289 3327/579/3282
f 3327/579/3282 3334/586/3289 3335/587/3290 3328/580/3283
f 3328/580/3283 3335/587/3290 3336/588/3291 3329/581/3284
f 3329/581/3284 3336/588/3291 3337/589/3292 3330/582/3285
f 3330/582/3285 3337/589/3292 3338/590/3293 3331/583/3286
f 3332/585/3287 3339/592/3294 3340/591/3295 3333/584/3288
f 3333/584/3288 3340/591/3295 3341/593/3296 3334/586/3289
f 3334/586/3289 3341/593/3296 3342/594/3297 3335/587/3290
f 3335/587/3290 3342/594/3297 3343/595/3298 3336/588/3291
f 3336/588/3291 3343/595/3298 3344/596/3299 3337/589/3292
f 3337/589/3292 3344/596/3299 3345/597/3300 3338/590/3293
f 3339/592/3294 3346/599/3301 3347/598/3302 3340/591/3295
f 3340/591/3295 3347/598/3302 3348/600/3303 3341/593/3296
f 3341/593/3296 3348/600/3303 3349/601/3304 3342/594/3297
f 3342/594/3297 3349/601/3304 3350/602/3305 3343/595/3298
f 3343/595/3298 3350/602/3305 3351/603/3306 3344/596/3299
f 3344/596/3299 3351/603/3306 3352/604/3307 3345/597/3300
f 2644/533/3237 2793/534/3236 3304/556/3259 2792/605/3308
f 2792/605/3308 3304/556/3259 3305/557/3262 2791/606/3309
f 2791/606/3309 3305/557/3262 3306/560/3264 2790/607/3310
f 2790/607/3310 3306/560/3264 3307/562/3266 2789/608/3311
f 2789/608/3311 3307/562/3266 3308/564/3268 2788/609/3312
f 2788/609/3312 3308/564/3268 3309/566/3270 2787/610/3313
f 2787/610/3313 3309/566/3270 3310/568/3272 2786/611/3314
f 2786/611/3314 3310/568/3272 2800/613/3315 2643/612/3316
f 3310/568/3272 3317/569/3271 2801/614/3317 2800/613/3315
f 3317/569/3271 3324/576/3279 2802/615/3318 2801/614/3317
f 3324/576/3279 3331/583/3286 2803/616/3319 2802/615/3318
f 3331/583/3286 3338/590/3293 2804/617/3320 2803/616/3319
f 3338/590/3293 3345/597/3300 2805/618/3321 2804/617/3320
f 3345/597/3300 3352/604/3307 2806/619/3322 2805/618/3321
f 3352/604/3307 2750/621/3323 2638/620/3324 2806/619/3322
f 3351/603/3306 2749/622/3325 2750/621/3323 3352/604/3307
f 3350/602/3305 2748/623/3326 2749/622/3325 3351/603/3306
f 3349/601/3304 2747/624/3327 2748/623/3326 3350/602/3305
f 3348/600/3303 2746/625/3328 2747/624/3327 3349/601/3304
f 3347/598/3302 2745/626/3329 2746/625/3328 3348/600/3303
f 3346/599/3301 2744/627/3330 2745/626/3329 3347/598/3302
f 2799/540/3243 2637/541/3245 2744/627/3330 3346/599/3301
f 2798/539/3242 2799/540/3243 3346/599/3301 3339/592/3294
f 2797/538/3241 2798/539/3242 3339/592/3294 3332/585/3287
f 2796/537/3240 2797/538/3241 3332/585/3287 3325/578/3280
f 2795/536/3239 2796/537/3240 3325/578/3280 3318/571/3273
f 2794/535/3238 2795/536/3239 3318/571/3273 3311/559/3260
f 2793/534/3236 2794/535/3238 3311/559/3260 3304/556/3259
f 3353/628/3331 3360/631/3332 3361/630/3333 3354/629/3334
f 3354/629/3334 3361/630/3333 3362/633/3335 3355/632/3336
f 3355/632/3336 3362/633/3335 3363/635/3337 3356/634/3338
f 3356/634/3338 3363/635/3337 3364/637/3339 3357/636/3340
f 3357/636/3340 3364/637/3339 3365/639/3341 3358/638/3342
f 3358/638/3342 3365/639/3341 3366/641/3343 3359/640/3344
f 3360/631/3332 3367/643/3345 3368/642/3346 3361/630/3333
f 3361/630/3333 3368/642/3346 3369/644/3347 3362/633/3335
f 3362/633/3335 3369/644/3347 3370/645/3348 3363/635/3337
f 3363/635/3337 3370/645/3348 3371/646/3349 3364/637/3339
f 3364/637/3339 3371/646/3349 3372/647/3350 3365/639/3341
f 3365/639/3341 3372/647/3350 3373/648/3351 3366/641/3343
f 3367/643/3345 3374/650/3352 3375/649/3353 3368/642/3346
f 3368/642/3346 3375/649/3353 3376/651/3354 3369/644/3347
f 3369/644/3347 3376/651/3354 3377/652/3355 3370/645/3348
f 3370/645/3348 3377/652/3355 3378/653/3356 3371/646/3349
f 3371/646/3349 3378/653/3356 3379/654/3357 3372/647/3350
f 3372/647/3350 3379/654/3357 3380/655/3358 3373/648/3351
f 3374/650/3352 3381/657/3359 3382/656/3360 3375/649/3353
f 3375/649/3353 3382/656/3360 3383/658/3361 3376/651/3354
f 3376/651/3354 3383/658/3361 3384/659/3362 3377/652/3355
f 3377/652/3355 3384/659/3362 3385/660/3363 3378/653/3356
f 3378/653/3356 3385/660/3363 3386/661/3364 3379/654/3357
f 3379/654/3357 3386/661/3364 3387/662/3365 3380/655/3358
f 3381/657/3359 3388/664/3366 3389/663/3367 3382/656/3360
f 3382/656/3360 3389/663/3367 3390/665/3368 3383/658/3361
f 3383/658/3361 3390/665/3368 3391/666/3369 3384/659/3362
f 3384/659/3362 3391/666/3369 3392/667/3370 3385/660/3363
f 3385/660/3363 3392/667/3370 3393/668/3371 3386/661/3364
f 3386/661/3364 3393/668/3371 3394/669/3372 3387/662/3365
f 3388/664/3366 3395/671/3373 3396/670/3374 3389/663/3367
f 3389/663/3367 3396/670/3374 3397/672/3375 3390/665/3368
f 3390/665/3368 3397/672/3375 3398/673/3376 3391/666/3369
f 3391/666/3369 3398/673/3376 3399/674/3377 3392/667/3370
f 3392/667/3370 3399/674/3377 3400/675/3378 3393/668/3371
f 3393/668/3371 3400/675/3378 3401/676/3379 3394/669/3372
f 2650/677/3380 2947/679/3381 3353/628/3331 2918/678/3382
f 2918/678/3382 3353/628/3331 3354/629/3334 2917/680/3383
f 2917/680/3383 3354/629/3334 3355/632/3336 2916/681/3384
f 2916/681/3384 3355/632/3336 3356/634/3338 2915/682/3385
f 2915/682/3385 3356/634/3338 3357/636/3340 2914/683/3386
f 2914/683/3386 3357/636/3340 3358/638/3342 2913/684/3387
f 2913/684/3387 3358/638/3342 3359/640/3344 2912/685/3388
f 2912/685/3388 3359/640/3344 2807/687/3389 2642/686/3390
f 3359/640/3344 3366/641/3343 2808/688/3391 2807/687/3389
f 3366/641/3343 3373/648/3351 2809/689/3392 2808/688/3391
f 3373/648/3351 3380/655/3358 2810/690/3393 2809/689/3392
f 3380/655/3358 3387/662/3365 2811/691/3394 2810/690/3393
f 3387/662/3365 3394/669/3372 2812/692/3395 2811/691/3394
f 3394/669/3372 3401/676/3379 2813/693/3396 2812/692/3395
f 3401/676/3379 2919/532/3235 2644/533/3237 2813/693/3396
f 3400/675/3378 2920/531/3234 2919/532/3235 3401/676/3379
f 3399/674/3377 2921/530/3233 2920/531/3234 3400/675/3378
f 3398/673/3376 2922/529/3232 2921/530/3233 3399/674/3377
f 3397/672/3375 2923/528/3231 2922/529/3232 3398/673/3376
f 3396/670/3374 2924/527/3230 2923/528/3231 3397/672/3375
f 3395/671/3373 2925/525/3229 2924/527/3230 3396/670/3374
f 2953/694/3397 2651/524/3227 2925/525/3229 3395/671/3373
f 2952/695/3398 2953/694/3397 3395/671/3373 3388/664/3366
f 2951/696/3399 2952/695/3398 3388/664/3366 3381/657/3359
f 2950/697/3400 2951/696/3399 3381/657/3359 3374/650/3352
f 2949/698/3401 2950/697/3400 3374/650/3352 3367/643/3345
f 2948/699/3402 2949/698/3401 3367/643/3345 3360/631/3332
f 2947/679/3381 2948/699/3402 3360/631/3332 3353/628/3331
f 3402/700/3403 3409/703/3404 3410/702/3405 3403/701/3406
f 3403/701/3406 3410/702/3405 3411/705/3407 3404/704/3408
f 3404/704/3408 3411/705/3407 3412/707/3409 3405/706/3410
f 3405/706/3410 3412/707/3409 3413/709/3411 3406/708/3412
f 3406/708/3412 3413/709/3411 3414/711/3413 3407/710/3414
f 3407/710/3414 3414/711/3413 3415/713/3415 3408/712/3416
f 3409/703/3404 3416/715/3417 3417/714/3418 3410/702/3405
f 3410/702/3405 3417/714/3418 3418/716/3419 3411/705/3407
f 3411/705/3407 3418/716/3419 3419/717/3420 3412/707/3409
f 3412/707/3409 3419/717/3420 3420/718/3421 3413/709/3411
f 3413/709/3411 3420/718/3421 3421/719/3422 3414/711/3413
f 3414/711/3413 3421/719/3422 3422/720/3423 3415/713/3415
f 3416/715/3417 3423/722/3424 3424/721/3425 3417/714/3418
f 3417/714/3418 3424/721/3425 3425/723/3426 3418/716/3419
f 3418/716/3419 3425/723/3426 3426/724/3427 3419/717/3420
f 3419/717/3420 3426/724/3427 3427/725/3428 3420/718/3421
f 3420/718/3421 3427/725/3428 3428/726/3429 3421/719/3422
f 3421/719/3422 3428/726/3429 3429/727/3430 3422/720/3423
f 3423/722/3424 3430/729/3431 3431/728/3432 3424/721/3425
f 3424/721/3425 3431/728/3432 3432/730/3433 3425/723/3426
f 3425/723/3426 3432/730/3433 3433/731/3434 3426/724/3427
f 3426/724/3427 3433/731/3434 3434/732/3435 3427/725/3428
f 3427/725/3428 3434/732/3435 3435/733/3436 3428/726/3429
f 3428/726/3429 3435/733/3436 3436/734/3437 3429/727/3430
f 3430/729/3431 3437/736/3438 3438/735/3439 3431/728/3432
f 3431/728/3432 3438/735/3439 3439/737/3440 3432/730/3433
f 3432/730/3433 3439/737/3440 3440/738/3441 3433/731/3434
f 3433/731/3434 3440/738/3441 3441/739/3442 3434/732/3435
f 3434/732/3435 3441/739/3442 3442/740/3443 3435/733/3436
f 3435/733/3436 3442/740/3443 3443/741/3444 3436/734/3437
f 3437/736/3438 3444/743/3445 3445/742/3446 3438/735/3439
f 3438/735/3439 3445/742/3446 3446/744/3447 3439/737/3440
f 3439/737/3440 3446/744/3447 3447/745/3448 3440/738/3441
f 3440/738/3441 3447/745/3448 3448/746/3449 3441/739/3442
f 3441/739/3442 3448/746/3449 3449/747/3450 3442/740/3443
f 3442/740/3443 3449/747/3450 3450/748/3451 3443/741/3444
f 2642/686/3390 2807/687/3389 3402/700/3403 2778/749/3452
f 2778/749/3452 3402/700/3403 3403/701/3406 2777/750/3453
f 2777/750/3453 3403/701/3406 3404/704/3408 2776/751/3454
f 2776/751/3454 3404/704/3408 3405/706/3410 2775/752/3455
f 2775/752/3455 3405/706/3410 3406/708/3412 2774/753/3456
f 2774/753/3456 3406/708/3412 3407/710/3414 2773/754/3457
f 2773/754/3457 3407/710/3414 3408/712/3416 2772/755/3458
f 2772/755/3458 3408/712/3416 2814/757/3459 2641/756/3460
f 3408/712/3416 3415/713/3415 2815/758/3461 2814/757/3459
f 3415/713/3415 3422/720/3423 2816/759/3462 2815/758/3461
f 3422/720/3423 3429/727/3430 2817/760/3463 2816/759/3462
f 3429/727/3430 3436/734/3437 2818/761/3464 2817/760/3463
f 3436/734/3437 3443/741/3444 2819/762/3465 2818/761/3464
f 3443/741/3444 3450/748/3451 2820/763/3466 2819/762/3465
f 3450/748/3451 2786/611/3314 2643/612/3316 2820/763/3466
f 3449/747/3450 2787/610/3313 2786/611/3314 3450/748/3451
f 3448/746/3449 2788/609/3312 2787/610/3313 3449/747/3450
f 3447/745/3448 2789/608/3311 2788/609/3312 3448/746/3449
f 3446/744/3447 2790/607/3310 2789/608/3311 3447/745/3448
f 3445/742/3446 2791/606/3309 2790/607/3310 3446/744/3447
f 3444/743/3445 2792/605/3308 2791/606/3309 3445/742/3446
f 2813/693/3396 2644/533/3237 2792/605/3308 3444/743/3445
f 2812/692/3395 2813/693/3396 3444/743/3445 3437/736/3438
f 2811/691/3394 2812/692/3395 3437/736/3438 3430/729/3431
f 2810/690/3393 2811/691/3394 3430/729/3431 3423/722/3424
f 2809/689/3392 2810/690/3393 3423/722/3424 3416/715/3417
f 2808/688/3391 2809/689/3392 3416/715/3417 3409/703/3404
f 2807/687/3389 2808/688/3391 3409/703/3404 3402/700/3403
f 3451/764/3467 3458/767/3468 3459/766/3469 3452/765/3470
f 3452/765/3470 3459/766/3469 3460/769/3471 3453/768/3472
f 3453/768/3472 3460/769/3471 3461/771/3473 3454/770/3474
f 3454/770/3474 3461/771/3473 3462/773/3475 3455/772/3476
f 3455/772/3476 3462/773/3475 3463/775/3477 3456/774/3478
f 3456/774/3478 3463/775/3477 3464/777/3479 3457/776/3480
f 3458/767/3468 3465/779/3481 3466/778/3482 3459/766/3469
f 3459/766/3469 3466/778/3482 3467/780/3483 3460/769/3471
f 3460/769/3471 3467/780/3483 3468/781/3484 3461/771/3473
f 3461/771/3473 3468/781/3484 3469/782/3485 3462/773/3475
f 3462/773/3475 3469/782/3485 3470/783/3486 3463/775/3477
f 3463/775/3477 3470/783/3486 3471/784/3487 3464/777/3479
f 3465/779/3481 3472/786/3488 3473/785/3489 3466/778/3482
f 3466/778/3482 3473/785/3489 3474/787/3490 3467/780/3483
f 3467/780/3483 3474/787/3490 3475/788/3491 3468/781/3484
f 3468/781/3484 3475/788/3491 3476/789/3492 3469/782/3485
f 3469/782/3485 3476/789/3492 3477/790/3493 3470/783/3486
f 3470/783/3486 3477/790/3493 3478/791/3494 3471/784/3487
f 3472/786/3488 3479/793/3495 3480/792/3496 3473/785/3489
f 3473/785/3489 3480/792/3496 3481/794/3497 3474/787/3490
f 3474/787/3490 3481/794/3497 3482/795/3498 3475/788/3491
f 3475/788/3491 3482/795/3498 3483/796/3499 3476/789/3492
f 3476/789/3492 3483/796/3499 3484/797/3500 3477/790/3493
f 3477/790/3493 3484/797/3500 3485/798/3501 3478/791/3494
f 3479/793/3495 3486/800/3502 3487/799/3503 3480/792/3496
f 3480/792/3496 3487/799/3503 3488/801/3504 3481/794/3497
f 3481/794/3497 3488/801/3504 3489/802/3505 3482/795/3498
f 3482/795/3498 3489/802/3505 3490/803/3506 3483/796/3499
f 3483/796/3499 3490/803/3506 3491/804/3507 3484/797/3500
f 3484/797/3500 3491/804/3507 3492/805/3508 3485/798/3501
f 3486/800/3502 3493/807/3509 3494/806/3510 3487/799/3503
f 3487/799/3503 3494/806/3510 3495/808/3511 3488/801/3504
f 3488/801/3504 3495/808/3511 3496/809/3512 3489/802/3505
f 3489/802/3505 3496/809/3512 3497/810/3513 3490/803/3506
f 3490/803/3506 3497/810/3513 3498/811/3514 3491/804/3507
f 3491/804/3507 3498/811/3514 3499/812/3515 3492/805/3508
f 2649/813/3516 2940/815/3517 3451/764/3467 2911/814/3518
f 2911/814/3518 3451/764/3467 3452/765/3470 2910/816/3519
f 2910/816/3519 3452/765/3470 3453/768/3472 2909/817/3520
f 2909/817/3520 3453/768/3472 3454/770/3474 2908/818/3521
f 2908/818/3521 3454/770/3474 3455/772/3476 2907/819/3522
f 2907/819/3522 3455/772/3476 3456/774/3478 2906/820/3523
f 2906/820/3523 3456/774/3478 3457/776/3480 2905/821/3524
f 2905/821/3524 3457/776/3480 2821/823/3525 2640/822/3526
f 3457/776/3480 3464/777/3479 2822/824/3527 2821/823/3525
f 3464/777/3479 3471/784/3487 2823/825/3528 2822/824/3527
f 3471/784/3487 3478/791/3494 2824/826/3529 2823/825/3528
f 3478/791/3494 3485/798/3501 2825/827/3530 2824/826/3529
f 3485/798/3501 3492/805/3508 2826/828/3531 2825/827/3530
f 3492/805/3508 3499/812/3515 2827/829/3532 2826/828/3531
f 3499/812/3515 2912/685/3388 2642/686/3390 2827/829/3532
f 3498/811/3514 2913/684/3387 2912/685/3388 3499/812/3515
f 3497/810/3513 2914/683/3386 2913/684/3387 3498/811/3514
f 3496/809/3512 2915/682/3385 2914/683/3386 3497/810/3513
f 3495/808/3511 2916/681/3384 2915/682/3385 3496/809/3512
f 3494/806/3510 2917/680/3383 2916/681/3384 3495/808/3511
f 3493/807/3509 2918/678/3382 2917/680/3383 3494/806/3510
f 2946/830/3533 2650/677/3380 2918/678/3382 3493/807/3509
f 2945/831/3534 2946/830/3533 3493/807/3509 3486/800/3502
f 2944/832/3535 2945/831/3534 3486/800/3502 3479/793/3495
f 2943/833/3536 2944/832/3535 3479/793/3495 3472/786/3488
f 2942/834/3537 2943/833/3536 3472/786/3488 3465/779/3481
f 2941/835/3538 2942/834/3537 3465/779/3481 3458/767/3468
f 2940/815/3517 2941/835/3538 3458/767/3468 3451/764/3467
f 3500/836/3539 3507/839/3540 3508/838/3541 3501/837/3542
f 3501/837/3542 3508/838/3541 3509/841/3543 3502/840/3544
f 3502/840/3544 3509/841/3543 3510/843/3545 3503/842/3546
f 3503/842/3546 3510/843/3545 3511/845/3547 3504/844/3548
f 3504/844/3548 3511/845/3547 3512/847/3549 3505/846/3550
f 3505/846/3550 3512/847/3549 3513/849/3551 3506/848/3552
f 3507/839/3540 3514/851/3553 3515/850/3554 3508/838/3541
f 3508/838/3541 3515/850/3554 3516/852/3555 3509/841/3543
f 3509/841/3543 3516/852/3555 3517/853/3556 3510/843/3545
f 3510/843/3545 3517/853/3556 3518/854/3557 3511/845/3547
f 3511/845/3547 3518/854/3557 3519/855/3558 3512/847/3549
f 3512/847/3549 3519/855/3558 3520/856/3559 3513/849/3551
f 3514/851/3553 3521/858/3494 3522/857/3560 3515/850/3554
f 3515/850/3554 3522/857/3560 3523/859/3561 3516/852/3555
f 3516/852/3555 3523/859/3561 3524/860/2133 3517/853/3556
f 3517/853/3556 3524/860/2133 3525/861/3562 3518/854/3557
f 3518/854/3557 3525/861/3562 3526/862/3563 3519/855/3558
f 3519/855/3558 3526/862/3563 3527/863/3564 3520/856/3559
f 3521/858/3494 3528/865/3565 3529/864/3566 3522/857/3560
f 3522/857/3560 3529/864/3566 3530/866/3567 3523/859/3561
f 3523/859/3561 3530/866/3567 3531/867/3568 3524/860/2133
f 3524/860/2133 3531/867/3568 3532/868/3569 3525/861/3562
f 3525/861/3562 3532/868/3569 3533/869/3570 3526/862/3563
f 3526/862/3563 3533/869/3570 3534/870/3571 3527/863/3564
f 3528/865/3565 3535/872/3572 3536/871/3573 3529/864/3566
f 3529/864/3566 3536/871/3573 3537/873/3574 3530/866/3567
f 3530/866/3567 3537/873/3574 3538/874/3575 3531/867/3568
f 3531/867/3568 3538/874/3575 3539/875/3576 3532/868/3569
f 3532/868/3569 3539/875/3576 3540/876/3577 3533/869/3570
f 3533/869/3570 3540/876/3577 3541/877/3578 3534/870/3571
f 3535/872/3572 3542/879/3579 3543/878/3580 3536/871/3573
f 3536/871/3573 3543/878/3580 3544/880/3581 3537/873/3574
f 3537/873/3574 3544/880/3581 3545/881/3582 3538/874/3575
f 3538/874/3575 3545/881/3582 3546/882/3583 3539/875/3576
f 3539/875/3576 3546/882/3583 3547/883/3584 3540/876/3577
f 3540/876/3577 3547/883/3584 3548/884/3585 3541/877/3578
f 2640/822/3526 2821/823/3525 3500/836/3539 2764/885/3586
f 2764/885/3586 3500/836/3539 3501/837/3542 2763/886/3587
f 2763/886/3587 3501/837/3542 3502/840/3544 2762/887/3588
f 2762/887/3588 3502/840/3544 3503/842/3546 2761/888/3589
f 2761/888/3589 3503/842/3546 3504/844/3548 2760/889/3590
f 2760/889/3590 3504/844/3548 3505/846/3550 2759/890/3591
f 2759/890/3591 3505/846/3550 3506/848/3552 2758/891/3592
f 2758/891/3592 3506/848/3552 2828/893/3593 2639/892/3594
f 3506/848/3552 3513/849/3551 2829/894/3595 2828/893/3593
f 3513/849/3551 3520/856/3559 2830/895/3596 2829/894/3595
f 3520/856/3559 3527/863/3564 2831/896/3597 2830/895/3596
f 3527/863/3564 3534/870/3571 2832/897/3598 2831/896/3597
f 3534/870/3571 3541/877/3578 2833/898/3599 2832/897/3598
f 3541/877/3578 3548/884/3585 2834/899/3600 2833/898/3599
f 3548/884/3585 2772/755/3458 2641/756/3460 2834/899/3600
f 3547/883/3584 2773/754/3457 2772/755/3458 3548/884/3585
f 3546/882/3583 2774/753/3456 2773/754/3457 3547/883/3584
f 3545/881/3582 2775/752/3455 2774/753/3456 3546/882/3583
f 3544/880/3581 2776/751/3454 2775/752/3455 3545/881/3582
f 3543/878/3580 2777/750/3453 2776/751/3454 3544/880/3581
f 3542/879/3579 2778/749/3452 2777/750/3453 3543/878/3580
f 2827/829/3532 2642/686/3390 2778/749/3452 3542/879/3579
f 2826/828/3531 2827/829/3532 3542/879/3579 3535/872/3572
f 2825/827/3530 2826/828/3531 3535/872/3572 3528/865/3565
f 2824/826/3529 2825/827/3530 3528/865/3565 3521/858/3494
f 2823/825/3528 2824/826/3529 3521/858/3494 3514/851/3553
f 2822/824/3527 2823/825/3528 3514/851/3553 3507/839/3540
f 2821/823/3525 2822/824/3527 3507/839/3540 3500/836/3539
f 3549/900/3601 3556/903/3602 3557/902/3603 3550/901/3604
f 3550/901/3604 3557/902/3603 3558/905/3605 3551/904/3606
f 3551/904/3606 3558/905/3605 3559/907/3607 3552/906/3608
f 3552/906/3608 3559/907/3607 3560/909/3609 3553/908/3610
f 3553/908/3610 3560/909/3609 3561/911/3611 3554/910/3612
f 3554/910/3612 3561/911/3611 3562/913/3613 3555/912/3614
f 3556/903/3602 3563/915/3615 3564/914/3616 3557/902/3603
f 3557/902/3603 3564/914/3616 3565/916/3617 3558/905/3605
f 3558/905/3605 3565/916/3617 3566/917/3618 3559/907/3607
f 3559/907/3607 3566/917/3618 3567/918/3619 3560/909/3609
f 3560/909/3609 3567/918/3619 3568/919/3620 3561/911/3611
f 3561/911/3611 3568/919/3620 3569/920/3621 3562/913/3613
f 3563/915/3615 3570/922/3622 3571/921/3623 3564/914/3616
f 3564/914/3616 3571/921/3623 3572/923/3624 3565/916/3617
f 3565/916/3617 3572/923/3624 3573/924/3625 3566/917/3618
f 3566/917/3618 3573/924/3625 3574/925/3626 3567/918/3619
f 3567/918/3619 3574/925/3626 3575/926/3627 3568/919/3620
f 3568/919/3620 3575/926/3627 3576/927/3628 3569/920/3621
f 3570/922/3622 3577/929/3629 3578/928/3630 3571/921/3623
f 3571/921/3623 3578/928/3630 3579/930/3631 3572/923/3624
f 3572/923/3624 3579/930/3631 3580/931/3632 3573/924/3625
f 3573/924/3625 3580/931/3632 3581/932/3633 3574/925/3626
f 3574/925/3626 3581/932/3633 3582/933/3634 3575/926/3627
f 3575/926/3627 3582/933/3634 3583/934/3635 3576/927/3628
f 3577/929/3629 3584/936/3636 3585/935/3637 3578/928/3630
f 3578/928/3630 3585/935/3637 3586/937/3638 3579/930/3631
f 3579/930/3631 3586/937/3638 3587/938/3639 3580/931/3632
f 3580/931/3632 3587/938/3639 3588/939/3640 3581/932/3633
f 3581/932/3633 3588/939/3640 3589/940/3641 3582/933/3634
f 3582/933/3634 3589/940/3641 3590/941/3642 3583/934/3635
f 3584/936/3636 3591/943/3643 3592/942/3644 3585/935/3637
f 3585/935/3637 3592/942/3644 3593/944/3645 3586/937/3638
f 3586/937/3638 3593/944/3645 3594/945/3646 3587/938/3639
f 3587/938/3639 3594/945/3646 3595/946/3647 3588/939/3640
f 3588/939/3640 3595/946/3647 3596/947/3648 3589/940/3641
f 3589/940/3641 3596/947/3648 3597/948/3649 3590/941/3642
f 2652/949/3253 2933/951/3650 3549/900/3601 2737/950/3251
f 2737/950/3251 3549/900/3601 3550/901/3604 2738/952/3250
f 2738/952/3250 3550/901/3604 3551/904/3606 2739/953/3249
f 2739/953/3249 3551/904/3606 3552/906/3608 2740/954/3248
f 2740/954/3248 3552/906/3608 3553/908/3610 2741/955/3247
f 2741/955/3247 3553/908/3610 3554/910/3612 2742/956/3246
f 2742/956/3246 3554/910/3612 3555/912/3614 2743/957/3244
f 2743/957/3244 3555/912/3614 2835/959/3651 2637/958/3245
f 3555/912/3614 3562/913/3613 2836/960/3652 2835/959/3651
f 3562/913/3613 3569/920/3621 2837/961/3653 2836/960/3652
f 3569/920/3621 3576/927/3628 2838/962/3654 2837/961/3653
f 3576/927/3628 3583/934/3635 2839/963/3655 2838/962/3654
f 3583/934/3635 3590/941/3642 2840/964/3656 2839/963/3655
f 3590/941/3642 3597/948/3649 2841/965/3657 2840/964/3656
f 3597/948/3649 2905/821/3524 2640/822/3526 2841/965/3657
f 3596/947/3648 2906/820/3523 2905/821/3524 3597/948/3649
f 3595/946/3647 2907/819/3522 2906/820/3523 3596/947/3648
f 3594/945/3646 2908/818/3521 2907/819/3522 3595/946/3647
f 3593/944/3645 2909/817/3520 2908/818/3521 3594/945/3646
f 3592/942/3644 2910/816/3519 2909/817/3520 3593/944/3645
f 3591/943/3643 2911/814/3518 2910/816/3519 3592/942/3644
f 2939/966/3658 2649/813/3516 2911/814/3518 3591/943/3643
f 2938/967/3659 2939/966/3658 3591/943/3643 3584/936/3636
f 2937/968/3660 2938/967/3659 3584/936/3636 3577/929/3629
f 2936/969/3661 2937/968/3660 3577/929/3629 3570/922/3622
f 2935/970/3662 2936/969/3661 3570/922/3622 3563/915/3615
f 2934/971/3663 2935/970/3662 3563/915/3615 3556/903/3602
f 2933/951/3650 2934/971/3663 3556/903/3602 3549/900/3601
f 3598/972/3664 3605/975/3665 3606/974/3666 3599/973/3667
f 3599/973/3667 3606/974/3666 3607/977/3668 3600/976/3669
f 3600/976/3669 3607/977/3668 3608/979/3670 3601/978/3671
f 3601/978/3671 3608/979/3670 3609/981/3672 3602/980/3673
f 3602/980/3673 3609/981/3672 3610/983/3674 3603/982/3675
f 3603/982/3675 3610/983/3674 3611/985/3676 3604/984/3677
f 3605/975/3665 3612/987/3678 3613/986/3679 3606/974/3666
f 3606/974/3666 3613/986/3679 3614/988/3680 3607/977/3668
f 3607/977/3668 3614/988/3680 3615/989/3681 3608/979/3670
f 3608/979/3670 3615/989/3681 3616/990/3682 3609/981/3672
f 3609/981/3672 3616/990/3682 3617/991/3683 3610/983/3674
f 3610/983/3674 3617/991/3683 3618/992/3684 3611/985/3676
f 3612/987/3678 3619/994/3685 3620/993/3686 3613/986/3679
f 3613/986/3679 3620/993/3686 3621/995/3687 3614/988/3680
f 3614/988/3680 3621/995/3687 3622/996/3688 3615/989/3681
f 3615/989/3681 3622/996/3688 3623/997/3689 3616/990/3682
f 3616/990/3682 3623/997/3689 3624/998/3690 3617/991/3683
f 3617/991/3683 3624/998/3690 3625/999/3691 3618/992/3684
f 3619/994/3685 3626/1001/3692 3627/1000/3693 3620/993/3686
f 3620/993/3686 3627/1000/3693 3628/1002/3694 3621/995/3687
f 3621/995/3687 3628/1002/3694 3629/1003/3695 3622/996/3688
f 3622/996/3688 3629/1003/3695 3630/1004/3696 3623/997/3689
f 3623/997/3689 3630/1004/3696 3631/1005/3697 3624/998/3690
f 3624/998/3690 3631/1005/3697 3632/1006/3698 3625/999/3691
f 3626/1001/3692 3633/1008/3699 3634/1007/3700 3627/1000/3693
f 3627/1000/3693 3634/1007/3700 3635/1009/3701 3628/1002/3694
f 3628/1002/3694 3635/1009/3701 3636/1010/3702 3629/1003/3695
f 3629/1003/3695 3636/1010/3702 3637/1011/3703 3630/1004/3696
f 3630/1004/3696 3637/1011/3703 3638/1012/3704 3631/1005/3697
f 3631/1005/3697 3638/1012/3704 3639/1013/3705 3632/1006/3698
f 3633/1008/3699 3640/1015/3706 3641/1014/3707 3634/1007/3700
f 3634/1007/3700 3641/1014/3707 3642/1016/3708 3635/1009/3701
f 3635/1009/3701 3642/1016/3708 3643/1017/3709 3636/1010/3702
f 3636/1010/3702 3643/1017/3709 3644/1018/3710 3637/1011/3703
f 3637/1011/3703 3644/1018/3710 3645/1019/3711 3638/1012/3704
f 3638/1012/3704 3645/1019/3711 3646/1020/3712 3639/1013/3705
f 2637/958/3245 2835/959/3651 3598/972/3664 2744/1021/3330
f 2744/1021/3330 3598/972/3664 3599/973/3667 2745/1022/3329
f 2745/1022/3329 3599/973/3667 3600/976/3669 2746/1023/3328
f 2746/1023/3328 3600/976/3669 3601/978/3671 2747/1024/3327
f 2747/1024/3327 3601/978/3671 3602/980/3673 2748/1025/3326
f 2748/1025/3326 3602/980/3673 3603/982/3675 2749/1026/3325
f 2749/1026/3325 3603/982/3675 3604/984/3677 2750/1027/3323
f 2750/1027/3323 3604/984/3677 2842/1029/3713 2638/1028/3324
f 3604/984/3677 3611/985/3676 2843/1030/3714 2842/1029/3713
f 3611/985/3676 3618/992/3684 2844/1031/3715 2843/1030/3714
f 3618/992/3684 3625/999/3691 2845/1032/3716 2844/1031/3715
f 3625/999/3691 3632/1006/3698 2846/1033/3717 2845/1032/3716
f 3632/1006/3698 3639/1013/3705 2847/1034/3718 2846/1033/3717
f 3639/1013/3705 3646/1020/3712 2848/1035/3719 2847/1034/3718
f 3646/1020/3712 2758/891/3592 2639/892/3594 2848/1035/3719
f 3645/1019/3711 2759/890/3591 2758/891/3592 3646/1020/3712
f 3644/1018/3710 2760/889/3590 2759/890/3591 3645/1019/3711
f 3643/1017/3709 2761/888/3589 2760/889/3590 3644/1018/3710
f 3642/1016/3708 2762/887/3588 2761/888/3589 3643/1017/3709
f 3641/1014/3707 2763/886/3587 2762/887/3588 3642/1016/3708
f 3640/1015/3706 2764/885/3586 2763/886/3587 3641/1014/3707
f 2841/965/3657 2640/822/3526 2764/885/3586 3640/1015/3706
f 2840/964/3656 2841/965/3657 3640/1015/3706 3633/1008/3699
f 2839/963/3655 2840/964/3656 3633/1008/3699 3626/1001/3692
f 2838/962/3654 2839/963/3655 3626/1001/3692 3619/994/3685
f 2837/961/3653 2838/962/3654 3619/994/3685 3612/987/3678
f 2836/960/3652 2837/961/3653 3612/987/3678 3605/975/3665
f 2835/959/3651 2836/960/3652 3605/975/3665 3598/972/3664
f 3647/1036/3720 3654/1039/3721 3655/1038/3722 3648/1037/3723
f 3648/1037/3723 3655/1038/3722 3656/1041/3724 3649/1040/3725
f 3649/1040/3725 3656/1041/3724 3657/1043/3726 3650/1042/3727
f 3650/1042/3727 3657/1043/3726 3658/1045/3728 3651/1044/3729
f 3651/1044/3729 3658/1045/3728 3659/1047/3730 3652/1046/3731
f 3652/1046/3731 3659/1047/3730 3660/1049/3732 3653/1048/3733
f 3654/1039/3721 3661/1051/3734 3662/1050/3735 3655/1038/3722
f 3655/1038/3722 3662/1050/3735 3663/1052/3736 3656/1041/3724
f 3656/1041/3724 3663/1052/3736 3664/1053/3737 3657/1043/3726
f 3657/1043/3726 3664/1053/3737 3665/1054/3738 3658/1045/3728
f 3658/1045/3728 3665/1054/3738 3666/1055/3739 3659/1047/3730
f 3659/1047/3730 3666/1055/3739 3667/1056/3740 3660/1049/3732
f 3661/1051/3734 3668/1058/3741 3669/1057/3742 3662/1050/3735
f 3662/1050/3735 3669/1057/3742 3670/1059/3743 3663/1052/3736
f 3663/1052/3736 3670/1059/3743 3671/1060/3744 3664/1053/3737
f 3664/1053/3737 3671/1060/3744 3672/1061/3745 3665/1054/3738
f 3665/1054/3738 3672/1061/3745 3673/1062/3746 3666/1055/3739
f 3666/1055/3739 3673/1062/3746 3674/1063/3747 3667/1056/3740
f 3668/1058/3741 3675/1065/3748 3676/1064/3749 3669/1057/3742
f 3669/1057/3742 3676/1064/3749 3677/1066/3750 3670/1059/3743
f 3670/1059/3743 3677/1066/3750 3678/1067/3751 3671/1060/3744
f 3671/1060/3744 3678/1067/3751 3679/1068/3752 3672/1061/3745
f 3672/1061/3745 3679/1068/3752 3680/1069/3753 3673/1062/3746
f 3673/1062/3746 3680/1069/3753 3681/1070/3754 3674/1063/3747
f 3675/1065/3748 3682/1072/3755 3683/1071/3756 3676/1064/3749
f 3676/1064/3749 3683/1071/3756 3684/1073/3757 3677/1066/3750
f 3677/1066/3750 3684/1073/3757 3685/1074/3758 3678/1067/3751
f 3678/1067/3751 3685/1074/3758 3686/1075/3759 3679/1068/3752
f 3679/1068/3752 3686/1075/3759 3687/1076/3760 3680/1069/3753
f 3680/1069/3753 3687/1076/3760 3688/1077/3761 3681/1070/3754
f 3682/1072/3755 3689/1079/3762 3690/1078/3763 3683/1071/3756
f 3683/1071/3756 3690/1078/3763 3691/1080/3764 3684/1073/3757
f 3684/1073/3757 3691/1080/3764 3692/1081/3765 3685/1074/3758
f 3685/1074/3758 3692/1081/3765 3693/1082/3766 3686/1075/3759
f 3686/1075/3759 3693/1082/3766 3694/1083/3767 3687/1076/3760
f 3687/1076/3760 3694/1083/3767 3695/1084/3768 3688/1077/3761
f 2643/612/3316 2800/613/3315 3647/1036/3720 2785/1085/3769
f 2785/1085/3769 3647/1036/3720 3648/1037/3723 2784/1086/3770
f 2784/1086/3770 3648/1037/3723 3649/1040/3725 2783/1087/3771
f 2783/1087/3771 3649/1040/3725 3650/1042/3727 2782/1088/3772
f 2782/1088/3772 3650/1042/3727 3651/1044/3729 2781/1089/3773
f 2781/1089/3773 3651/1044/3729 3652/1046/3731 2780/1090/3774
f 2780/1090/3774 3652/1046/3731 3653/1048/3733 2779/1091/3775
f 2779/1091/3775 3653/1048/3733 2877/275/3034 2648/220/2979
f 3653/1048/3733 3660/1049/3732 2878/297/3047 2877/275/3034
f 3660/1049/3732 3667/1056/3740 2879/296/3046 2878/297/3047
f 3667/1056/3740 3674/1063/3747 2880/295/3045 2879/296/3046
f 3674/1063/3747 3681/1070/3754 2881/294/3044 2880/295/3045
f 3681/1070/3754 3688/1077/3761 2882/293/3043 2881/294/3044
f 3688/1077/3761 3695/1084/3768 2883/291/3042 2882/293/3043
f 3695/1084/3768 2855/1092/3776 2645/292/2809 2883/291/3042
f 3694/1083/3767 2854/1093/3777 2855/1092/3776 3695/1084/3768
f 3693/1082/3766 2853/1094/3778 2854/1093/3777 3694/1083/3767
f 3692/1081/3765 2852/1095/3779 2853/1094/3778 3693/1082/3766
f 3691/1080/3764 2851/1096/3780 2852/1095/3779 3692/1081/3765
f 3690/1078/3763 2850/1097/3781 2851/1096/3780 3691/1080/3764
f 3689/1079/3762 2849/1098/3782 2850/1097/3781 3690/1078/3763
f 2806/619/3322 2638/620/3324 2849/1098/3782 3689/1079/3762
f 2805/618/3321 2806/619/3322 3689/1079/3762 3682/1072/3755
f 2804/617/3320 2805/618/3321 3682/1072/3755 3675/1065/3748
f 2803/616/3319 2804/617/3320 3675/1065/3748 3668/1058/3741
f 2802/615/3318 2803/616/3319 3668/1058/3741 3661/1051/3734
f 2801/614/3317 2802/615/3318 3661/1051/3734 3654/1039/3721
f 2800/613/3315 2801/614/3317 3654/1039/3721 3647/1036/3720
f 3696/1099/3783 3703/1102/3784 3704/1101/3785 3697/1100/3786
f 3697/1100/3786 3704/1101/3785 3705/1104/3787 3698/1103/3788
f 3698/1103/3788 3705/1104/3787 3706/1106/3789 3699/1105/3790
f 3699/1105/3790 3706/1106/3789 3707/1108/3791 3700/1107/3792
f 3700/1107/3792 3707/1108/3791 3708/1110/3793 3701/1109/3794
f 3701/1109/3794 3708/1110/3793 3709/1112/3795 3702/1111/3796
f 3703/1102/3784 3710/1114/3797 3711/1113/3798 3704/1101/3785
f 3704/1101/3785 3711/1113/3798 3712/1115/3799 3705/1104/3787
f 3705/1104/3787 3712/1115/3799 3713/1116/3800 3706/1106/3789
f 3706/1106/3789 3713/1116/3800 3714/1117/3801 3707/1108/3791
f 3707/1108/3791 3714/1117/3801 3715/1118/3802 3708/1110/3793
f 3708/1110/3793 3715/1118/3802 3716/1119/3803 3709/1112/3795
f 3710/1114/3797 3717/1121/3804 3718/1120/3805 3711/1113/3798
f 3711/1113/3798 3718/1120/3805 3719/1122/3806 3712/1115/3799
f 3712/1115/3799 3719/1122/3806 3720/1123/3807 3713/1116/3800
f 3713/1116/3800 3720/1123/3807 3721/1124/3808 3714/1117/3801
f 3714/1117/3801 3721/1124/3808 3722/1125/3809 3715/1118/3802
f 3715/1118/3802 3722/1125/3809 3723/1126/3810 3716/1119/3803
f 3717/1121/3804 3724/1128/3811 3725/1127/3812 3718/1120/3805
f 3718/1120/3805 3725/1127/3812 3726/1129/3813 3719/1122/3806
f 3719/1122/3806 3726/1129/3813 3727/1130/3814 3720/1123/3807
f 3720/1123/3807 3727/1130/3814 3728/1131/3815 3721/1124/3808
f 3721/1124/3808 3728/1131/3815 3729/1132/3816 3722/1125/3809
f 3722/1125/3809 3729/1132/3816 3730/1133/3817 3723/1126/3810
f 3724/1128/3811 3731/1135/3818 3732/1134/3819 3725/1127/3812
f 3725/1127/3812 3732/1134/3819 3733/1136/3820 3726/1129/3813
f 3726/1129/3813 3733/1136/3820 3734/1137/3821 3727/1130/3814
f 3727/1130/3814 3734/1137/3821 3735/1138/3822 3728/1131/3815
f 3728/1131/3815 3735/1138/3822 3736/1139/3823 3729/1132/3816
f 3729/1132/3816 3736/1139/3823 3737/1140/3824 3730/1133/3817
f 3731/1135/3818 3738/1142/3825 3739/1141/3826 3732/1134/3819
f 3732/1134/3819 3739/1141/3826 3740/1143/3827 3733/1136/3820
f 3733/1136/3820 3740/1143/3827 3741/1144/3828 3734/1137/3821
f 3734/1137/3821 3741/1144/3828 3742/1145/3829 3735/1138/3822
f 3735/1138/3822 3742/1145/3829 3743/1146/3830 3736/1139/3823
f 3736/1139/3823 3743/1146/3830 3744/1147/3831 3737/1140/3824
f 2641/756/3460 2814/757/3459 3696/1099/3783 2771/1148/3832
f 2771/1148/3832 3696/1099/3783 3697/1100/3786 2770/1149/3833
f 2770/1149/3833 3697/1100/3786 3698/1103/3788 2769/1150/3834
f 2769/1150/3834 3698/1103/3788 3699/1105/3790 2768/1151/3835
f 2768/1151/3835 3699/1105/3790 3700/1107/3792 2767/1152/3836
f 2767/1152/3836 3700/1107/3792 3701/1109/3794 2766/1153/3837
f 2766/1153/3837 3701/1109/3794 3702/1111/3796 2765/1154/3838
f 2765/1154/3838 3702/1111/3796 2884/203/2962 2647/148/2907
f 3702/1111/3796 3709/1112/3795 2885/225/2984 2884/203/2962
f 3709/1112/3795 3716/1119/3803 2886/224/2983 2885/225/2984
f 3716/1119/3803 3723/1126/3810 2887/223/2982 2886/224/2983
f 3723/1126/3810 3730/1133/3817 2888/222/2981 2887/223/2982
f 3730/1133/3817 3737/1140/3824 2889/221/2980 2888/222/2981
f 3737/1140/3824 3744/1147/3831 2890/219/2978 2889/221/2980
f 3744/1147/3831 2779/1091/3775 2648/220/2979 2890/219/2978
f 3743/1146/3830 2780/1090/3774 2779/1091/3775 3744/1147/3831
f 3742/1145/3829 2781/1089/3773 2780/1090/3774 3743/1146/3830
f 3741/1144/3828 2782/1088/3772 2781/1089/3773 3742/1145/3829
f 3740/1143/3827 2783/1087/3771 2782/1088/3772 3741/1144/3828
f 3739/1141/3826 2784/1086/3770 2783/1087/3771 3740/1143/3827
f 3738/1142/3825 2785/1085/3769 2784/1086/3770 3739/1141/3826
f 2820/763/3466 2643/612/3316 2785/1085/3769 3738/1142/3825
f 2819/762/3465 2820/763/3466 3738/1142/3825 3731/1135/3818
f 2818/761/3464 2819/762/3465 3731/1135/3818 3724/1128/3811
f 2817/760/3463 2818/761/3464 3724/1128/3811 3717/1121/3804
f 2816/759/3462 2817/760/3463 3717/1121/3804 3710/1114/3797
f 2815/758/3461 2816/759/3462 3710/1114/3797 3703/1102/3784
f 2814/757/3459 2815/758/3461 3703/1102/3784 3696/1099/3783
f 3745/1155/3839 3752/1158/3840 3753/1157/3841 3746/1156/3842
f 3746/1156/3842 3753/1157/3841 3754/1160/3843 3747/1159/3844
f 3747/1159/3844 3754/1160/3843 3755/1162/3845 3748/1161/3846
f 3748/1161/3846 3755/1162/3845 3756/1164/3847 3749/1163/3848
f 3749/1163/3848 3756/1164/3847 3757/1166/3849 3750/1165/3850
f 3750/1165/3850 3757/1166/3849 3758/1168/3851 3751/1167/3852
f 3752/1158/3840 3759/1170/3853 3760/1169/3854 3753/1157/3841
f 3753/1157/3841 3760/1169/3854 3761/1171/3855 3754/1160/3843
f 3754/1160/3843 3761/1171/3855 3762/1172/3856 3755/1162/3845
f 3755/1162/3845 3762/1172/3856 3763/1173/3857 3756/1164/3847
f 3756/1164/3847 3763/1173/3857 3764/1174/3858 3757/1166/3849
f 3757/1166/3849 3764/1174/3858 3765/1175/3859 3758/1168/3851
f 3759/1170/3853 3766/1177/3860 3767/1176/3861 3760/1169/3854
f 3760/1169/3854 3767/1176/3861 3768/1178/3862 3761/1171/3855
f 3761/1171/3855 3768/1178/3862 3769/1179/3863 3762/1172/3856
f 3762/1172/3856 3769/1179/3863 3770/1180/3864 3763/1173/3857
f 3763/1173/3857 3770/1180/3864 3771/1181/3865 3764/1174/3858
f 3764/1174/3858 3771/1181/3865 3772/1182/3866 3765/1175/3859
f 3766/1177/3860 3773/1184/3867 3774/1183/3868 3767/1176/3861
f 3767/1176/3861 3774/1183/3868 3775/1185/3869 3768/1178/3862
f 3768/1178/3862 3775/1185/3869 3776/1186/3870 3769/1179/3863
f 3769/1179/3863 3776/1186/3870 3777/1187/3871 3770/1180/3864
f 3770/1180/3864 3777/1187/3871 3778/1188/3872 3771/1181/3865
f 3771/1181/3865 3778/1188/3872 3779/1189/3873 3772/1182/3866
f 3773/1184/3867 3780/1191/3874 3781/1190/3875 3774/1183/3868
f 3774/1183/3868 3781/1190/3875 3782/1192/3876 3775/1185/3869
f 3775/1185/3869 3782/1192/3876 3783/1193/3877 3776/1186/3870
f 3776/1186/3870 3783/1193/3877 3784/1194/3878 3777/1187/3871
f 3777/1187/3871 3784/1194/3878 3785/1195/3879 3778/1188/3872
f 3778/1188/3872 3785/1195/3879 3786/1196/3880 3779/1189/3873
f 3780/1191/3874 3787/1198/3881 3788/1197/3882 3781/1190/3875
f 3781/1190/3875 3788/1197/3882 3789/1199/3883 3782/1192/3876
f 3782/1192/3876 3789/1199/3883 3790/1200/3884 3783/1193/3877
f 3783/1193/3877 3790/1200/3884 3791/1201/3885 3784/1194/3878
f 3784/1194/3878 3791/1201/3885 3792/1202/3886 3785/1195/3879
f 3785/1195/3879 3792/1202/3886 3793/1203/3887 3786/1196/3880
f 2639/892/3594 2828/893/3593 3745/1155/3839 2757/1204/3888
f 2757/1204/3888 3745/1155/3839 3746/1156/3842 2756/1205/3889
f 2756/1205/3889 3746/1156/3842 3747/1159/3844 2755/1206/3890
f 2755/1206/3890 3747/1159/3844 3748/1161/3846 2754/1207/3891
f 2754/1207/3891 3748/1161/3846 3749/1163/3848 2753/1208/3892
f 2753/1208/3892 3749/1163/3848 3750/1165/3850 2752/1209/3893
f 2752/1209/3893 3750/1165/3850 3751/1167/3852 2751/1210/3894
f 2751/1210/3894 3751/1167/3852 2891/131/2890 2646/76/2835
f 3751/1167/3852 3758/1168/3851 2892/153/2912 2891/131/2890
f 3758/1168/3851 3765/1175/3859 2893/152/2911 2892/153/2912
f 3765/1175/3859 3772/1182/3866 2894/151/2910 2893/152/2911
f 3772/1182/3866 3779/1189/3873 2895/150/2909 2894/151/2910
f 3779/1189/3873 3786/1196/3880 2896/149/2908 2895/150/2909
f 3786/1196/3880 3793/1203/3887 2897/147/2906 2896/149/2908
f 3793/1203/3887 2765/1154/3838 2647/148/2907 2897/147/2906
f 3792/1202/3886 2766/1153/3837 2765/1154/3838 3793/1203/3887
f 3791/1201/3885 2767/1152/3836 2766/1153/3837 3792/1202/3886
f 3790/1200/3884 2768/1151/3835 2767/1152/3836 3791/1201/3885
f 3789/1199/3883 2769/1150/3834 2768/1151/3835 3790/1200/3884
f 3788/1197/3882 2770/1149/3833 2769/1150/3834 3789/1199/3883
f 3787/1198/3881 2771/1148/3832 2770/1149/3833 3788/1197/3882
f 2834/899/3600 2641/756/3460 2771/1148/3832 3787/1198/3881
f 2833/898/3599 2834/899/3600 3787/1198/3881 3780/1191/3874
f 2832/897/3598 2833/898/3599 3780/1191/3874 3773/1184/3867
f 2831/896/3597 2832/897/3598 3773/1184/3867 3766/1177/3860
f 2830/895/3596 2831/896/3597 3766/1177/3860 3759/1170/3853
f 2829/894/3595 2830/895/3596 3759/1170/3853 3752/1158/3840
f 2828/893/3593 2829/894/3595 3752/1158/3840 3745/1155/3839
f 3794/1211/3895 3801/1214/3896 3802/1213/3897 3795/1212/3898
f 3795/1212/3898 3802/1213/3897 3803/1216/3899 3796/1215/3900
f 3796/1215/3900 3803/1216/3899 3804/1218/3901 3797/1217/3902
f 3797/1217/3902 3804/1218/3901 3805/1220/3903 3798/1219/3904
f 3798/1219/3904 3805/1220/3903 3806/1222/3905 3799/1221/3906
f 3799/1221/3906 3806/1222/3905 3807/1224/3907 3800/1223/3908
f 3801/1214/3896 3808/1226/3909 3809/1225/3910 3802/1213/3897
f 3802/1213/3897 3809/1225/3910 3810/1227/3911 3803/1216/3899
f 3803/1216/3899 3810/1227/3911 3811/1228/3912 3804/1218/3901
f 3804/1218/3901 3811/1228/3912 3812/1229/3913 3805/1220/3903
f 3805/1220/3903 3812/1229/3913 3813/1230/3914 3806/1222/3905
f 3806/1222/3905 3813/1230/3914 3814/1231/3915 3807/1224/3907
f 3808/1226/3909 3815/1233/3916 3816/1232/3917 3809/1225/3910
f 3809/1225/3910 3816/1232/3917 3817/1234/3918 3810/1227/3911
f 3810/1227/3911 3817/1234/3918 3818/1235/3919 3811/1228/3912
f 3811/1228/3912 3818/1235/3919 3819/1236/3920 3812/1229/3913
f 3812/1229/3913 3819/1236/3920 3820/1237/3921 3813/1230/3914
f 3813/1230/3914 3820/1237/3921 3821/1238/3922 3814/1231/3915
f 3815/1233/3916 3822/1240/3923 3823/1239/3924 3816/1232/3917
f 3816/1232/3917 3823/1239/3924 3824/1241/3925 3817/1234/3918
f 3817/1234/3918 3824/1241/3925 3825/1242/3926 3818/1235/3919
f 3818/1235/3919 3825/1242/3926 3826/1243/3927 3819/1236/3920
f 3819/1236/3920 3826/1243/3927 3827/1244/3928 3820/1237/3921
f 3820/1237/3921 3827/1244/3928 3828/1245/3929 3821/1238/3922
f 3822/1240/3923 3829/1247/3930 3830/1246/3931 3823/1239/3924
f 3823/1239/3924 3830/1246/3931 3831/1248/3932 3824/1241/3925
f 3824/1241/3925 3831/1248/3932 3832/1249/3933 3825/1242/3926
f 3825/1242/3926 3832/1249/3933 3833/1250/3934 3826/1243/3927
f 3826/1243/3927 3833/1250/3934 3834/1251/3935 3827/1244/3928
f 3827/1244/3928 3834/1251/3935 3835/1252/3936 3828/1245/3929
f 3829/1247/3930 3836/1254/3937 3837/1253/3938 3830/1246/3931
f 3830/1246/3931 3837/1253/3938 3838/1255/3939 3831/1248/3932
f 3831/1248/3932 3838/1255/3939 3839/1256/3940 3832/1249/3933
f 3832/1249/3933 3839/1256/3940 3840/1257/3941 3833/1250/3934
f 3833/1250/3934 3840/1257/3941 3841/1258/3942 3834/1251/3935
f 3834/1251/3935 3841/1258/3942 3842/1259/3943 3835/1252/3936
f 2638/1028/3324 2842/1029/3713 3794/1211/3895 2849/1260/3782
f 2849/1260/3782 3794/1211/3895 3795/1212/3898 2850/1261/3781
f 2850/1261/3781 3795/1212/3898 3796/1215/3900 2851/1262/3780
f 2851/1262/3780 3796/1215/3900 3797/1217/3902 2852/1263/3779
f 2852/1263/3779 3797/1217/3902 3798/1219/3904 2853/1264/3778
f 2853/1264/3778 3798/1219/3904 3799/1221/3906 2854/1265/3777
f 2854/1265/3777 3799/1221/3906 3800/1223/3908 2855/1266/3776
f 2855/1266/3776 3800/1223/3908 2898/52/2810 2645/50/2809
f 3800/1223/3908 3807/1224/3907 2899/81/2840 2898/52/2810
f 3807/1224/3907 3814/1231/3915 2900/80/2839 2899/81/2840
f 3814/1231/3915 3821/1238/3922 2901/79/2838 2900/80/2839
f 3821/1238/3922 3828/1245/3929 2902/78/2837 2901/79/2838
f 3828/1245/3929 3835/1252/3936 2903/77/2836 2902/78/2837
f 3835/1252/3936 3842/1259/3943 2904/75/2834 2903/77/2836
f 3842/1259/3943 2751/1210/3894 2646/76/2835 2904/75/2834
f 3841/1258/3942 2752/1209/3893 2751/1210/3894 3842/1259/3943
f 3840/1257/3941 2753/1208/3892 2752/1209/3893 3841/1258/3942
f 3839/1256/3940 2754/1207/3891 2753/1208/3892 3840/1257/3941
f 3838/1255/3939 2755/1206/3890 2754/1207/3891 3839/1256/3940
f 3837/1253/3938 2756/1205/3889 2755/1206/3890 3838/1255/3939
f 3836/1254/3937 2757/1204/3888 2756/1205/3889 3837/1253/3938
f 2848/1035/3719 2639/892/3594 2757/1204/3888 3836/1254/3937
f 2847/1034/3718 2848/1035/3719 3836/1254/3937 3829/1247/3930
f 2846/1033/3717 2847/1034/3718 3829/1247/3930 3822/1240/3923
f 2845/1032/3716 2846/1033/3717 3822/1240/3923 3815/1233/3916
f 2844/1031/3715 2845/1032/3716 3815/1233/3916 3808/1226/3909
f 2843/1030/3714 2844/1031/3715 3808/1226/3909 3801/1214/3896
f 2842/1029/3713 2843/1030/3714 3801/1214/3896 3794/1211/3895
f 3843/1267/3944 3850/1270/3945 3851/1269/3946 3844/1268/3947
f 3844/1268/3947 3851/1269/3946 3852/1272/3948 3845/1271/3949
f 3845/1271/3949 3852/1272/3948 3853/1274/3950 3846/1273/3951
f 3846/1273/3951 3853/1274/3950 3854/1276/3952 3847/1275/3953
f 3847/1275/3953 3854/1276/3952 3855/1278/3954 3848/1277/3955
f 3848/1277/3955 3855/1278/3954 3856/1280/3956 3849/1279/3957
f 3850/1281/3945 3857/1284/3958 3858/1283/3959 3851/1282/3946
f 3851/1282/3946 3858/1283/3959 3859/1286/3960 3852/1285/3948
f 3852/1272/3948 3859/1288/3960 3860/1287/3961 3853/1274/3950
f 3853/1274/3950 3860/1287/3961 3861/1289/3962 3854/1276/3952
f 3854/1276/3952 3861/1289/3962 3862/1290/3963 3855/1278/3954
f 3855/1278/3954 3862/1290/3963 3863/1291/3964 3856/1280/3956
f 3857/1284/3958 3864/1293/3965 3865/1292/3966 3858/1283/3959
f 3858/1283/3959 3865/1292/3966 3866/1294/3967 3859/1286/3960
f 3859/1286/3960 3866/1294/3967 3867/1296/3968 3860/1295/3961
f 3860/1287/3961 3867/1298/3968 3868/1297/3969 3861/1289/3962
f 3861/1289/3962 3868/1297/3969 3869/1299/3970 3862/1290/3963
f 3862/1290/3963 3869/1299/3970 3870/1300/3971 3863/1291/3964
f 3864/1293/3965 3871/1302/3972 3872/1301/3973 3865/1292/3966
f 3865/1292/3966 3872/1301/3973 3873/1303/3974 3866/1294/3967
f 3866/1294/3967 3873/1303/3974 3874/1304/3975 3867/1296/3968
f 3867/1298/3968 3874/1306/3975 3875/1305/3976 3868/1297/3969
f 3868/1297/3969 3875/1305/3976 3876/1307/3977 3869/1299/3970
f 3869/1299/3970 3876/1307/3977 3877/1308/3978 3870/1300/3971
f 3871/1302/3972 3878/1310/3979 3879/1309/3980 3872/1301/3973
f 3872/1301/3973 3879/1309/3980 3880/1311/3981 3873/1303/3974
f 3873/1312/3974 3880/1314/3981 3881/1313/3982 3874/1306/3975
f 3874/1306/3975 3881/1313/3982 3882/1315/3983 3875/1305/3976
f 3875/1305/3976 3882/1315/3983 3883/1316/3984 3876/1307/3977
f 3876/1307/3977 3883/1316/3984 3884/1317/3985 3877/1308/3978
f 3878/1310/3979 3885/1319/3986 3886/1318/3987 3879/1309/3980
f 3879/1320/3980 3886/1322/3987 3887/1321/3988 3880/1314/3981
f 3880/1314/3981 3887/1321/3988 3888/1323/3989 3881/1313/3982
f 3881/1313/3982 3888/1323/3989 3889/1324/3990 3882/1315/3983
f 3882/1315/3983 3889/1324/3990 3890/1325/3991 3883/1316/3984
f 3883/1316/3984 3890/1325/3991 3891/1326/3992 3884/1317/3985
f 2629/1327/3123 2659/1329/3122 3843/1267/3944 2926/1328/3993
f 2926/1328/3993 3843/1267/3944 3844/1268/3947 2927/1330/3994
f 2927/1330/3994 3844/1268/3947 3845/1271/3949 2928/1331/3995
f 2928/1331/3995 3845/1271/3949 3846/1273/3951 2929/1332/3996
f 2929/1332/3996 3846/1273/3951 3847/1275/3953 2930/1333/3997
f 2930/1333/3997 3847/1275/3953 3848/1277/3955 2931/1334/3998
f 2931/1334/3998 3848/1277/3955 3849/1279/3957 2932/1335/3999
f 2932/1335/3999 3849/1279/3957 2933/951/3650 2652/949/3253
f 3849/1279/3957 3856/1280/3956 2934/971/3663 2933/951/3650
f 3856/1280/3956 3863/1291/3964 2935/970/3662 2934/971/3663
f 3863/1291/3964 3870/1300/3971 2936/969/3661 2935/970/3662
f 3870/1300/3971 3877/1308/3978 2937/968/3660 2936/969/3661
f 3877/1308/3978 3884/1317/3985 2938/967/3659 2937/968/3660
f 3884/1317/3985 3891/1326/3992 2939/966/3658 2938/967/3659
f 3891/1326/3992 2674/1336/4000 2649/813/3516 2939/966/3658
f 3890/1325/3991 2675/1337/4001 2674/1336/4000 3891/1326/3992
f 3889/1324/3990 2676/1338/4002 2675/1337/4001 3890/1325/3991
f 3888/1323/3989 2677/1339/4003 2676/1338/4002 3889/1324/3990
f 3887/1321/3988 2678/1340/4004 2677/1339/4003 3888/1323/3989
f 3886/1322/3987 2679/1341/4005 2678/1340/4004 3887/1321/3988
f 3885/1342/3986 2680/1343/4006 2679/1341/4005 3886/1322/3987
f 2653/1344/3098 2631/1345/3097 2680/1343/4006 3885/1342/3986
f 2654/1346/3128 2653/1344/3098 3885/1342/3986 3878/1347/3979
f 2655/1348/3127 2654/1349/3128 3878/1310/3979 3871/1302/3972
f 2656/1350/3126 2655/1348/3127 3871/1302/3972 3864/1293/3965
f 2657/1351/3125 2656/1350/3126 3864/1293/3965 3857/1284/3958
f 2658/1352/3124 2657/1351/3125 3857/1284/3958 3850/1281/3945
f 2659/1353/3122 2658/1352/3124 3850/1281/3945 3843/1354/3944
f 3892/1355/4007 3899/1358/4008 3900/1357/4009 3893/1356/4010
f 3893/1356/4010 3900/1357/4009 3901/1360/4011 3894/1359/4012
f 3894/1359/4012 3901/1360/4011 3902/1362/4013 3895/1361/4014
f 3895/1361/4014 3902/1362/4013 3903/1364/4015 3896/1363/4016
f 3896/1363/4016 3903/1364/4015 3904/1366/4017 3897/1365/4018
f 3897/1365/4018 3904/1366/4017 3905/1368/4019 3898/1367/4020
f 3899/1358/4008 3906/1370/4021 3907/1369/4022 3900/1357/4009
f 3900/1357/4009 3907/1369/4022 3908/1371/4023 3901/1360/4011
f 3901/1360/4011 3908/1371/4023 3909/1372/4024 3902/1362/4013
f 3902/1362/4013 3909/1372/4024 3910/1373/4025 3903/1364/4015
f 3903/1364/4015 3910/1373/4025 3911/1374/4026 3904/1366/4017
f 3904/1366/4017 3911/1374/4026 3912/1375/4027 3905/1368/4019
f 3906/1370/4021 3913/1377/4028 3914/1376/4029 3907/1369/4022
f 3907/1369/4022 3914/1376/4029 3915/1378/4030 3908/1371/4023
f 3908/1371/4023 3915/1378/4030 3916/1379/4031 3909/1372/4024
f 3909/1372/4024 3916/1379/4031 3917/1380/4032 3910/1373/4025
f 3910/1373/4025 3917/1380/4032 3918/1381/4033 3911/1374/4026
f 3911/1374/4026 3918/1381/4033 3919/1382/4034 3912/1375/4027
f 3913/1377/4028 3920/1384/4035 3921/1383/4036 3914/1376/4029
f 3914/1376/4029 3921/1383/4036 3922/1385/4037 3915/1378/4030
f 3915/1378/4030 3922/1385/4037 3923/1386/4038 3916/1379/4031
f 3916/1379/4031 3923/1386/4038 3924/1387/4039 3917/1380/4032
f 3917/1380/4032 3924/1387/4039 3925/1388/4040 3918/1381/4033
f 3918/1381/4033 3925/1388/4040 3926/1389/4041 3919/1382/4034
f 3920/1384/4035 3927/1391/4042 3928/1390/4043 3921/1383/4036
f 3921/1383/4036 3928/1390/4043 3929/1392/4044 3922/1385/4037
f 3922/1385/4037 3929/1392/4044 3930/1393/4045 3923/1386/4038
f 3923/1386/4038 3930/1393/4045 3931/1394/4046 3924/1387/4039
f 3924/1387/4039 3931/1394/4046 3932/1395/4047 3925/1388/4040
f 3925/1388/4040 3932/1395/4047 3933/1396/4048 3926/1389/4041
f 3927/1391/4042 3934/1398/4049 3935/1397/4050 3928/1390/4043
f 3928/1390/4043 3935/1397/4050 3936/1399/4051 3929/1392/4044
f 3929/1392/4044 3936/1399/4051 3937/1400/4052 3930/1393/4045
f 3930/1393/4045 3937/1400/4052 3938/1401/4053 3931/1394/4046
f 3931/1394/4046 3938/1401/4053 3939/1402/4054 3932/1395/4047
f 3932/1395/4047 3939/1402/4054 3940/1403/4055 3933/1396/4048
f 2631/1345/3097 2687/1404/3099 3892/1355/4007 2680/1343/4006
f 2680/1343/4006 3892/1355/4007 3893/1356/4010 2679/1341/4005
f 2679/1341/4005 3893/1356/4010 3894/1359/4012 2678/1340/4004
f 2678/1340/4004 3894/1359/4012 3895/1361/4014 2677/1339/4003
f 2677/1339/4003 3895/1361/4014 3896/1363/4016 2676/1338/4002
f 2676/1338/4002 3896/1363/4016 3897/1365/4018 2675/1337/4001
f 2675/1337/4001 3897/1365/4018 3898/1367/4020 2674/1336/4000
f 2674/1336/4000 3898/1367/4020 2940/815/3517 2649/813/3516
f 3898/1367/4020 3905/1368/4019 2941/835/3538 2940/815/3517
f 3905/1368/4019 3912/1375/4027 2942/834/3537 2941/835/3538
f 3912/1375/4027 3919/1382/4034 2943/833/3536 2942/834/3537
f 3919/1382/4034 3926/1389/4041 2944/832/3535 2943/833/3536
f 3926/1389/4041 3933/1396/4048 2945/831/3534 2944/832/3535
f 3933/1396/4048 3940/1403/4055 2946/830/3533 2945/831/3534
f 3940/1403/4055 2695/1405/4056 2650/677/3380 2946/830/3533
f 3939/1402/4054 2696/1406/4057 2695/1405/4056 3940/1403/4055
f 3938/1401/4053 2697/1407/4058 2696/1406/4057 3939/1402/4054
f 3937/1400/4052 2698/1408/4059 2697/1407/4058 3938/1401/4053
f 3936/1399/4051 2699/1409/4060 2698/1408/4059 3937/1400/4052
f 3935/1397/4050 2700/1410/4061 2699/1409/4060 3936/1399/4051
f 3934/1398/4049 2701/1411/4062 2700/1410/4061 3935/1397/4050
f 2681/1412/3105 2635/371/3107 2701/1411/4062 3934/1398/4049
f 2682/1413/3104 2681/1412/3105 3934/1398/4049 3927/1391/4042
f 2683/1414/3103 2682/1413/3104 3927/1391/4042 3920/1384/4035
f 2684/1415/3102 2683/1414/3103 3920/1384/4035 3913/1377/4028
f 2685/1416/3101 2684/1415/3102 3913/1377/4028 3906/1370/4021
f 2686/1417/3100 2685/1416/3101 3906/1370/4021 3899/1358/4008
f 2687/1404/3099 2686/1417/3100 3899/1358/4008 3892/1355/4007
f 3941/1418/4063 3948/1421/4064 3949/1420/4065 3942/1419/4066
f 3942/1422/4066 3949/1425/4065 3950/1424/4067 3943/1423/4068
f 3943/1423/4068 3950/1424/4067 3951/1427/4069 3944/1426/4070
f 3944/1426/4070 3951/1427/4069 3952/1429/4071 3945/1428/4072
f 3945/1428/4072 3952/1429/4071 3953/1431/4073 3946/1430/4074
f 3946/1430/4074 3953/1431/4073 3954/1433/4075 3947/1432/4076
f 3948/1421/4064 3955/1435/4077 3956/1434/4078 3949/1420/4065
f 3949/1420/4065 3956/1434/4078 3957/1437/4079 3950/1436/4067
f 3950/1424/4067 3957/1439/4079 3958/1438/4080 3951/1427/4069
f 3951/1427/4069 3958/1438/4080 3959/1440/4081 3952/1429/4071
f 3952/1429/4071 3959/1440/4081 3960/1441/4082 3953/1431/4073
f 3953/1431/4073 3960/1441/4082 3961/1442/4083 3954/1433/4075
f 3955/1435/4077 3962/1444/4084 3963/1443/4085 3956/1434/4078
f 3956/1434/4078 3963/1443/4085 3964/1445/4086 3957/1437/4079
f 3957/1437/4079 3964/1445/4086 3965/1447/4087 3958/1446/4080
f 3958/1438/4080 3965/1449/4087 3966/1448/4088 3959/1440/4081
f 3959/1440/4081 3966/1448/4088 3967/1450/4089 3960/1441/4082
f 3960/1441/4082 3967/1450/4089 3968/1451/4090 3961/1442/4083
f 3962/1444/4084 3969/1453/4091 3970/1452/4092 3963/1443/4085
f 3963/1454/4085 3970/1457/4092 3971/1456/4093 3964/1455/4086
f 3964/1455/4086 3971/1456/4093 3972/1458/4094 3965/1449/4087
f 3965/1449/4087 3972/1458/4094 3973/1459/4095 3966/1448/4088
f 3966/1448/4088 3973/1459/4095 3974/1460/4096 3967/1450/4089
f 3967/1450/4089 3974/1460/4096 3975/1461/4097 3968/1451/4090
f 3969/1462/4091 3976/1464/4098 3977/1463/4099 3970/1457/4092
f 3970/1457/4092 3977/1463/4099 3978/1465/4100 3971/1456/4093
f 3971/1456/4093 3978/1465/4100 3979/1466/4101 3972/1458/4094
f 3972/1458/4094 3979/1466/4101 3980/1467/4102 3973/1459/4095
f 3973/1459/4095 3980/1467/4102 3981/1468/4103 3974/1460/4096
f 3974/1460/4096 3981/1468/4103 3982/1469/4104 3975/1461/4097
f 3976/1464/4098 3983/1471/4105 3984/1470/4106 3977/1463/4099
f 3977/1463/4099 3984/1470/4106 3985/1472/4107 3978/1465/4100
f 3978/1465/4100 3985/1472/4107 3986/1473/4108 3979/1466/4101
f 3979/1466/4101 3986/1473/4108 3987/1474/4109 3980/1467/4102
f 3980/1467/4102 3987/1474/4109 3988/1475/4110 3981/1468/4103
f 3981/1468/4103 3988/1475/4110 3989/1476/4111 3982/1469/4104
f 2635/371/3107 2708/372/3106 3941/1477/4063 2701/1411/4062
f 2701/1478/4062 3941/1418/4063 3942/1419/4066 2700/1479/4061
f 2700/1410/4061 3942/1422/4066 3943/1423/4068 2699/1409/4060
f 2699/1409/4060 3943/1423/4068 3944/1426/4070 2698/1408/4059
f 2698/1408/4059 3944/1426/4070 3945/1428/4072 2697/1407/4058
f 2697/1407/4058 3945/1428/4072 3946/1430/4074 2696/1406/4057
f 2696/1406/4057 3946/1430/4074 3947/1432/4076 2695/1405/4056
f 2695/1405/4056 3947/1432/4076 2947/679/3381 2650/677/3380
f 3947/1432/4076 3954/1433/4075 2948/699/3402 2947/679/3381
f 3954/1433/4075 3961/1442/4083 2949/698/3401 2948/699/3402
f 3961/1442/4083 3968/1451/4090 2950/697/3400 2949/698/3401
f 3968/1451/4090 3975/1461/4097 2951/696/3399 2950/697/3400
f 3975/1461/4097 3982/1469/4104 2952/695/3398 2951/696/3399
f 3982/1469/4104 3989/1476/4111 2953/694/3397 2952/695/3398
f 3989/1476/4111 2716/1480/4112 2651/524/3227 2953/694/3397
f 3988/1475/4110 2717/1481/4113 2716/1480/4112 3989/1476/4111
f 3987/1474/4109 2718/1482/4114 2717/1481/4113 3988/1475/4110
f 3986/1473/4108 2719/1483/4115 2718/1482/4114 3987/1474/4109
f 3985/1472/4107 2720/1484/4116 2719/1483/4115 3986/1473/4108
f 3984/1470/4106 2721/1485/4117 2720/1484/4116 3985/1472/4107
f 3983/1471/4105 2722/1486/4118 2721/1485/4117 3984/1470/4106
f 2702/382/3113 2633/383/3115 2722/1486/4118 3983/1471/4105
f 2703/381/3112 2702/382/3113 3983/1471/4105 3976/1464/4098
f 2704/1487/3111 2703/381/3112 3976/1464/4098 3969/1462/4091
f 2705/378/3110 2704/379/3111 3969/1453/4091 3962/1444/4084
f 2706/377/3109 2705/378/3110 3962/1444/4084 3955/1435/4077
f 2707/375/3108 2706/377/3109 3955/1435/4077 3948/1421/4064
f 2708/374/3106 2707/375/3108 3948/1421/4064 3941/1418/4063
f 3990/1488/4119 3997/1491/4120 3998/1490/4121 3991/1489/4122
f 3991/1489/4122 3998/1490/4121 3999/1493/4123 3992/1492/4124
f 3992/1492/4124 3999/1493/4123 4000/1495/4125 3993/1494/4126
f 3993/1494/4126 4000/1495/4125 4001/1497/4127 3994/1496/4128
f 3994/1496/4128 4001/1497/4127 4002/1499/4129 3995/1498/4130
f 3995/1498/4130 4002/1499/4129 4003/1501/4131 3996/1500/4132
f 3997/1491/4120 4004/1503/4133 4005/1502/4134 3998/1490/4121
f 3998/1490/4121 4005/1502/4134 4006/1504/4135 3999/1493/4123
f 3999/1493/4123 4006/1504/4135 4007/1505/4136 4000/1495/4125
f 4000/1495/4125 4007/1505/4136 4008/1506/4137 4001/1497/4127
f 4001/1497/4127 4008/1506/4137 4009/1507/4138 4002/1499/4129
f 4002/1499/4129 4009/1507/4138 4010/1508/4139 4003/1501/4131
f 4004/1503/4133 4011/1510/4140 4012/1509/4141 4005/1502/4134
f 4005/1502/4134 4012/1509/4141 4013/1511/4142 4006/1504/4135
f 4006/1504/4135 4013/1511/4142 4014/1512/4143 4007/1505/4136
f 4007/1505/4136 4014/1512/4143 4015/1513/4144 4008/1506/4137
f 4008/1506/4137 4015/1513/4144 4016/1514/4145 4009/1507/4138
f 4009/1507/4138 4016/1514/4145 4017/1515/4146 4010/1508/4139
f 4011/1510/4140 4018/1517/4147 4019/1516/4148 4012/1509/4141
f 4012/1509/4141 4019/1516/4148 4020/1518/4149 4013/1511/4142
f 4013/1511/4142 4020/1518/4149 4021/1519/4150 4014/1512/4143
f 4014/1512/4143 4021/1519/4150 4022/1520/4151 4015/1513/4144
f 4015/1513/4144 4022/1520/4151 4023/1521/4152 4016/1514/4145
f 4016/1514/4145 4023/1521/4152 4024/1522/4153 4017/1515/4146
f 4018/1517/4147 4025/1524/4154 4026/1523/4155 4019/1516/4148
f 4019/1516/4148 4026/1523/4155 4027/1525/4156 4020/1518/4149
f 4020/1518/4149 4027/1525/4156 4028/1526/4157 4021/1519/4150
f 4021/1519/4150 4028/1526/4157 4029/1527/4158 4022/1520/4151
f 4022/1520/4151 4029/1527/4158 4030/1528/4159 4023/1521/4152
f 4023/1521/4152 4030/1528/4159 4031/1529/4160 4024/1522/4153
f 4025/1524/4154 4032/1531/4161 4033/1530/4162 4026/1523/4155
f 4026/1523/4155 4033/1530/4162 4034/1532/4163 4027/1525/4156
f 4027/1525/4156 4034/1532/4163 4035/1533/4164 4028/1526/4157
f 4028/1526/4157 4035/1533/4164 4036/1534/4165 4029/1527/4158
f 4029/1527/4158 4036/1534/4165 4037/1535/4166 4030/1528/4159
f 4030/1528/4159 4037/1535/4166 4038/1536/4167 4031/1529/4160
f 2633/383/3115 2729/1537/3114 3990/1488/4119 2722/1486/4118
f 2722/1486/4118 3990/1488/4119 3991/1489/4122 2721/1485/4117
f 2721/1485/4117 3991/1489/4122 3992/1492/4124 2720/1484/4116
f 2720/1484/4116 3992/1492/4124 3993/1494/4126 2719/1483/4115
f 2719/1483/4115 3993/1494/4126 3994/1496/4128 2718/1482/4114
f 2718/1482/4114 3994/1496/4128 3995/1498/4130 2717/1481/4113
f 2717/1481/4113 3995/1498/4130 3996/1500/4132 2716/1480/4112
f 2716/1480/4112 3996/1500/4132 2954/526/3228 2651/524/3227
f 3996/1500/4132 4003/1501/4131 2955/555/3258 2954/526/3228
f 4003/1501/4131 4010/1508/4139 2956/554/3257 2955/555/3258
f 4010/1508/4139 4017/1515/4146 2957/553/3256 2956/554/3257
f 4017/1515/4146 4024/1522/4153 2958/552/3255 2957/553/3256
f 4024/1522/4153 4031/1529/4160 2959/551/3254 2958/552/3255
f 4031/1529/4160 4038/1536/4167 2960/549/3252 2959/551/3254
f 4038/1536/4167 2932/1538/3999 2652/550/3253 2960/549/3252
f 4037/1535/4166 2931/1539/3998 2932/1538/3999 4038/1536/4167
f 4036/1534/4165 2930/1540/3997 2931/1539/3998 4037/1535/4166
f 4035/1533/4164 2929/1541/3996 2930/1540/3997 4036/1534/4165
f 4034/1532/4163 2928/1542/3995 2929/1541/3996 4035/1533/4164
f 4033/1530/4162 2927/1543/3994 2928/1542/3995 4034/1532/4163
f 4032/1531/4161 2926/1544/3993 2927/1543/3994 4033/1530/4162
f 2723/1545/3121 2629/1546/3123 2926/1544/3993 4032/1531/4161
f 2724/1547/3120 2723/1545/3121 4032/1531/4161 4025/1524/4154
f 2725/1548/3119 2724/1547/3120 4025/1524/4154 4018/1517/4147
f 2726/1549/3118 2725/1548/3119 4018/1517/4147 4011/1510/4140
f 2727/1550/3117 2726/1549/3118 4011/1510/4140 4004/1503/4133
f 2728/1551/3116 2727/1550/3117 4004/1503/4133 3997/1491/4120
f 2729/1537/3114 2728/1551/3116 3997/1491/4120 3990/1488/4119
f 4083/1552/4168 4086/1555/4169 4087/1554/4170 4084/1553/4171
f 4084/1553/4171 4087/1554/4170 4088/1557/4172 4085/1556/4173
f 4086/1555/4169 4089/1559/4174 4090/1558/4175 4087/1554/4170
f 4087/1554/4170 4090/1558/4175 4091/1560/4176 4088/1557/4172
f 4039/1561/2636 4049/1563/2635 4083/1552/4168 4050/1562/4177
f 4050/1562/4177 4083/1552/4168 4084/1553/4171 4051/1564/4178
f 4051/1564/4178 4084/1553/4171 4085/1556/4173 4052/1565/4179
f 4052/1565/4179 4085/1556/4173 4053/1567/4180 4040/1566/4181
f 4085/1556/4173 4088/1557/4172 4054/1568/4182 4053/1567/4180
f 4088/1557/4172 4091/1560/4176 4055/1569/4183 4054/1568/4182
f 4091/1560/4176 4056/1571/4184 4042/1570/4185 4055/1569/4183
f 4090/1558/4175 4057/1572/4186 4056/1571/4184 4091/1560/4176
f 4089/1559/4174 4058/1573/4187 4057/1572/4186 4090/1558/4175
f 4047/1574/2633 4041/1575/2632 4058/1573/4187 4089/1559/4174
f 4048/1576/2634 4047/1574/2633 4089/1559/4174 4086/1555/4169
f 4049/1563/2635 4048/1576/2634 4086/1555/4169 4083/1552/4168
f 4092/1577/4188 4095/1580/4189 4096/1579/4190 4093/1578/4191
f 4093/1578/4191 4096/1579/4190 4097/1582/4192 4094/1581/4193
f 4095/1580/4189 4098/1584/4194 4099/1583/4195 4096/1579/4190
f 4096/1579/4190 4099/1583/4195 4100/1585/4196 4097/1582/4192
f 4041/1575/2632 4061/1586/2640 4092/1577/4188 4058/1573/4187
f 4058/1573/4187 4092/1577/4188 4093/1578/4191 4057/1572/4186
f 4057/1572/4186 4093/1578/4191 4094/1581/4193 4056/1571/4184
f 4056/1571/4184 4094/1581/4193 4062/1587/4197 4042/1570/4185
f 4094/1581/4193 4097/1582/4192 4063/1588/4198 4062/1587/4197
f 4097/1582/4192 4100/1585/4196 4064/1589/4199 4063/1588/4198
f 4100/1585/4196 4065/1591/4200 4046/1590/4201 4064/1589/4199
f 4099/1583/4195 4066/1592/4202 4065/1591/4200 4100/1585/4196
f 4098/1584/4194 4067/1593/4203 4066/1592/4202 4099/1583/4195
f 4059/1594/2638 4045/1595/2637 4067/1593/4203 4098/1584/4194
f 4060/1596/2639 4059/1594/2638 4098/1584/4194 4095/1580/4189
f 4061/1586/2640 4060/1596/2639 4095/1580/4189 4092/1577/4188
f 4101/1597/4204 4104/1600/4205 4105/1599/4206 4102/1598/4207
f 4102/1598/4207 4105/1599/4206 4106/1602/4208 4103/1601/4209
f 4104/1600/4205 4107/1604/4210 4108/1603/4211 4105/1599/4206
f 4105/1599/4206 4108/1603/4211 4109/1605/4212 4106/1602/4208
f 4045/1595/2637 4070/1606/2644 4101/1597/4204 4067/1593/4203
f 4067/1593/4203 4101/1597/4204 4102/1598/4207 4066/1592/4202
f 4066/1592/4202 4102/1598/4207 4103/1601/4209 4065/1591/4200
f 4065/1591/4200 4103/1601/4209 4071/1607/4213 4046/1590/4201
f 4103/1601/4209 4106/1602/4208 4072/1608/4214 4071/1607/4213
f 4106/1602/4208 4109/1605/4212 4073/1609/4215 4072/1608/4214
f 4109/1605/4212 4074/1611/4216 4044/1610/4217 4073/1609/4215
f 4108/1603/4211 4075/1612/4218 4074/1611/4216 4109/1605/4212
f 4107/1604/4210 4076/1613/4219 4075/1612/4218 4108/1603/4211
f 4068/1614/2642 4043/1615/2641 4076/1613/4219 4107/1604/4210
f 4069/1616/2643 4068/1614/2642 4107/1604/4210 4104/1600/4205
f 4070/1606/2644 4069/1616/2643 4104/1600/4205 4101/1597/4204
f 4110/1617/4220 4113/1620/4221 4114/1619/4222 4111/1618/4223
f 4111/1618/4223 4114/1619/4222 4115/1622/4224 4112/1621/4225
f 4113/1620/4221 4116/1624/4226 4117/1623/4227 4114/1619/4222
f 4114/1619/4222 4117/1623/4227 4118/1625/4228 4115/1622/4224
f 4043/1615/2641 4079/1626/2647 4110/1617/4220 4076/1613/4219
f 4076/1613/4219 4110/1617/4220 4111/1618/4223 4075/1612/4218
f 4075/1612/4218 4111/1618/4223 4112/1621/4225 4074/1611/4216
f 4074/1611/4216 4112/1621/4225 4080/1627/4229 4044/1610/4217
f 4112/1621/4225 4115/1622/4224 4081/1628/4230 4080/1627/4229
f 4115/1622/4224 4118/1625/4228 4082/1629/4231 4081/1628/4230
f 4118/1625/4228 4052/1565/4179 4040/1566/4181 4082/1629/4231
f 4117/1623/4227 4051/1564/4178 4052/1565/4179 4118/1625/4228
f 4116/1624/4226 4050/1562/4177 4051/1564/4178 4117/1623/4227
f 4077/1630/2645 4039/1561/2636 4050/1562/4177 4116/1624/4226
f 4078/1631/2646 4077/1630/2645 4116/1624/4226 4113/1620/4221
f 4079/1626/2647 4078/1631/2646 4113/1620/4221 4110/1617/4220
f 4119/1632/4232 4122/1635/4233 4123/1634/4234 4120/1633/4235
f 4120/1633/4235 4123/1634/4234 4124/1637/4236 4121/1636/4237
f 4122/1635/4233 4125/1639/4238 4126/1638/4239 4123/1634/4234
f 4123/1634/4234 4126/1638/4239 4127/1640/4240 4124/1637/4236
f 4046/1590/4201 4071/1607/4213 4119/1632/4232 4064/1589/4199
f 4064/1589/4199 4119/1632/4232 4120/1633/4235 4063/1588/4198
f 4063/1588/4198 4120/1633/4235 4121/1636/4237 4062/1587/4197
f 4062/1587/4197 4121/1636/4237 4055/1569/4183 4042/1570/4185
f 4121/1636/4237 4124/1637/4236 4054/1568/4182 4055/1569/4183
f 4124/1637/4236 4127/1640/4240 4053/1567/4180 4054/1568/4182
f 4127/1640/4240 4082/1629/4231 4040/1566/4181 4053/1567/4180
f 4126/1638/4239 4081/1628/4230 4082/1629/4231 4127/1640/4240
f 4125/1639/4238 4080/1627/4229 4081/1628/4230 4126/1638/4239
f 4073/1609/4215 4044/1610/4217 4080/1627/4229 4125/1639/4238
f 4072/1608/4214 4073/1609/4215 4125/1639/4238 4122/1635/4233
f 4071/1607/4213 4072/1608/4214 4122/1635/4233 4119/1632/4232
f 4172/1641/4241 4175/1644/4242 4176/1643/4243 4173/1642/4244
f 4173/1642/4244 4176/1643/4243 4177/1646/4245 4174/1645/4246
f 4175/1644/4242 4178/1648/4247 4179/1647/4248 4176/1643/4243
f 4176/1643/4243 4179/1647/4248 4180/1649/4249 4177/1646/4245
f 4128/1650/2652 4138/1652/2651 4172/1641/4241 4139/1651/4250
f 4139/1651/4250 4172/1641/4241 4173/1642/4244 4140/1653/4251
f 4140/1653/4251 4173/1642/4244 4174/1645/4246 4141/1654/4252
f 4141/1654/4252 4174/1645/4246 4142/1656/4253 4129/1655/4254
f 4174/1645/4246 4177/1646/4245 4143/1657/4255 4142/1656/4253
f 4177/1646/4245 4180/1649/4249 4144/1658/4256 4143/1657/4255
f 4180/1649/4249 4145/1660/4257 4131/1659/4258 4144/1658/4256
f 4179/1647/4248 4146/1661/4259 4145/1660/4257 4180/1649/4249
f 4178/1648/4247 4147/1662/4260 4146/1661/4259 4179/1647/4248
f 4136/1663/2649 4130/1664/2648 4147/1662/4260 4178/1648/4247
f 4137/1665/2650 4136/1663/2649 4178/1648/4247 4175/1644/4242
f 4138/1652/2651 4137/1665/2650 4175/1644/4242 4172/1641/4241
f 4181/1666/4261 4184/1669/4262 4185/1668/4263 4182/1667/4264
f 4182/1667/4264 4185/1668/4263 4186/1671/4265 4183/1670/4266
f 4184/1669/4262 4187/1673/4267 4188/1672/4268 4185/1668/4263
f 4185/1668/4263 4188/1672/4268 4189/1674/4269 4186/1671/4265
f 4130/1664/2648 4150/1675/2656 4181/1666/4261 4147/1662/4260
f 4147/1662/4260 4181/1666/4261 4182/1667/4264 4146/1661/4259
f 4146/1661/4259 4182/1667/4264 4183/1670/4266 4145/1660/4257
f 4145/1660/4257 4183/1670/4266 4151/1676/4270 4131/1659/4258
f 4183/1670/4266 4186/1671/4265 4152/1677/4271 4151/1676/4270
f 4186/1671/4265 4189/1674/4269 4153/1678/4272 4152/1677/4271
f 4189/1674/4269 4154/1680/4273 4135/1679/4274 4153/1678/4272
f 4188/1672/4268 4155/1681/4275 4154/1680/4273 4189/1674/4269
f 4187/1673/4267 4156/1682/4276 4155/1681/4275 4188/1672/4268
f 4148/1683/2654 4134/1684/2653 4156/1682/4276 4187/1673/4267
f 4149/1685/2655 4148/1683/2654 4187/1673/4267 4184/1669/4262
f 4150/1675/2656 4149/1685/2655 4184/1669/4262 4181/1666/4261
f 4190/1686/4277 4193/1689/4278 4194/1688/4279 4191/1687/4280
f 4191/1687/4280 4194/1688/4279 4195/1691/4281 4192/1690/4282
f 4193/1689/4278 4196/1693/4283 4197/1692/4284 4194/1688/4279
f 4194/1688/4279 4197/1692/4284 4198/1694/4285 4195/1691/4281
f 4134/1684/2653 4159/1695/2660 4190/1686/4277 4156/1682/4276
f 4156/1682/4276 4190/1686/4277 4191/1687/4280 4155/1681/4275
f 4155/1681/4275 4191/1687/4280 4192/1690/4282 4154/1680/4273
f 4154/1680/4273 4192/1690/4282 4160/1696/4286 4135/1679/4274
f 4192/1690/4282 4195/1691/4281 4161/1697/4287 4160/1696/4286
f 4195/1691/4281 4198/1694/4285 4162/1698/4288 4161/1697/4287
f 4198/1694/4285 4163/1700/4289 4133/1699/4290 4162/1698/4288
f 4197/1692/4284 4164/1701/4291 4163/1700/4289 4198/1694/4285
f 4196/1693/4283 4165/1702/4292 4164/1701/4291 4197/1692/4284
f 4157/1703/2658 4132/1704/2657 4165/1702/4292 4196/1693/4283
f 4158/1705/2659 4157/1703/2658 4196/1693/4283 4193/1689/4278
f 4159/1695/2660 4158/1705/2659 4193/1689/4278 4190/1686/4277
f 4199/1706/4293 4202/1709/4294 4203/1708/4295 4200/1707/4296
f 4200/1707/4296 4203/1708/4295 4204/1711/4297 4201/1710/4298
f 4202/1709/4294 4205/1713/4299 4206/1712/4300 4203/1708/4295
f 4203/1708/4295 4206/1712/4300 4207/1714/4301 4204/1711/4297
f 4132/1704/2657 4168/1715/2663 4199/1706/4293 4165/1702/4292
f 4165/1702/4292 4199/1706/4293 4200/1707/4296 4164/1701/4291
f 4164/1701/4291 4200/1707/4296 4201/1710/4298 4163/1700/4289
f 4163/1700/4289 4201/1710/4298 4169/1716/4302 4133/1699/4290
f 4201/1710/4298 4204/1711/4297 4170/1717/4303 4169/1716/4302
f 4204/1711/4297 4207/1714/4301 4171/1718/4304 4170/1717/4303
f 4207/1714/4301 4141/1654/4252 4129/1655/4254 4171/1718/4304
f 4206/1712/4300 4140/1653/4251 4141/1654/4252 4207/1714/4301
f 4205/1713/4299 4139/1651/4250 4140/1653/4251 4206/1712/4300
f 4166/1719/2661 4128/1650/2652 4139/1651/4250 4205/1713/4299
f 4167/1720/2662 4166/1719/2661 4205/1713/4299 4202/1709/4294
f 4168/1715/2663 4167/1720/2662 4202/1709/4294 4199/1706/4293
f 4208/1721/4305 4211/1724/4306 4212/1723/4307 4209/1722/4308
f 4209/1722/4308 4212/1723/4307 4213/1726/4309 4210/1725/4310
f 4211/1724/4306 4214/1728/4311 4215/1727/4312 4212/1723/4307
f 4212/1723/4307 4215/1727/4312 4216/1729/4313 4213/1726/4309
f 4135/1679/4274 4160/1696/4286 4208/1721/4305 4153/1678/4272
f 4153/1678/4272 4208/1721/4305 4209/1722/4308 4152/1677/4271
f 4152/1677/4271 4209/1722/4308 4210/1725/4310 4151/1676/4270
f 4151/1676/4270 4210/1725/4310 4144/1658/4256 4131/1659/4258
f 4210/1725/4310 4213/1726/4309 4143/1657/4255 4144/1658/4256
f 4213/1726/4309 4216/1729/4313 4142/1656/4253 4143/1657/4255
f 4216/1729/4313 4171/1718/4304 4129/1655/4254 4142/1656/4253
f 4215/1727/4312 4170/1717/4303 4171/1718/4304 4216/1729/4313
f 4214/1728/4311 4169/1716/4302 4170/1717/4303 4215/1727/4312
f 4162/1698/4288 4133/1699/4290 4169/1716/4302 4214/1728/4311
f 4161/1697/4287 4162/1698/4288 4214/1728/4311 4211/1724/4306
f 4160/1696/4286 4161/1697/4287 4211/1724/4306 4208/1721/4305
f 4261/1730/4314 4264/1733/4315 4265/1732/4316 4262/1731/4317
f 4262/1731/4317 4265/1732/4316 4266/1735/4318 4263/1734/4319
f 4264/1733/4315 4267/1737/4320 4268/1736/4321 4265/1732/4316
f 4265/1732/4316 4268/1736/4321 4269/1738/4322 4266/1735/4318
f 4217/1739/2668 4227/1741/2667 4261/1730/4314 4228/1740/4323
f 4228/1740/4323 4261/1730/4314 4262/1731/4317 4229/1742/4324
f 4229/1742/4324 4262/1731/4317 4263/1734/4319 4230/1743/4325
f 4230/1743/4325 4263/1734/4319 4231/1745/4326 4218/1744/4327
f 4263/1734/4319 4266/1735/4318 4232/1746/4328 4231/1745/4326
f 4266/1735/4318 4269/1738/4322 4233/1747/4329 4232/1746/4328
f 4269/1738/4322 4234/1749/4330 4220/1748/4331 4233/1747/4329
f 4268/1736/4321 4235/1750/4332 4234/1749/4330 4269/1738/4322
f 4267/1737/4320 4236/1751/4333 4235/1750/4332 4268/1736/4321
f 4225/1752/2665 4219/1753/2664 4236/1751/4333 4267/1737/4320
f 4226/1754/2666 4225/1752/2665 4267/1737/4320 4264/1733/4315
f 4227/1741/2667 4226/1754/2666 4264/1733/4315 4261/1730/4314
f 4270/1755/4334 4273/1758/4335 4274/1757/4336 4271/1756/4337
f 4271/1756/4337 4274/1757/4336 4275/1760/4338 4272/1759/4339
f 4273/1758/4335 4276/1762/4340 4277/1761/4341 4274/1757/4336
f 4274/1757/4336 4277/1761/4341 4278/1763/4342 4275/1760/4338
f 4219/1753/2664 4239/1764/2672 4270/1755/4334 4236/1751/4333
f 4236/1751/4333 4270/1755/4334 4271/1756/4337 4235/1750/4332
f 4235/1750/4332 4271/1756/4337 4272/1759/4339 4234/1749/4330
f 4234/1749/4330 4272/1759/4339 4240/1765/4343 4220/1748/4331
f 4272/1759/4339 4275/1760/4338 4241/1766/4344 4240/1765/4343
f 4275/1760/4338 4278/1763/4342 4242/1767/4345 4241/1766/4344
f 4278/1763/4342 4243/1769/4346 4224/1768/4347 4242/1767/4345
f 4277/1761/4341 4244/1770/4348 4243/1769/4346 4278/1763/4342
f 4276/1762/4340 4245/1771/4349 4244/1770/4348 4277/1761/4341
f 4237/1772/2670 4223/1773/2669 4245/1771/4349 4276/1762/4340
f 4238/1774/2671 4237/1772/2670 4276/1762/4340 4273/1758/4335
f 4239/1764/2672 4238/1774/2671 4273/1758/4335 4270/1755/4334
f 4279/1775/4350 4282/1778/4351 4283/1777/4352 4280/1776/4353
f 4280/1776/4353 4283/1777/4352 4284/1780/4354 4281/1779/4355
f 4282/1778/4351 4285/1782/4356 4286/1781/4357 4283/1777/4352
f 4283/1777/4352 4286/1781/4357 4287/1783/4358 4284/1780/4354
f 4223/1773/2669 4248/1784/2676 4279/1775/4350 4245/1771/4349
f 4245/1771/4349 4279/1775/4350 4280/1776/4353 4244/1770/4348
f 4244/1770/4348 4280/1776/4353 4281/1779/4355 4243/1769/4346
f 4243/1769/4346 4281/1779/4355 4249/1785/4359 4224/1768/4347
f 4281/1779/4355 4284/1780/4354 4250/1786/4360 4249/1785/4359
f 4284/1780/4354 4287/1783/4358 4251/1787/4361 4250/1786/4360
f 4287/1783/4358 4252/1789/4362 4222/1788/4363 4251/1787/4361
f 4286/1781/4357 4253/1790/4364 4252/1789/4362 4287/1783/4358
f 4285/1782/4356 4254/1791/4365 4253/1790/4364 4286/1781/4357
f 4246/1792/2674 4221/1793/2673 4254/1791/4365 4285/1782/4356
f 4247/1794/2675 4246/1792/2674 4285/1782/4356 4282/1778/4351
f 4248/1784/2676 4247/1794/2675 4282/1778/4351 4279/1775/4350
f 4288/1795/4366 4291/1798/4367 4292/1797/4368 4289/1796/4369
f 4289/1796/4369 4292/1797/4368 4293/1800/4370 4290/1799/4371
f 4291/1798/4367 4294/1802/4372 4295/1801/4373 4292/1797/4368
f 4292/1797/4368 4295/1801/4373 4296/1803/4374 4293/1800/4370
f 4221/1793/2673 4257/1804/2679 4288/1795/4366 4254/1791/4365
f 4254/1791/4365 4288/1795/4366 4289/1796/4369 4253/1790/4364
f 4253/1790/4364 4289/1796/4369 4290/1799/4371 4252/1789/4362
f 4252/1789/4362 4290/1799/4371 4258/1805/4375 4222/1788/4363
f 4290/1799/4371 4293/1800/4370 4259/1806/4376 4258/1805/4375
f 4293/1800/4370 4296/1803/4374 4260/1807/4377 4259/1806/4376
f 4296/1803/4374 4230/1743/4325 4218/1744/4327 4260/1807/4377
f 4295/1801/4373 4229/1742/4324 4230/1743/4325 4296/1803/4374
f 4294/1802/4372 4228/1740/4323 4229/1742/4324 4295/1801/4373
f 4255/1808/2677 4217/1739/2668 4228/1740/4323 4294/1802/4372
f 4256/1809/2678 4255/1808/2677 4294/1802/4372 4291/1798/4367
f 4257/1804/2679 4256/1809/2678 4291/1798/4367 4288/1795/4366
f 4297/1810/4378 4300/1813/4379 4301/1812/4380 4298/1811/4381
f 4298/1811/4381 4301/1812/4380 4302/1815/4382 4299/1814/4383
f 4300/1813/4379 4303/1817/4384 4304/1816/4385 4301/1812/4380
f 4301/1812/4380 4304/1816/4385 4305/1818/4386 4302/1815/4382
f 4224/1768/4347 4249/1785/4359 4297/1810/4378 4242/1767/4345
f 4242/1767/4345 4297/1810/4378 4298/1811/4381 4241/1766/4344
f 4241/1766/4344 4298/1811/4381 4299/1814/4383 4240/1765/4343
f 4240/1765/4343 4299/1814/4383 4233/1747/4329 4220/1748/4331
f 4299/1814/4383 4302/1815/4382 4232/1746/4328 4233/1747/4329
f 4302/1815/4382 4305/1818/4386 4231/1745/4326 4232/1746/4328
f 4305/1818/4386 4260/1807/4377 4218/1744/4327 4231/1745/4326
f 4304/1816/4385 4259/1806/4376 4260/1807/4377 4305/1818/4386
f 4303/1817/4384 4258/1805/4375 4259/1806/4376 4304/1816/4385
f 4251/1787/4361 4222/1788/4363 4258/1805/4375 4303/1817/4384
f 4250/1786/4360 4251/1787/4361 4303/1817/4384 4300/1813/4379
f 4249/1785/4359 4250/1786/4360 4300/1813/4379 4297/1810/4378
f 4350/1819/4387 4353/1822/4388 4354/1821/4389 4351/1820/4390
f 4351/1820/4390 4354/1821/4389 4355/1824/4391 4352/1823/4392
f 4353/1822/4388 4356/1826/4393 4357/1825/4394 4354/1821/4389
f 4354/1821/4389 4357/1825/4394 4358/1827/4395 4355/1824/4391
f 4306/1828/2684 4316/1830/2683 4350/1819/4387 4317/1829/4396
f 4317/1829/4396 4350/1819/4387 4351/1820/4390 4318/1831/4397
f 4318/1831/4397 4351/1820/4390 4352/1823/4392 4319/1832/4398
f 4319/1832/4398 4352/1823/4392 4320/1834/4399 4307/1833/4400
f 4352/1823/4392 4355/1824/4391 4321/1835/4401 4320/1834/4399
f 4355/1824/4391 4358/1827/4395 4322/1836/4402 4321/1835/4401
f 4358/1827/4395 4323/1838/4403 4309/1837/4404 4322/1836/4402
f 4357/1825/4394 4324/1839/4405 4323/1838/4403 4358/1827/4395
f 4356/1826/4393 4325/1840/4406 4324/1839/4405 4357/1825/4394
f 4314/1841/2681 4308/1842/2680 4325/1840/4406 4356/1826/4393
f 4315/1843/2682 4314/1841/2681 4356/1826/4393 4353/1822/4388
f 4316/1830/2683 4315/1843/2682 4353/1822/4388 4350/1819/4387
f 4359/1844/4407 4362/1847/4408 4363/1846/4409 4360/1845/4410
f 4360/1845/4410 4363/1846/4409 4364/1849/4411 4361/1848/4412
f 4362/1847/4408 4365/1851/4413 4366/1850/4414 4363/1846/4409
f 4363/1846/4409 4366/1850/4414 4367/1852/4415 4364/1849/4411
f 4308/1842/2680 4328/1853/2688 4359/1844/4407 4325/1840/4406
f 4325/1840/4406 4359/1844/4407 4360/1845/4410 4324/1839/4405
f 4324/1839/4405 4360/1845/4410 4361/1848/4412 4323/1838/4403
f 4323/1838/4403 4361/1848/4412 4329/1854/4416 4309/1837/4404
f 4361/1848/4412 4364/1849/4411 4330/1855/4417 4329/1854/4416
f 4364/1849/4411 4367/1852/4415 4331/1856/4418 4330/1855/4417
f 4367/1852/4415 4332/1858/4419 4313/1857/4420 4331/1856/4418
f 4366/1850/4414 4333/1859/4421 4332/1858/4419 4367/1852/4415
f 4365/1851/4413 4334/1860/4422 4333/1859/4421 4366/1850/4414
f 4326/1861/2686 4312/1862/2685 4334/1860/4422 4365/1851/4413
f 4327/1863/2687 4326/1861/2686 4365/1851/4413 4362/1847/4408
f 4328/1853/2688 4327/1863/2687 4362/1847/4408 4359/1844/4407
f 4368/1864/4423 4371/1867/4424 4372/1866/4425 4369/1865/4426
f 4369/1865/4426 4372/1866/4425 4373/1869/4427 4370/1868/4428
f 4371/1867/4424 4374/1871/4429 4375/1870/4430 4372/1866/4425
f 4372/1866/4425 4375/1870/4430 4376/1872/4431 4373/1869/4427
f 4312/1862/2685 4337/1873/2692 4368/1864/4423 4334/1860/4422
f 4334/1860/4422 4368/1864/4423 4369/1865/4426 4333/1859/4421
f 4333/1859/4421 4369/1865/4426 4370/1868/4428 4332/1858/4419
f 4332/1858/4419 4370/1868/4428 4338/1874/4432 4313/1857/4420
f 4370/1868/4428 4373/1869/4427 4339/1875/4433 4338/1874/4432
f 4373/1869/4427 4376/1872/4431 4340/1876/4434 4339/1875/4433
f 4376/1872/4431 4341/1878/4435 4311/1877/4436 4340/1876/4434
f 4375/1870/4430 4342/1879/4437 4341/1878/4435 4376/1872/4431
f 4374/1871/4429 4343/1880/4438 4342/1879/4437 4375/1870/4430
f 4335/1881/2690 4310/1882/2689 4343/1880/4438 4374/1871/4429
f 4336/1883/2691 4335/1881/2690 4374/1871/4429 4371/1867/4424
f 4337/1873/2692 4336/1883/2691 4371/1867/4424 4368/1864/4423
f 4377/1884/4439 4380/1887/4440 4381/1886/4441 4378/1885/4442
f 4378/1885/4442 4381/1886/4441 4382/1889/4443 4379/1888/4444
f 4380/1887/4440 4383/1891/4445 4384/1890/4446 4381/1886/4441
f 4381/1886/4441 4384/1890/4446 4385/1892/4447 4382/1889/4443
f 4310/1882/2689 4346/1893/2695 4377/1884/4439 4343/1880/4438
f 4343/1880/4438 4377/1884/4439 4378/1885/4442 4342/1879/4437
f 4342/1879/4437 4378/1885/4442 4379/1888/4444 4341/1878/4435
f 4341/1878/4435 4379/1888/4444 4347/1894/4448 4311/1877/4436
f 4379/1888/4444 4382/1889/4443 4348/1895/4449 4347/1894/4448
f 4382/1889/4443 4385/1892/4447 4349/1896/4450 4348/1895/4449
f 4385/1892/4447 4319/1832/4398 4307/1833/4400 4349/1896/4450
f 4384/1890/4446 4318/1831/4397 4319/1832/4398 4385/1892/4447
f 4383/1891/4445 4317/1829/4396 4318/1831/4397 4384/1890/4446
f 4344/1897/2693 4306/1828/2684 4317/1829/4396 4383/1891/4445
f 4345/1898/2694 4344/1897/2693 4383/1891/4445 4380/1887/4440
f 4346/1893/2695 4345/1898/2694 4380/1887/4440 4377/1884/4439
f 4386/1899/4451 4389/1902/4452 4390/1901/4453 4387/1900/4454
f 4387/1900/4454 4390/1901/4453 4391/1904/4455 4388/1903/4456
f 4389/1902/4452 4392/1906/4457 4393/1905/4458 4390/1901/4453
f 4390/1901/4453 4393/1905/4458 4394/1907/4459 4391/1904/4455
f 4313/1857/4420 4338/1874/4432 4386/1899/4451 4331/1856/4418
f 4331/1856/4418 4386/1899/4451 4387/1900/4454 4330/1855/4417
f 4330/1855/4417 4387/1900/4454 4388/1903/4456 4329/1854/4416
f 4329/1854/4416 4388/1903/4456 4322/1836/4402 4309/1837/4404
f 4388/1903/4456 4391/1904/4455 4321/1835/4401 4322/1836/4402
f 4391/1904/4455 4394/1907/4459 4320/1834/4399 4321/1835/4401
f 4394/1907/4459 4349/1896/4450 4307/1833/4400 4320/1834/4399
f 4393/1905/4458 4348/1895/4449 4349/1896/4450 4394/1907/4459
f 4392/1906/4457 4347/1894/4448 4348/1895/4449 4393/1905/4458
f 4340/1876/4434 4311/1877/4436 4347/1894/4448 4392/1906/4457
f 4339/1875/4433 4340/1876/4434 4392/1906/4457 4389/1902/4452
f 4338/1874/4432 4339/1875/4433 4389/1902/4452 4386/1899/4451
f 4439/1908/4460 4442/1911/4461 4443/1910/4462 4440/1909/4463
f 4440/1909/4463 4443/1910/4462 4444/1913/4464 4441/1912/4465
f 4442/1911/4461 4445/1915/4466 4446/1914/4467 4443/1910/4462
f 4443/1910/4462 4446/1914/4467 4447/1916/4468 4444/1913/4464
f 4395/1917/2700 4405/1919/2699 4439/1908/4460 4406/1918/4469
f 4406/1918/4469 4439/1908/4460 4440/1909/4463 4407/1920/4470
f 4407/1920/4470 4440/1909/4463 4441/1912/4465 4408/1921/4471
f 4408/1921/4471 4441/1912/4465 4409/1923/4472 4396/1922/4473
f 4441/1912/4465 4444/1913/4464 4410/1924/4474 4409/1923/4472
f 4444/1913/4464 4447/1916/4468 4411/1925/4475 4410/1924/4474
f 4447/1916/4468 4412/1927/4476 4398/1926/4477 4411/1925/4475
f 4446/1914/4467 4413/1928/4478 4412/1927/4476 4447/1916/4468
f 4445/1915/4466 4414/1929/4479 4413/1928/4478 4446/1914/4467
f 4403/1930/2697 4397/1931/2696 4414/1929/4479 4445/1915/4466
f 4404/1932/2698 4403/1930/2697 4445/1915/4466 4442/1911/4461
f 4405/1919/2699 4404/1932/2698 4442/1911/4461 4439/1908/4460
f 4448/1933/4480 4451/1936/4481 4452/1935/4482 4449/1934/4483
f 4449/1934/4483 4452/1935/4482 4453/1938/4484 4450/1937/4485
f 4451/1936/4481 4454/1940/4486 4455/1939/4487 4452/1935/4482
f 4452/1935/4482 4455/1939/4487 4456/1941/4488 4453/1938/4484
f 4397/1931/2696 4417/1942/2704 4448/1933/4480 4414/1929/4479
f 4414/1929/4479 4448/1933/4480 4449/1934/4483 4413/1928/4478
f 4413/1928/4478 4449/1934/4483 4450/1937/4485 4412/1927/4476
f 4412/1927/4476 4450/1937/4485 4418/1943/4489 4398/1926/4477
f 4450/1937/4485 4453/1938/4484 4419/1944/4490 4418/1943/4489
f 4453/1938/4484 4456/1941/4488 4420/1945/4491 4419/1944/4490
f 4456/1941/4488 4421/1947/4492 4402/1946/4493 4420/1945/4491
f 4455/1939/4487 4422/1948/4494 4421/1947/4492 4456/1941/4488
f 4454/1940/4486 4423/1949/4495 4422/1948/4494 4455/1939/4487
f 4415/1950/2702 4401/1951/2701 4423/1949/4495 4454/1940/4486
f 4416/1952/2703 4415/1950/2702 4454/1940/4486 4451/1936/4481
f 4417/1942/2704 4416/1952/2703 4451/1936/4481 4448/1933/4480
f 4457/1953/4496 4460/1956/4497 4461/1955/4498 4458/1954/4499
f 4458/1954/4499 4461/1955/4498 4462/1958/4500 4459/1957/4501
f 4460/1956/4497 4463/1960/4502 4464/1959/4503 4461/1955/4498
f 4461/1955/4498 4464/1959/4503 4465/1961/4504 4462/1958/4500
f 4401/1951/2701 4426/1962/2708 4457/1953/4496 4423/1949/4495
f 4423/1949/4495 4457/1953/4496 4458/1954/4499 4422/1948/4494
f 4422/1948/4494 4458/1954/4499 4459/1957/4501 4421/1947/4492
f 4421/1947/4492 4459/1957/4501 4427/1963/4505 4402/1946/4493
f 4459/1957/4501 4462/1958/4500 4428/1964/4506 4427/1963/4505
f 4462/1958/4500 4465/1961/4504 4429/1965/4507 4428/1964/4506
f 4465/1961/4504 4430/1967/4508 4400/1966/4509 4429/1965/4507
f 4464/1959/4503 4431/1968/4510 4430/1967/4508 4465/1961/4504
f 4463/1960/4502 4432/1969/4511 4431/1968/4510 4464/1959/4503
f 4424/1970/2706 4399/1971/2705 4432/1969/4511 4463/1960/4502
f 4425/1972/2707 4424/1970/2706 4463/1960/4502 4460/1956/4497
f 4426/1962/2708 4425/1972/2707 4460/1956/4497 4457/1953/4496
f 4466/1973/4512 4469/1976/4513 4470/1975/4514 4467/1974/4515
f 4467/1974/4515 4470/1975/4514 4471/1978/4516 4468/1977/4517
f 4469/1976/4513 4472/1980/4518 4473/1979/4519 4470/1975/4514
f 4470/1975/4514 4473/1979/4519 4474/1981/4520 4471/1978/4516
f 4399/1971/2705 4435/1982/2711 4466/1973/4512 4432/1969/4511
f 4432/1969/4511 4466/1973/4512 4467/1974/4515 4431/1968/4510
f 4431/1968/4510 4467/1974/4515 4468/1977/4517 4430/1967/4508
f 4430/1967/4508 4468/1977/4517 4436/1983/4521 4400/1966/4509
f 4468/1977/4517 4471/1978/4516 4437/1984/4522 4436/1983/4521
f 4471/1978/4516 4474/1981/4520 4438/1985/4523 4437/1984/4522
f 4474/1981/4520 4408/1921/4471 4396/1922/4473 4438/1985/4523
f 4473/1979/4519 4407/1920/4470 4408/1921/4471 4474/1981/4520
f 4472/1980/4518 4406/1918/4469 4407/1920/4470 4473/1979/4519
f 4433/1986/2709 4395/1917/2700 4406/1918/4469 4472/1980/4518
f 4434/1987/2710 4433/1986/2709 4472/1980/4518 4469/1976/4513
f 4435/1982/2711 4434/1987/2710 4469/1976/4513 4466/1973/4512
f 4475/1988/4524 4478/1991/4525 4479/1990/4526 4476/1989/4527
f 4476/1989/4527 4479/1990/4526 4480/1993/4528 4477/1992/4529
f 4478/1991/4525 4481/1995/4530 4482/1994/4531 4479/1990/4526
f 4479/1990/4526 4482/1994/4531 4483/1996/4532 4480/1993/4528
f 4402/1946/4493 4427/1963/4505 4475/1988/4524 4420/1945/4491
f 4420/1945/4491 4475/1988/4524 4476/1989/4527 4419/1944/4490
f 4419/1944/4490 4476/1989/4527 4477/1992/4529 4418/1943/4489
f 4418/1943/4489 4477/1992/4529 4411/1925/4475 4398/1926/4477
f 4477/1992/4529 4480/1993/4528 4410/1924/4474 4411/1925/4475
f 4480/1993/4528 4483/1996/4532 4409/1923/4472 4410/1924/4474
f 4483/1996/4532 4438/1985/4523 4396/1922/4473 4409/1923/4472
f 4482/1994/4531 4437/1984/4522 4438/1985/4523 4483/1996/4532
f 4481/1995/4530 4436/1983/4521 4437/1984/4522 4482/1994/4531
f 4429/1965/4507 4400/1966/4509 4436/1983/4521 4481/1995/4530
f 4428/1964/4506 4429/1965/4507 4481/1995/4530 4478/1991/4525
f 4427/1963/4505 4428/1964/4506 4478/1991/4525 4475/1988/4524
f 4528/1997/4533 4531/2000/4534 4532/1999/4535 4529/1998/4536
f 4529/1998/4536 4532/1999/4535 4533/2002/4537 4530/2001/4538
f 4531/2000/4534 4534/2004/4539 4535/2003/4540 4532/1999/4535
f 4532/1999/4535 4535/2003/4540 4536/2005/4541 4533/2002/4537
f 4484/2006/2716 4494/2008/2715 4528/1997/4533 4495/2007/4542
f 4495/2007/4542 4528/1997/4533 4529/1998/4536 4496/2009/4543
f 4496/2009/4543 4529/1998/4536 4530/2001/4538 4497/2010/4544
f 4497/2010/4544 4530/2001/4538 4498/2012/4545 4485/2011/4546
f 4530/2001/4538 4533/2002/4537 4499/2013/4547 4498/2012/4545
f 4533/2002/4537 4536/2005/4541 4500/2014/4548 4499/2013/4547
f 4536/2005/4541 4501/2016/4549 4487/2015/4550 4500/2014/4548
f 4535/2003/4540 4502/2017/4551 4501/2016/4549 4536/2005/4541
f 4534/2004/4539 4503/2018/4552 4502/2017/4551 4535/2003/4540
f 4492/2019/2713 4486/2020/2712 4503/2018/4552 4534/2004/4539
f 4493/2021/2714 4492/2019/2713 4534/2004/4539 4531/2000/4534
f 4494/2008/2715 4493/2021/2714 4531/2000/4534 4528/1997/4533
f 4537/2022/4553 4540/2025/4554 4541/2024/4555 4538/2023/4556
f 4538/2023/4556 4541/2024/4555 4542/2027/4557 4539/2026/4558
f 4540/2025/4554 4543/2029/4559 4544/2028/4560 4541/2024/4555
f 4541/2024/4555 4544/2028/4560 4545/2030/4561 4542/2027/4557
f 4486/2020/2712 4506/2031/2720 4537/2022/4553 4503/2018/4552
f 4503/2018/4552 4537/2022/4553 4538/2023/4556 4502/2017/4551
f 4502/2017/4551 4538/2023/4556 4539/2026/4558 4501/2016/4549
f 4501/2016/4549 4539/2026/4558 4507/2032/4562 4487/2015/4550
f 4539/2026/4558 4542/2027/4557 4508/2033/4563 4507/2032/4562
f 4542/2027/4557 4545/2030/4561 4509/2034/4564 4508/2033/4563
f 4545/2030/4561 4510/2036/4565 4491/2035/4566 4509/2034/4564
f 4544/2028/4560 4511/2037/4567 4510/2036/4565 4545/2030/4561
f 4543/2029/4559 4512/2038/4568 4511/2037/4567 4544/2028/4560
f 4504/2039/2718 4490/2040/2717 4512/2038/4568 4543/2029/4559
f 4505/2041/2719 4504/2039/2718 4543/2029/4559 4540/2025/4554
f 4506/2031/2720 4505/2041/2719 4540/2025/4554 4537/2022/4553
f 4546/2042/4569 4549/2045/4570 4550/2044/4571 4547/2043/4572
f 4547/2043/4572 4550/2044/4571 4551/2047/4573 4548/2046/4574
f 4549/2045/4570 4552/2049/4575 4553/2048/4576 4550/2044/4571
f 4550/2044/4571 4553/2048/4576 4554/2050/4577 4551/2047/4573
f 4490/2040/2717 4515/2051/2724 4546/2042/4569 4512/2038/4568
f 4512/2038/4568 4546/2042/4569 4547/2043/4572 4511/2037/4567
f 4511/2037/4567 4547/2043/4572 4548/2046/4574 4510/2036/4565
f 4510/2036/4565 4548/2046/4574 4516/2052/4578 4491/2035/4566
f 4548/2046/4574 4551/2047/4573 4517/2053/4579 4516/2052/4578
f 4551/2047/4573 4554/2050/4577 4518/2054/4580 4517/2053/4579
f 4554/2050/4577 4519/2056/4581 4489/2055/4582 4518/2054/4580
f 4553/2048/4576 4520/2057/4583 4519/2056/4581 4554/2050/4577
f 4552/2049/4575 4521/2058/4584 4520/2057/4583 4553/2048/4576
f 4513/2059/2722 4488/2060/2721 4521/2058/4584 4552/2049/4575
f 4514/2061/2723 4513/2059/2722 4552/2049/4575 4549/2045/4570
f 4515/2051/2724 4514/2061/2723 4549/2045/4570 4546/2042/4569
f 4555/2062/4585 4558/2065/4586 4559/2064/4587 4556/2063/4588
f 4556/2063/4588 4559/2064/4587 4560/2067/4589 4557/2066/4590
f 4558/2065/4586 4561/2069/4591 4562/2068/4592 4559/2064/4587
f 4559/2064/4587 4562/2068/4592 4563/2070/4593 4560/2067/4589
f 4488/2060/2721 4524/2071/2727 4555/2062/4585 4521/2058/4584
f 4521/2058/4584 4555/2062/4585 4556/2063/4588 4520/2057/4583
f 4520/2057/4583 4556/2063/4588 4557/2066/4590 4519/2056/4581
f 4519/2056/4581 4557/2066/4590 4525/2072/4594 4489/2055/4582
f 4557/2066/4590 4560/2067/4589 4526/2073/4595 4525/2072/4594
f 4560/2067/4589 4563/2070/4593 4527/2074/4596 4526/2073/4595
f 4563/2070/4593 4497/2010/4544 4485/2011/4546 4527/2074/4596
f 4562/2068/4592 4496/2009/4543 4497/2010/4544 4563/2070/4593
f 4561/2069/4591 4495/2007/4542 4496/2009/4543 4562/2068/4592
f 4522/2075/2725 4484/2006/2716 4495/2007/4542 4561/2069/4591
f 4523/2076/2726 4522/2075/2725 4561/2069/4591 4558/2065/4586
f 4524/2071/2727 4523/2076/2726 4558/2065/4586 4555/2062/4585
f 4564/2077/4597 4567/2080/4598 4568/2079/4599 4565/2078/4600
f 4565/2078/4600 4568/2079/4599 4569/2082/4601 4566/2081/4602
f 4567/2080/4598 4570/2084/4603 4571/2083/4604 4568/2079/4599
f 4568/2079/4599 4571/2083/4604 4572/2085/4605 4569/2082/4601
f 4491/2035/4566 4516/2052/4578 4564/2077/4597 4509/2034/4564
f 4509/2034/4564 4564/2077/4597 4565/2078/4600 4508/2033/4563
f 4508/2033/4563 4565/2078/4600 4566/2081/4602 4507/2032/4562
f 4507/2032/4562 4566/2081/4602 4500/2014/4548 4487/2015/4550
f 4566/2081/4602 4569/2082/4601 4499/2013/4547 4500/2014/4548
f 4569/2082/4601 4572/2085/4605 4498/2012/4545 4499/2013/4547
f 4572/2085/4605 4527/2074/4596 4485/2011/4546 4498/2012/4545
f 4571/2083/4604 4526/2073/4595 4527/2074/4596 4572/2085/4605
f 4570/2084/4603 4525/2072/4594 4526/2073/4595 4571/2083/4604
f 4518/2054/4580 4489/2055/4582 4525/2072/4594 4570/2084/4603
f 4517/2053/4579 4518/2054/4580 4570/2084/4603 4567/2080/4598
f 4516/2052/4578 4517/2053/4579 4567/2080/4598 4564/2077/4597
f 4617/2086/4606 4620/2089/4607 4621/2088/4608 4618/2087/4609
f 4618/2087/4609 4621/2088/4608 4622/2091/4610 4619/2090/4611
f 4620/2089/4607 4623/2093/4612 4624/2092/4613 4621/2088/4608
f 4621/2088/4608 4624/2092/4613 4625/2094/4614 4622/2091/4610
f 4573/2095/2732 4583/2097/2731 4617/2086/4606 4584/2096/4615
f 4584/2096/4615 4617/2086/4606 4618/2087/4609 4585/2098/4616
f 4585/2098/4616 4618/2087/4609 4619/2090/4611 4586/2099/4617
f 4586/2099/4617 4619/2090/4611 4587/2101/4618 4574/2100/4619
f 4619/2090/4611 4622/2091/4610 4588/2102/4620 4587/2101/4618
f 4622/2091/4610 4625/2094/4614 4589/2103/4621 4588/2102/4620
f 4625/2094/4614 4590/2105/4622 4576/2104/4623 4589/2103/4621
f 4624/2092/4613 4591/2106/4624 4590/2105/4622 4625/2094/4614
f 4623/2093/4612 4592/2107/4625 4591/2106/4624 4624/2092/4613
f 4581/2108/2729 4575/2109/2728 4592/2107/4625 4623/2093/4612
f 4582/2110/2730 4581/2108/2729 4623/2093/4612 4620/2089/4607
f 4583/2097/2731 4582/2110/2730 4620/2089/4607 4617/2086/4606
f 4626/2111/4626 4629/2114/4627 4630/2113/4628 4627/2112/4629
f 4627/2112/4629 4630/2113/4628 4631/2116/4630 4628/2115/4631
f 4629/2114/4627 4632/2118/4632 4633/2117/4633 4630/2113/4628
f 4630/2113/4628 4633/2117/4633 4634/2119/4634 4631/2116/4630
f 4575/2109/2728 4595/2120/2736 4626/2111/4626 4592/2107/4625
f 4592/2107/4625 4626/2111/4626 4627/2112/4629 4591/2106/4624
f 4591/2106/4624 4627/2112/4629 4628/2115/4631 4590/2105/4622
f 4590/2105/4622 4628/2115/4631 4596/2121/4635 4576/2104/4623
f 4628/2115/4631 4631/2116/4630 4597/2122/4636 4596/2121/4635
f 4631/2116/4630 4634/2119/4634 4598/2123/4637 4597/2122/4636
f 4634/2119/4634 4599/2125/4638 4580/2124/4639 4598/2123/4637
f 4633/2117/4633 4600/2126/4640 4599/2125/4638 4634/2119/4634
f 4632/2118/4632 4601/2127/4641 4600/2126/4640 4633/2117/4633
f 4593/2128/2734 4579/2129/2733 4601/2127/4641 4632/2118/4632
f 4594/2130/2735 4593/2128/2734 4632/2118/4632 4629/2114/4627
f 4595/2120/2736 4594/2130/2735 4629/2114/4627 4626/2111/4626
f 4635/2131/4642 4638/2134/4643 4639/2133/4644 4636/2132/4645
f 4636/2132/4645 4639/2133/4644 4640/2136/4646 4637/2135/4647
f 4638/2134/4643 4641/2138/4648 4642/2137/4649 4639/2133/4644
f 4639/2133/4644 4642/2137/4649 4643/2139/4650 4640/2136/4646
f 4579/2129/2733 4604/2140/2740 4635/2131/4642 4601/2127/4641
f 4601/2127/4641 4635/2131/4642 4636/2132/4645 4600/2126/4640
f 4600/2126/4640 4636/2132/4645 4637/2135/4647 4599/2125/4638
f 4599/2125/4638 4637/2135/4647 4605/2141/4651 4580/2124/4639
f 4637/2135/4647 4640/2136/4646 4606/2142/4652 4605/2141/4651
f 4640/2136/4646 4643/2139/4650 4607/2143/4653 4606/2142/4652
f 4643/2139/4650 4608/2145/4654 4578/2144/4655 4607/2143/4653
f 4642/2137/4649 4609/2146/4656 4608/2145/4654 4643/2139/4650
f 4641/2138/4648 4610/2147/4657 4609/2146/4656 4642/2137/4649
f 4602/2148/2738 4577/2149/2737 4610/2147/4657 4641/2138/4648
f 4603/2150/2739 4602/2148/2738 4641/2138/4648 4638/2134/4643
f 4604/2140/2740 4603/2150/2739 4638/2134/4643 4635/2131/4642
f 4644/2151/4658 4647/2154/4659 4648/2153/4660 4645/2152/4661
f 4645/2152/4661 4648/2153/4660 4649/2156/4662 4646/2155/4663
f 4647/2154/4659 4650/2158/4664 4651/2157/4665 4648/2153/4660
f 4648/2153/4660 4651/2157/4665 4652/2159/4666 4649/2156/4662
f 4577/2149/2737 4613/2160/2743 4644/2151/4658 4610/2147/4657
f 4610/2147/4657 4644/2151/4658 4645/2152/4661 4609/2146/4656
f 4609/2146/4656 4645/2152/4661 4646/2155/4663 4608/2145/4654
f 4608/2145/4654 4646/2155/4663 4614/2161/4667 4578/2144/4655
f 4646/2155/4663 4649/2156/4662 4615/2162/4668 4614/2161/4667
f 4649/2156/4662 4652/2159/4666 4616/2163/4669 4615/2162/4668
f 4652/2159/4666 4586/2099/4617 4574/2100/4619 4616/2163/4669
f 4651/2157/4665 4585/2098/4616 4586/2099/4617 4652/2159/4666
f 4650/2158/4664 4584/2096/4615 4585/2098/4616 4651/2157/4665
f 4611/2164/2741 4573/2095/2732 4584/2096/4615 4650/2158/4664
f 4612/2165/2742 4611/2164/2741 4650/2158/4664 4647/2154/4659
f 4613/2160/2743 4612/2165/2742 4647/2154/4659 4644/2151/4658
f 4653/2166/4670 4656/2169/4671 4657/2168/4672 4654/2167/4673
f 4654/2167/4673 4657/2168/4672 4658/2171/4674 4655/2170/4675
f 4656/2169/4671 4659/2173/4676 4660/2172/4677 4657/2168/4672
f 4657/2168/4672 4660/2172/4677 4661/2174/4678 4658/2171/4674
f 4580/2124/4639 4605/2141/4651 4653/2166/4670 4598/2123/4637
f 4598/2123/4637 4653/2166/4670 4654/2167/4673 4597/2122/4636
f 4597/2122/4636 4654/2167/4673 4655/2170/4675 4596/2121/4635
f 4596/2121/4635 4655/2170/4675 4589/2103/4621 4576/2104/4623
f 4655/2170/4675 4658/2171/4674 4588/2102/4620 4589/2103/4621
f 4658/2171/4674 4661/2174/4678 4587/2101/4618 4588/2102/4620
f 4661/2174/4678 4616/2163/4669 4574/2100/4619 4587/2101/4618
f 4660/2172/4677 4615/2162/4668 4616/2163/4669 4661/2174/4678
f 4659/2173/4676 4614/2161/4667 4615/2162/4668 4660/2172/4677
f 4607/2143/4653 4578/2144/4655 4614/2161/4667 4659/2173/4676
f 4606/2142/4652 4607/2143/4653 4659/2173/4676 4656/2169/4671
f 4605/2141/4651 4606/2142/4652 4656/2169/4671 4653/2166/4670
f 4706/2175/4679 4709/2178/4680 4710/2177/4681 4707/2176/4682
f 4707/2176/4682 4710/2177/4681 4711/2180/4683 4708/2179/4684
f 4709/2178/4680 4712/2182/4685 4713/2181/4686 4710/2177/4681
f 4710/2177/4681 4713/2181/4686 4714/2183/4687 4711/2180/4683
f 4662/2184/2748 4672/2186/2747 4706/2175/4679 4673/2185/4688
f 4673/2185/4688 4706/2175/4679 4707/2176/4682 4674/2187/4689
f 4674/2187/4689 4707/2176/4682 4708/2179/4684 4675/2188/4690
f 4675/2188/4690 4708/2179/4684 4676/2190/4691 4663/2189/4692
f 4708/2179/4684 4711/2180/4683 4677/2191/4693 4676/2190/4691
f 4711/2180/4683 4714/2183/4687 4678/2192/4694 4677/2191/4693
f 4714/2183/4687 4679/2194/4695 4665/2193/4696 4678/2192/4694
f 4713/2181/4686 4680/2195/4697 4679/2194/4695 4714/2183/4687
f 4712/2182/4685 4681/2196/4698 4680/2195/4697 4713/2181/4686
f 4670/2197/2745 4664/2198/2744 4681/2196/4698 4712/2182/4685
f 4671/2199/2746 4670/2197/2745 4712/2182/4685 4709/2178/4680
f 4672/2186/2747 4671/2199/2746 4709/2178/4680 4706/2175/4679
f 4715/2200/4699 4718/2203/4700 4719/2202/4701 4716/2201/4702
f 4716/2201/4702 4719/2202/4701 4720/2205/4703 4717/2204/4704
f 4718/2203/4700 4721/2207/4705 4722/2206/4706 4719/2202/4701
f 4719/2202/4701 4722/2206/4706 4723/2208/4707 4720/2205/4703
f 4664/2198/2744 4684/2209/2752 4715/2200/4699 4681/2196/4698
f 4681/2196/4698 4715/2200/4699 4716/2201/4702 4680/2195/4697
f 4680/2195/4697 4716/2201/4702 4717/2204/4704 4679/2194/4695
f 4679/2194/4695 4717/2204/4704 4685/2210/4708 4665/2193/4696
f 4717/2204/4704 4720/2205/4703 4686/2211/4709 4685/2210/4708
f 4720/2205/4703 4723/2208/4707 4687/2212/4710 4686/2211/4709
f 4723/2208/4707 4688/2214/4711 4669/2213/4712 4687/2212/4710
f 4722/2206/4706 4689/2215/4713 4688/2214/4711 4723/2208/4707
f 4721/2207/4705 4690/2216/4714 4689/2215/4713 4722/2206/4706
f 4682/2217/2750 4668/2218/2749 4690/2216/4714 4721/2207/4705
f 4683/2219/2751 4682/2217/2750 4721/2207/4705 4718/2203/4700
f 4684/2209/2752 4683/2219/2751 4718/2203/4700 4715/2200/4699
f 4724/2220/4715 4727/2223/4716 4728/2222/4717 4725/2221/4718
f 4725/2221/4718 4728/2222/4717 4729/2225/4719 4726/2224/4720
f 4727/2223/4716 4730/2227/4721 4731/2226/4722 4728/2222/4717
f 4728/2222/4717 4731/2226/4722 4732/2228/4723 4729/2225/4719
f 4668/2218/2749 4693/2229/2756 4724/2220/4715 4690/2216/4714
f 4690/2216/4714 4724/2220/4715 4725/2221/4718 4689/2215/4713
f 4689/2215/4713 4725/2221/4718 4726/2224/4720 4688/2214/4711
f 4688/2214/4711 4726/2224/4720 4694/2230/4724 4669/2213/4712
f 4726/2224/4720 4729/2225/4719 4695/2231/4725 4694/2230/4724
f 4729/2225/4719 4732/2228/4723 4696/2232/4726 4695/2231/4725
f 4732/2228/4723 4697/2234/4727 4667/2233/4728 4696/2232/4726
f 4731/2226/4722 4698/2235/4729 4697/2234/4727 4732/2228/4723
f 4730/2227/4721 4699/2236/4730 4698/2235/4729 4731/2226/4722
f 4691/2237/2754 4666/2238/2753 4699/2236/4730 4730/2227/4721
f 4692/2239/2755 4691/2237/2754 4730/2227/4721 4727/2223/4716
f 4693/2229/2756 4692/2239/2755 4727/2223/4716 4724/2220/4715
f 4733/2240/4731 4736/2243/4732 4737/2242/4733 4734/2241/4734
f 4734/2241/4734 4737/2242/4733 4738/2245/4735 4735/2244/4736
f 4736/2243/4732 4739/2247/4737 4740/2246/4738 4737/2242/4733
f 4737/2242/4733 4740/2246/4738 4741/2248/4739 4738/2245/4735
f 4666/2238/2753 4702/2249/2759 4733/2240/4731 4699/2236/4730
f 4699/2236/4730 4733/2240/4731 4734/2241/4734 4698/2235/4729
f 4698/2235/4729 4734/2241/4734 4735/2244/4736 4697/2234/4727
f 4697/2234/4727 4735/2244/4736 4703/2250/4740 4667/2233/4728
f 4735/2244/4736 4738/2245/4735 4704/2251/4741 4703/2250/4740
f 4738/2245/4735 4741/2248/4739 4705/2252/4742 4704/2251/4741
f 4741/2248/4739 4675/2188/4690 4663/2189/4692 4705/2252/4742
f 4740/2246/4738 4674/2187/4689 4675/2188/4690 4741/2248/4739
f 4739/2247/4737 4673/2185/4688 4674/2187/4689 4740/2246/4738
f 4700/2253/2757 4662/2184/2748 4673/2185/4688 4739/2247/4737
f 4701/2254/2758 4700/2253/2757 4739/2247/4737 4736/2243/4732
f 4702/2249/2759 4701/2254/2758 4736/2243/4732 4733/2240/4731
f 4742/2255/4743 4745/2258/4744 4746/2257/4745 4743/2256/4746
f 4743/2256/4746 4746/2257/4745 4747/2260/4747 4744/2259/4748
f 4745/2258/4744 4748/2262/4749 4749/2261/4750 4746/2257/4745
f 4746/2257/4745 4749/2261/4750 4750/2263/4751 4747/2260/4747
f 4669/2213/4712 4694/2230/4724 4742/2255/4743 4687/2212/4710
f 4687/2212/4710 4742/2255/4743 4743/2256/4746 4686/2211/4709
f 4686/2211/4709 4743/2256/4746 4744/2259/4748 4685/2210/4708
f 4685/2210/4708 4744/2259/4748 4678/2192/4694 4665/2193/4696
f 4744/2259/4748 4747/2260/4747 4677/2191/4693 4678/2192/4694
f 4747/2260/4747 4750/2263/4751 4676/2190/4691 4677/2191/4693
f 4750/2263/4751 4705/2252/4742 4663/2189/4692 4676/2190/4691
f 4749/2261/4750 4704/2251/4741 4705/2252/4742 4750/2263/4751
f 4748/2262/4749 4703/2250/4740 4704/2251/4741 4749/2261/4750
f 4696/2232/4726 4667/2233/4728 4703/2250/4740 4748/2262/4749
f 4695/2231/4725 4696/2232/4726 4748/2262/4749 4745/2258/4744
f 4694/2230/4724 4695/2231/4725 4745/2258/4744 4742/2255/4743
f 4781/2264/4752 4752/2267/4753 4758/2266/4754 4787/2265/4755
f 4795/2268/4756 4780/2271/4757 4788/2270/4758 4801/2269/4759
f 4800/2272/4760 4786/2272/4761 4759/2273/4762 4772/2273/4763
f 4753/2274/4764 4766/2277/4765 4774/2276/4766 4760/2275/4767
f 4767/2278/4768 4794/2281/4769 4802/2280/4770 4773/2279/4771
f 4751/2282/4772 4757/2285/4773 4755/2284/4774 4754/2283/4775
f 4752/2267/4753 4754/2288/4775 4755/2287/4774 4756/2286/4776
f 4753/2274/4764 4756/2291/4776 4755/2290/4774 4757/2289/4773
f 4758/2266/4754 4764/2294/4777 4762/2293/4778 4761/2292/4779
f 4759/2273/4762 4761/2297/4779 4762/2296/4778 4763/2295/4780
f 4760/2275/4767 4763/2300/4780 4762/2299/4778 4764/2298/4777
f 4765/2301/4781 4771/2304/4782 4769/2303/4783 4768/2302/4784
f 4766/2277/4765 4768/2307/4784 4769/2306/4783 4770/2305/4785
f 4767/2278/4768 4770/2305/4785 4769/2309/4783 4771/2308/4782
f 4772/2273/4763 4778/2312/4786 4776/2311/4787 4775/2310/4788
f 4773/2279/4771 4775/2315/4788 4776/2314/4787 4777/2313/4789
f 4774/2276/4766 4777/2313/4789 4776/2317/4787 4778/2316/4786
f 4779/2318/4790 4785/2321/4791 4783/2320/4792 4782/2319/4793
f 4780/2271/4757 4782/2319/4793 4783/2320/4792 4784/2322/4794
f 4781/2264/4752 4784/2322/4794 4783/2320/4792 4785/2323/4791
f 4786/2272/4761 4792/2326/4795 4790/2325/4796 4789/2324/4797
f 4787/2265/4755 4789/2328/4797 4790/2325/4796 4791/2327/4798
f 4788/2270/4758 4791/2327/4798 4790/2325/4796 4792/2326/4795
f 4793/2329/4799 4799/2332/4800 4797/2331/4801 4796/2330/4802
f 4794/2281/4769 4796/2334/4802 4797/2331/4801 4798/2333/4803
f 4795/2268/4756 4798/2333/4803 4797/2331/4801 4799/2332/4800
f 4800/2272/4760 4806/2337/4804 4804/2336/4805 4803/2335/4806
f 4801/2269/4759 4803/2335/4806 4804/2336/4805 4805/2338/4807
f 4802/2280/4770 4805/2338/4807 4804/2336/4805 4806/2339/4804
f 4765/2301/4781 4768/2302/4784 4757/2285/4773 4751/2282/4772
f 4768/2307/4784 4766/2277/4765 4753/2274/4764 4757/2289/4773
f 4752/2267/4753 4756/2286/4776 4764/2294/4777 4758/2266/4754
f 4756/2291/4776 4753/2274/4764 4760/2275/4767 4764/2298/4777
f 4759/2273/4762 4763/2295/4780 4778/2312/4786 4772/2273/4763
f 4763/2300/4780 4760/2275/4767 4774/2276/4766 4778/2316/4786
f 4773/2279/4771 4777/2313/4789 4770/2305/4785 4767/2278/4768
f 4777/2313/4789 4774/2276/4766 4766/2277/4765 4770/2305/4785
f 4793/2329/4799 4796/2330/4802 4771/2304/4782 4765/2301/4781
f 4796/2334/4802 4794/2281/4769 4767/2278/4768 4771/2308/4782
f 4772/2273/4763 4775/2310/4788 4806/2337/4804 4800/2272/4760
f 4775/2315/4788 4773/2279/4771 4802/2280/4770 4806/2339/4804
f 4801/2269/4759 4805/2338/4807 4798/2333/4803 4795/2268/4756
f 4805/2338/4807 4802/2280/4770 4794/2281/4769 4798/2333/4803
f 4779/2318/4790 4782/2319/4793 4799/2332/4800 4793/2329/4799
f 4782/2319/4793 4780/2271/4757 4795/2268/4756 4799/2332/4800
f 4800/2272/4760 4803/2335/4806 4792/2326/4795 4786/2272/4761
f 4803/2335/4806 4801/2269/4759 4788/2270/4758 4792/2326/4795
f 4787/2265/4755 4791/2327/4798 4784/2322/4794 4781/2264/4752
f 4791/2327/4798 4788/2270/4758 4780/2271/4757 4784/2322/4794
f 4751/2282/4772 4754/2283/4775 4785/2321/4791 4779/2318/4790
f 4754/2288/4775 4752/2267/4753 4781/2264/4752 4785/2323/4791
f 4786/2272/4761 4789/2324/4797 4761/2297/4779 4759/2273/4762
f 4789/2328/4797 4787/2265/4755 4758/2266/4754 4761/2292/4779
f 4765/2301/4781 4751/2282/4772 4779/2318/4790 4793/2329/4799
f 4926/2340/4808 4929/2343/4809 4930/2342/4810 4927/2341/4811
f 4927/2341/4811 4930/2342/4810 4931/2345/4812 4928/2344/4813
f 4929/2343/4809 4932/2347/4814 4933/2346/4815 4930/2342/4810
f 4930/2342/4810 4933/2346/4815 4934/2348/4816 4931/2345/4812
f 4822/2349/4817 4866/2351/4818 4926/2340/4808 4904/2350/4819
f 4904/2350/4819 4926/2340/4808 4927/2341/4811 4903/2352/4820
f 4903/2352/4820 4927/2341/4811 4928/2344/4813 4902/2353/4821
f 4902/2354/4821 4928/2357/4813 4827/2356/4822 4816/2355/4823
f 4928/2344/4813 4931/2345/4812 4828/2359/4824 4827/2358/4822
f 4931/2345/4812 4934/2348/4816 4829/2360/4825 4828/2359/4824
f 4934/2348/4816 4857/2362/4826 4810/2361/4827 4829/2360/4825
f 4933/2346/4815 4858/2363/4828 4857/2362/4826 4934/2348/4816
f 4932/2347/4814 4859/2364/4829 4858/2363/4828 4933/2346/4815
f 4868/2365/4830 4813/2366/4831 4859/2364/4829 4932/2347/4814
f 4867/2367/4832 4868/2365/4830 4932/2347/4814 4929/2343/4809
f 4866/2351/4818 4867/2367/4832 4929/2343/4809 4926/2340/4808
f 4935/2368/4833 4938/2371/4834 4939/2370/4835 4936/2369/4836
f 4936/2369/4836 4939/2370/4835 4940/2373/4837 4937/2372/4838
f 4938/2371/4834 4941/2375/4839 4942/2374/4840 4939/2370/4835
f 4939/2370/4835 4942/2374/4840 4943/2376/4841 4940/2373/4837
f 4813/2366/4831 4863/2377/4842 4935/2368/4833 4859/2364/4829
f 4859/2364/4829 4935/2368/4833 4936/2369/4836 4858/2363/4828
f 4858/2363/4828 4936/2369/4836 4937/2372/4838 4857/2362/4826
f 4857/2362/4826 4937/2372/4838 4836/2378/4843 4810/2361/4827
f 4937/2372/4838 4940/2373/4837 4837/2379/4844 4836/2378/4843
f 4940/2373/4837 4943/2376/4841 4838/2380/4845 4837/2379/4844
f 4943/2376/4841 4860/2382/4846 4808/2381/4847 4838/2380/4845
f 4942/2374/4840 4861/2383/4848 4860/2382/4846 4943/2376/4841
f 4941/2375/4839 4862/2384/4849 4861/2383/4848 4942/2374/4840
f 4865/2385/4850 4814/2386/4851 4862/2384/4849 4941/2375/4839
f 4864/2387/4852 4865/2385/4850 4941/2375/4839 4938/2371/4834
f 4863/2377/4842 4864/2387/4852 4938/2371/4834 4935/2368/4833
f 4944/2388/4853 4947/2391/4854 4948/2390/4855 4945/2389/4856
f 4945/2389/4856 4948/2390/4855 4949/2393/4857 4946/2392/4858
f 4947/2391/4854 4950/2395/4859 4951/2394/4860 4948/2390/4855
f 4948/2390/4855 4951/2394/4860 4952/2396/4861 4949/2393/4857
f 4815/2397/4862 4896/2399/4863 4944/2388/4853 4871/2398/4864
f 4871/2398/4864 4944/2388/4853 4945/2389/4856 4870/2400/4865
f 4870/2400/4865 4945/2389/4856 4946/2392/4858 4869/2401/4866
f 4869/2401/4866 4946/2392/4858 4835/2403/4867 4809/2402/4868
f 4946/2392/4858 4949/2393/4857 4834/2404/4869 4835/2403/4867
f 4949/2393/4857 4952/2396/4861 4833/2405/4870 4834/2404/4869
f 4952/2396/4861 4844/2407/4871 4807/2406/4872 4833/2405/4870
f 4951/2394/4860 4843/2408/4873 4844/2407/4871 4952/2396/4861
f 4950/2395/4859 4842/2409/4874 4843/2408/4873 4951/2394/4860
f 4898/2410/4875 4817/2411/4876 4842/2409/4874 4950/2395/4859
f 4897/2412/4877 4898/2410/4875 4950/2395/4859 4947/2391/4854
f 4896/2399/4863 4897/2412/4877 4947/2391/4854 4944/2388/4853
f 4953/2413/4878 4956/2416/4879 4957/2415/4880 4954/2414/4881
f 4954/2414/4881 4957/2415/4880 4958/2418/4882 4955/2417/4883
f 4956/2416/4879 4959/2420/4884 4960/2419/4885 4957/2415/4880
f 4957/2415/4880 4960/2419/4885 4961/2421/4886 4958/2418/4882
f 4809/2402/4868 4835/2403/4867 4953/2413/4878 4832/2422/4887
f 4832/2422/4887 4953/2413/4878 4954/2414/4881 4831/2423/4888
f 4831/2423/4888 4954/2414/4881 4955/2417/4883 4830/2424/4889
f 4830/2424/4889 4955/2417/4883 4851/2426/4890 4811/2425/4891
f 4955/2417/4883 4958/2418/4882 4852/2427/4892 4851/2426/4890
f 4958/2418/4882 4961/2421/4886 4853/2428/4893 4852/2427/4892
f 4961/2421/4886 4839/2430/4894 4812/2429/4895 4853/2428/4893
f 4960/2419/4885 4840/2431/4896 4839/2430/4894 4961/2421/4886
f 4959/2420/4884 4841/2432/4897 4840/2431/4896 4960/2419/4885
f 4833/2405/4870 4807/2406/4872 4841/2432/4897 4959/2420/4884
f 4834/2404/4869 4833/2405/4870 4959/2420/4884 4956/2416/4879
f 4835/2403/4867 4834/2404/4869 4956/2416/4879 4953/2413/4878
f 4962/2433/4898 4965/2436/4899 4966/2435/4900 4963/2434/4901
f 4963/2434/4901 4966/2435/4900 4967/2438/4902 4964/2437/4903
f 4965/2436/4899 4968/2440/4904 4969/2439/4905 4966/2435/4900
f 4966/2435/4900 4969/2439/4905 4970/2441/4906 4967/2438/4902
f 4815/2442/4862 4871/2444/4864 4962/2433/4898 4889/2443/4907
f 4889/2443/4907 4962/2433/4898 4963/2434/4901 4888/2445/4908
f 4888/2445/4908 4963/2434/4901 4964/2437/4903 4887/2446/4909
f 4887/2446/4909 4964/2437/4903 4854/2448/4910 4820/2447/4911
f 4964/2437/4903 4967/2438/4902 4855/2449/4912 4854/2448/4910
f 4967/2438/4902 4970/2441/4906 4856/2450/4913 4855/2449/4912
f 4970/2441/4906 4830/2424/4889 4811/2425/4891 4856/2450/4913
f 4969/2439/4905 4831/2423/4888 4830/2424/4889 4970/2441/4906
f 4968/2440/4904 4832/2422/4887 4831/2423/4888 4969/2439/4905
f 4869/2451/4866 4809/2402/4868 4832/2422/4887 4968/2440/4904
f 4870/2452/4865 4869/2451/4866 4968/2440/4904 4965/2436/4899
f 4871/2444/4864 4870/2452/4865 4965/2436/4899 4962/2433/4898
f 4971/2453/4914 4974/2456/4915 4975/2455/4916 4972/2454/4917
f 4972/2454/4917 4975/2455/4916 4976/2458/4918 4973/2457/4919
f 4974/2456/4915 4977/2460/4920 4978/2459/4921 4975/2455/4916
f 4975/2455/4916 4978/2459/4921 4979/2461/4922 4976/2458/4918
f 4823/2462/4923 4923/2464/4924 4971/2453/4914 4907/2463/4925
f 4907/2463/4925 4971/2453/4914 4972/2454/4917 4906/2465/4926
f 4906/2465/4926 4972/2454/4917 4973/2457/4919 4905/2466/4927
f 4905/2466/4927 4973/2457/4919 4863/2377/4842 4813/2366/4831
f 4973/2457/4919 4976/2458/4918 4864/2387/4852 4863/2377/4842
f 4976/2458/4918 4979/2461/4922 4865/2385/4850 4864/2387/4852
f 4979/2461/4922 4908/2467/4928 4814/2386/4851 4865/2385/4850
f 4978/2459/4921 4909/2468/4929 4908/2467/4928 4979/2461/4922
f 4977/2460/4920 4910/2469/4930 4909/2468/4929 4978/2459/4921
f 4925/2470/4931 4824/2471/4932 4910/2469/4930 4977/2460/4920
f 4924/2472/4933 4925/2470/4931 4977/2460/4920 4974/2456/4915
f 4923/2464/4924 4924/2472/4933 4974/2456/4915 4971/2453/4914
f 4980/2473/4934 4983/2476/4935 4984/2475/4936 4981/2474/4937
f 4981/2474/4937 4984/2475/4936 4985/2478/4938 4982/2477/4939
f 4983/2476/4935 4986/2480/4940 4987/2479/4941 4984/2475/4936
f 4984/2475/4936 4987/2479/4941 4988/2481/4942 4985/2478/4938
f 4825/2482/4943 4920/2484/4944 4980/2473/4934 4913/2483/4945
f 4913/2483/4945 4980/2473/4934 4981/2474/4937 4912/2485/4946
f 4912/2485/4946 4981/2474/4937 4982/2477/4939 4911/2486/4947
f 4911/2486/4947 4982/2477/4939 4866/2351/4818 4822/2349/4817
f 4982/2477/4939 4985/2478/4938 4867/2367/4832 4866/2351/4818
f 4985/2478/4938 4988/2481/4942 4868/2365/4830 4867/2367/4832
f 4988/2481/4942 4905/2466/4927 4813/2366/4831 4868/2365/4830
f 4987/2479/4941 4906/2465/4926 4905/2466/4927 4988/2481/4942
f 4986/2480/4940 4907/2463/4925 4906/2465/4926 4987/2479/4941
f 4922/2487/4948 4823/2462/4923 4907/2463/4925 4986/2480/4940
f 4921/2488/4949 4922/2487/4948 4986/2480/4940 4983/2476/4935
f 4920/2484/4944 4921/2488/4949 4983/2476/4935 4980/2473/4934
f 4989/2489/4950 4992/2492/4951 4993/2491/4952 4990/2490/4953
f 4990/2490/4953 4993/2491/4952 4994/2494/4954 4991/2493/4955
f 4992/2492/4951 4995/2496/4956 4996/2495/4957 4993/2491/4952
f 4993/2491/4952 4996/2495/4957 4997/2497/4958 4994/2494/4954
f 4824/2471/4932 4917/2498/4959 4989/2489/4950 4910/2469/4930
f 4910/2469/4930 4989/2489/4950 4990/2490/4953 4909/2468/4929
f 4909/2468/4929 4990/2490/4953 4991/2493/4955 4908/2467/4928
f 4908/2467/4928 4991/2493/4955 4878/2499/4960 4814/2386/4851
f 4991/2493/4955 4994/2494/4954 4879/2500/4961 4878/2499/4960
f 4994/2494/4954 4997/2497/4958 4880/2501/4962 4879/2500/4961
f 4997/2497/4958 4914/2503/4963 4821/2502/4964 4880/2501/4962
f 4996/2495/4957 4915/2504/4965 4914/2503/4963 4997/2497/4958
f 4995/2496/4956 4916/2505/4966 4915/2504/4965 4996/2495/4957
f 4919/2506/4967 4826/2507/4968 4916/2505/4966 4995/2496/4956
f 4918/2508/4969 4919/2506/4967 4995/2496/4956 4992/2492/4951
f 4917/2498/4959 4918/2508/4969 4992/2492/4951 4989/2489/4950
f 4998/2509/4970 5001/2512/4971 5002/2511/4972 4999/2510/4973
f 4999/2510/4973 5002/2511/4972 5003/2514/4974 5000/2513/4975
f 5001/2512/4971 5004/2516/4976 5005/2515/4977 5002/2511/4972
f 5002/2511/4972 5005/2515/4977 5006/2517/4978 5003/2514/4974
f 4807/2406/4872 4844/2518/4871 4998/2509/4970 4841/2432/4897
f 4841/2432/4897 4998/2509/4970 4999/2510/4973 4840/2431/4896
f 4840/2431/4896 4999/2510/4973 5000/2513/4975 4839/2430/4894
f 4839/2430/4894 5000/2513/4975 4875/2519/4979 4812/2429/4895
f 5000/2513/4975 5003/2514/4974 4876/2520/4980 4875/2519/4979
f 5003/2514/4974 5006/2517/4978 4877/2521/4981 4876/2520/4980
f 5006/2517/4978 4890/2523/4982 4819/2522/4983 4877/2521/4981
f 5005/2515/4977 4891/2524/4984 4890/2523/4982 5006/2517/4978
f 5004/2516/4976 4892/2525/4985 4891/2524/4984 5005/2515/4977
f 4842/2526/4874 4817/2527/4876 4892/2525/4985 5004/2516/4976
f 4843/2528/4873 4842/2526/4874 5004/2516/4976 5001/2512/4971
f 4844/2518/4871 4843/2528/4873 5001/2512/4971 4998/2509/4970
f 5007/2529/4986 5010/2532/4987 5011/2531/4988 5008/2530/4989
f 5008/2530/4989 5011/2531/4988 5012/2534/4990 5009/2533/4991
f 5010/2532/4987 5013/2536/4992 5014/2535/4993 5011/2531/4988
f 5011/2531/4988 5014/2535/4993 5015/2537/4994 5012/2534/4990
f 4810/2361/4827 4836/2378/4843 5007/2529/4986 4829/2538/4825
f 4829/2538/4825 5007/2529/4986 5008/2530/4989 4828/2539/4824
f 4828/2539/4824 5008/2530/4989 5009/2533/4991 4827/2540/4822
f 4827/2541/4822 5009/2544/4991 4893/2543/4995 4816/2542/4823
f 5009/2544/4991 5012/2546/4990 4894/2545/4996 4893/2543/4995
f 5012/2546/4990 5015/2548/4994 4895/2547/4997 4894/2545/4996
f 5015/2548/4994 4874/2550/4998 4818/2549/4999 4895/2547/4997
f 5014/2535/4993 4873/2552/5000 4874/2551/4998 5015/2537/4994
f 5013/2536/4992 4872/2553/5001 4873/2552/5000 5014/2535/4993
f 4838/2380/4845 4808/2381/4847 4872/2553/5001 5013/2536/4992
f 4837/2379/4844 4838/2380/4845 5013/2536/4992 5010/2532/4987
f 4836/2378/4843 4837/2379/4844 5010/2532/4987 5007/2529/4986
f 5016/2554/5002 5019/2557/5003 5020/2556/5004 5017/2555/5005
f 5017/2555/5005 5020/2556/5004 5021/2559/5006 5018/2558/5007
f 5019/2557/5003 5022/2561/5008 5023/2560/5009 5020/2556/5004
f 5020/2556/5004 5023/2560/5009 5024/2562/5010 5021/2559/5006
f 4814/2386/4851 4878/2499/4960 5016/2554/5002 4862/2384/4849
f 4862/2384/4849 5016/2554/5002 5017/2555/5005 4861/2383/4848
f 4861/2383/4848 5017/2555/5005 5018/2558/5007 4860/2382/4846
f 4860/2382/4846 5018/2558/5007 4872/2563/5001 4808/2381/4847
f 5018/2558/5007 5021/2559/5006 4873/2564/5000 4872/2563/5001
f 5021/2559/5006 5024/2562/5010 4874/2565/4998 4873/2564/5000
f 5024/2566/5010 4899/2569/5011 4818/2568/4999 4874/2567/4998
f 5023/2570/5009 4900/2571/5012 4899/2569/5011 5024/2566/5010
f 5022/2572/5008 4901/2573/5013 4900/2571/5012 5023/2570/5009
f 4880/2574/4962 4821/2575/4964 4901/2573/5013 5022/2572/5008
f 4879/2500/4961 4880/2501/4962 5022/2561/5008 5019/2557/5003
f 4878/2499/4960 4879/2500/4961 5019/2557/5003 5016/2554/5002
f 5025/2576/5014 5028/2579/5015 5029/2578/5016 5026/2577/5017
f 5026/2577/5017 5029/2578/5016 5030/2581/5018 5027/2580/5019
f 5028/2579/5015 5031/2583/5020 5032/2582/5021 5029/2578/5016
f 5029/2578/5016 5032/2582/5021 5033/2584/5022 5030/2581/5018
f 4812/2429/4895 4875/2519/4979 5025/2576/5014 4850/2585/5023
f 4850/2585/5023 5025/2576/5014 5026/2577/5017 4849/2586/5024
f 4849/2586/5024 5026/2577/5017 5027/2580/5019 4848/2587/5025
f 4848/2587/5025 5027/2580/5019 4917/2498/4959 4824/2471/4932
f 5027/2580/5019 5030/2581/5018 4918/2508/4969 4917/2498/4959
f 5030/2581/5018 5033/2584/5022 4919/2506/4967 4918/2508/4969
f 5033/2584/5022 4884/2588/5026 4826/2507/4968 4919/2506/4967
f 5032/2582/5021 4885/2589/5027 4884/2588/5026 5033/2584/5022
f 5031/2583/5020 4886/2590/5028 4885/2589/5027 5032/2582/5021
f 4877/2521/4981 4819/2522/4983 4886/2590/5028 5031/2583/5020
f 4876/2520/4980 4877/2521/4981 5031/2583/5020 5028/2579/5015
f 4875/2519/4979 4876/2520/4980 5028/2579/5015 5025/2576/5014
f 5034/2591/5029 5037/2594/5030 5038/2593/5031 5035/2592/5032
f 5035/2592/5032 5038/2593/5031 5039/2596/5033 5036/2595/5034
f 5037/2594/5030 5040/2598/5035 5041/2597/5036 5038/2593/5031
f 5038/2593/5031 5041/2597/5036 5042/2599/5037 5039/2596/5033
f 4820/2447/4911 4854/2448/4910 5034/2591/5029 4883/2600/5038
f 4883/2600/5038 5034/2591/5029 5035/2592/5032 4882/2601/5039
f 4882/2601/5039 5035/2592/5032 5036/2595/5034 4881/2602/5040
f 4881/2602/5040 5036/2595/5034 4920/2484/4944 4825/2482/4943
f 5036/2595/5034 5039/2596/5033 4921/2488/4949 4920/2484/4944
f 5039/2596/5033 5042/2599/5037 4922/2487/4948 4921/2488/4949
f 5042/2599/5037 4845/2603/5041 4823/2462/4923 4922/2487/4948
f 5041/2597/5036 4846/2604/5042 4845/2603/5041 5042/2599/5037
f 5040/2598/5035 4847/2605/5043 4846/2604/5042 5041/2597/5036
f 4856/2450/4913 4811/2425/4891 4847/2605/5043 5040/2598/5035
f 4855/2449/4912 4856/2450/4913 5040/2598/5035 5037/2594/5030
f 4854/2448/4910 4855/2449/4912 5037/2594/5030 5034/2591/5029
f 5043/2606/5044 5046/2609/5045 5047/2608/5046 5044/2607/5047
f 5044/2607/5047 5047/2608/5046 5048/2611/5048 5045/2610/5049
f 5046/2609/5045 5049/2613/5050 5050/2612/5051 5047/2608/5046
f 5047/2608/5046 5050/2612/5051 5051/2614/5052 5048/2611/5048
f 4811/2425/4891 4851/2426/4890 5043/2606/5044 4847/2605/5043
f 4847/2605/5043 5043/2606/5044 5044/2607/5047 4846/2604/5042
f 4846/2604/5042 5044/2607/5047 5045/2610/5049 4845/2603/5041
f 4845/2603/5041 5045/2610/5049 4923/2464/4924 4823/2462/4923
f 5045/2610/5049 5048/2611/5048 4924/2472/4933 4923/2464/4924
f 5048/2611/5048 5051/2614/5052 4925/2470/4931 4924/2472/4933
f 5051/2614/5052 4848/2587/5025 4824/2471/4932 4925/2470/4931
f 5050/2612/5051 4849/2586/5024 4848/2587/5025 5051/2614/5052
f 5049/2613/5050 4850/2585/5023 4849/2586/5024 5050/2612/5051
f 4853/2428/4893 4812/2429/4895 4850/2585/5023 5049/2613/5050
f 4852/2427/4892 4853/2428/4893 5049/2613/5050 5046/2609/5045
f 4851/2426/4890 4852/2427/4892 5046/2609/5045 5043/2606/5044
f 5131/2340/5053 5132/2341/5054 5135/2342/5055 5134/2343/5056
f 5132/2341/5054 5133/2344/5057 5136/2345/5058 5135/2342/5055
f 5134/2343/5056 5135/2342/5055 5138/2346/5059 5137/2347/5060
f 5135/2342/5055 5136/2345/5058 5139/2348/5061 5138/2346/5059
f 4822/2349/4817 4904/2350/4819 5131/2340/5053 5101/2351/5062
f 4904/2350/4819 4903/2352/4820 5132/2341/5054 5131/2340/5053
f 4903/2352/4820 4902/2353/4821 5133/2344/5057 5132/2341/5054
f 4902/2354/4821 4816/2355/4823 5062/2356/5063 5133/2357/5057
f 5133/2344/5057 5062/2358/5063 5063/2359/5064 5136/2345/5058
f 5136/2345/5058 5063/2359/5064 5064/2360/5065 5139/2348/5061
f 5139/2348/5061 5064/2360/5065 5055/2361/5066 5092/2362/5067
f 5138/2346/5059 5139/2348/5061 5092/2362/5067 5093/2363/5068
f 5137/2347/5060 5138/2346/5059 5093/2363/5068 5094/2364/5069
f 5103/2365/5070 5137/2347/5060 5094/2364/5069 5058/2366/5071
f 5102/2367/5072 5134/2343/5056 5137/2347/5060 5103/2365/5070
f 5101/2351/5062 5131/2340/5053 5134/2343/5056 5102/2367/5072
f 5140/2368/5073 5141/2369/5074 5144/2370/5075 5143/2371/5076
f 5141/2369/5074 5142/2372/5077 5145/2373/5078 5144/2370/5075
f 5143/2371/5076 5144/2370/5075 5147/2374/5079 5146/2375/5080
f 5144/2370/5075 5145/2373/5078 5148/2376/5081 5147/2374/5079
f 5058/2366/5071 5094/2364/5069 5140/2368/5073 5098/2377/5082
f 5094/2364/5069 5093/2363/5068 5141/2369/5074 5140/2368/5073
f 5093/2363/5068 5092/2362/5067 5142/2372/5077 5141/2369/5074
f 5092/2362/5067 5055/2361/5066 5071/2378/5083 5142/2372/5077
f 5142/2372/5077 5071/2378/5083 5072/2379/5084 5145/2373/5078
f 5145/2373/5078 5072/2379/5084 5073/2380/5085 5148/2376/5081
f 5148/2376/5081 5073/2380/5085 5053/2381/5086 5095/2382/5087
f 5147/2374/5079 5148/2376/5081 5095/2382/5087 5096/2383/5088
f 5146/2375/5080 5147/2374/5079 5096/2383/5088 5097/2384/5089
f 5100/2385/5090 5146/2375/5080 5097/2384/5089 5059/2386/5091
f 5099/2387/5092 5143/2371/5076 5146/2375/5080 5100/2385/5090
f 5098/2377/5082 5140/2368/5073 5143/2371/5076 5099/2387/5092
f 5149/2388/5093 5150/2389/5094 5153/2390/5095 5152/2391/5096
f 5150/2389/5094 5151/2392/5097 5154/2393/5098 5153/2390/5095
f 5152/2391/5096 5153/2390/5095 5156/2394/5099 5155/2395/5100
f 5153/2390/5095 5154/2393/5098 5157/2396/5101 5156/2394/5099
f 4815/2397/4862 5106/2398/5102 5149/2388/5093 4896/2399/4863
f 5106/2398/5102 5105/2400/5103 5150/2389/5094 5149/2388/5093
f 5105/2400/5103 5104/2401/5104 5151/2392/5097 5150/2389/5094
f 5104/2401/5104 5054/2402/5105 5070/2403/5106 5151/2392/5097
f 5151/2392/5097 5070/2403/5106 5069/2404/5107 5154/2393/5098
f 5154/2393/5098 5069/2404/5107 5068/2405/5108 5157/2396/5101
f 5157/2396/5101 5068/2405/5108 5052/2406/5109 5079/2407/5110
f 5156/2394/5099 5157/2396/5101 5079/2407/5110 5078/2408/5111
f 5155/2395/5100 5156/2394/5099 5078/2408/5111 5077/2409/5112
f 4898/2410/4875 5155/2395/5100 5077/2409/5112 4817/2411/4876
f 4897/2412/4877 5152/2391/5096 5155/2395/5100 4898/2410/4875
f 4896/2399/4863 5149/2388/5093 5152/2391/5096 4897/2412/4877
f 5158/2413/5113 5159/2414/5114 5162/2415/5115 5161/2416/5116
f 5159/2414/5114 5160/2417/5117 5163/2418/5118 5162/2415/5115
f 5161/2416/5116 5162/2415/5115 5165/2419/5119 5164/2420/5120
f 5162/2415/5115 5163/2418/5118 5166/2421/5121 5165/2419/5119
f 5054/2402/5105 5067/2422/5122 5158/2413/5113 5070/2403/5106
f 5067/2422/5122 5066/2423/5123 5159/2414/5114 5158/2413/5113
f 5066/2423/5123 5065/2424/5124 5160/2417/5117 5159/2414/5114
f 5065/2424/5124 5056/2425/5125 5086/2426/5126 5160/2417/5117
f 5160/2417/5117 5086/2426/5126 5087/2427/5127 5163/2418/5118
f 5163/2418/5118 5087/2427/5127 5088/2428/5128 5166/2421/5121
f 5166/2421/5121 5088/2428/5128 5057/2429/5129 5074/2430/5130
f 5165/2419/5119 5166/2421/5121 5074/2430/5130 5075/2431/5131
f 5164/2420/5120 5165/2419/5119 5075/2431/5131 5076/2432/5132
f 5068/2405/5108 5164/2420/5120 5076/2432/5132 5052/2406/5109
f 5069/2404/5107 5161/2416/5116 5164/2420/5120 5068/2405/5108
f 5070/2403/5106 5158/2413/5113 5161/2416/5116 5069/2404/5107
f 5167/2433/5133 5168/2434/5134 5171/2435/5135 5170/2436/5136
f 5168/2434/5134 5169/2437/5137 5172/2438/5138 5171/2435/5135
f 5170/2436/5136 5171/2435/5135 5174/2439/5139 5173/2440/5140
f 5171/2435/5135 5172/2438/5138 5175/2441/5141 5174/2439/5139
f 4815/2442/4862 4889/2443/4907 5167/2433/5133 5106/2444/5102
f 4889/2443/4907 4888/2445/4908 5168/2434/5134 5167/2433/5133
f 4888/2445/4908 4887/2446/4909 5169/2437/5137 5168/2434/5134
f 4887/2446/4909 4820/2447/4911 5089/2448/5142 5169/2437/5137
f 5169/2437/5137 5089/2448/5142 5090/2449/5143 5172/2438/5138
f 5172/2438/5138 5090/2449/5143 5091/2450/5144 5175/2441/5141
f 5175/2441/5141 5091/2450/5144 5056/2425/5125 5065/2424/5124
f 5174/2439/5139 5175/2441/5141 5065/2424/5124 5066/2423/5123
f 5173/2440/5140 5174/2439/5139 5066/2423/5123 5067/2422/5122
f 5104/2451/5104 5173/2440/5140 5067/2422/5122 5054/2402/5105
f 5105/2452/5103 5170/2436/5136 5173/2440/5140 5104/2451/5104
f 5106/2444/5102 5167/2433/5133 5170/2436/5136 5105/2452/5103
f 5176/2453/5145 5177/2454/5146 5180/2455/5147 5179/2456/5148
f 5177/2454/5146 5178/2457/5149 5181/2458/5150 5180/2455/5147
f 5179/2456/5148 5180/2455/5147 5183/2459/5151 5182/2460/5152
f 5180/2455/5147 5181/2458/5150 5184/2461/5153 5183/2459/5151
f 5060/2462/5154 5118/2463/5155 5176/2453/5145 5128/2464/5156
f 5118/2463/5155 5117/2465/5157 5177/2454/5146 5176/2453/5145
f 5117/2465/5157 5116/2466/5158 5178/2457/5149 5177/2454/5146
f 5116/2466/5158 5058/2366/5071 5098/2377/5082 5178/2457/5149
f 5178/2457/5149 5098/2377/5082 5099/2387/5092 5181/2458/5150
f 5181/2458/5150 5099/2387/5092 5100/2385/5090 5184/2461/5153
f 5184/2461/5153 5100/2385/5090 5059/2386/5091 5119/2467/5159
f 5183/2459/5151 5184/2461/5153 5119/2467/5159 5120/2468/5160
f 5182/2460/5152 5183/2459/5151 5120/2468/5160 5121/2469/5161
f 5130/2470/5162 5182/2460/5152 5121/2469/5161 5061/2471/5163
f 5129/2472/5164 5179/2456/5148 5182/2460/5152 5130/2470/5162
f 5128/2464/5156 5176/2453/5145 5179/2456/5148 5129/2472/5164
f 5185/2473/5165 5186/2474/5166 5189/2475/5167 5188/2476/5168
f 5186/2474/5166 5187/2477/5169 5190/2478/5170 5189/2475/5167
f 5188/2476/5168 5189/2475/5167 5192/2479/5171 5191/2480/5172
f 5189/2475/5167 5190/2478/5170 5193/2481/5173 5192/2479/5171
f 4825/2482/4943 4913/2483/4945 5185/2473/5165 5125/2484/5174
f 4913/2483/4945 4912/2485/4946 5186/2474/5166 5185/2473/5165
f 4912/2485/4946 4911/2486/4947 5187/2477/5169 5186/2474/5166
f 4911/2486/4947 4822/2349/4817 5101/2351/5062 5187/2477/5169
f 5187/2477/5169 5101/2351/5062 5102/2367/5072 5190/2478/5170
f 5190/2478/5170 5102/2367/5072 5103/2365/5070 5193/2481/5173
f 5193/2481/5173 5103/2365/5070 5058/2366/5071 5116/2466/5158
f 5192/2479/5171 5193/2481/5173 5116/2466/5158 5117/2465/5157
f 5191/2480/5172 5192/2479/5171 5117/2465/5157 5118/2463/5155
f 5127/2487/5175 5191/2480/5172 5118/2463/5155 5060/2462/5154
f 5126/2488/5176 5188/2476/5168 5191/2480/5172 5127/2487/5175
f 5125/2484/5174 5185/2473/5165 5188/2476/5168 5126/2488/5176
f 5194/2489/5177 5195/2490/5178 5198/2491/5179 5197/2492/5180
f 5195/2490/5178 5196/2493/5181 5199/2494/5182 5198/2491/5179
f 5197/2492/5180 5198/2491/5179 5201/2495/5183 5200/2496/5184
f 5198/2491/5179 5199/2494/5182 5202/2497/5185 5201/2495/5183
f 5061/2471/5163 5121/2469/5161 5194/2489/5177 5122/2498/5186
f 5121/2469/5161 5120/2468/5160 5195/2490/5178 5194/2489/5177
f 5120/2468/5160 5119/2467/5159 5196/2493/5181 5195/2490/5178
f 5119/2467/5159 5059/2386/5091 5113/2499/5187 5196/2493/5181
f 5196/2493/5181 5113/2499/5187 5114/2500/5188 5199/2494/5182
f 5199/2494/5182 5114/2500/5188 5115/2501/5189 5202/2497/5185
f 5202/2615/5185 5115/2574/5189 4821/2575/4964 4914/2616/4963
f 5201/2495/5183 5202/2497/5185 4914/2503/4963 4915/2504/4965
f 5200/2496/5184 5201/2495/5183 4915/2504/4965 4916/2505/4966
f 5124/2506/5190 5200/2496/5184 4916/2505/4966 4826/2507/4968
f 5123/2508/5191 5197/2492/5180 5200/2496/5184 5124/2506/5190
f 5122/2498/5186 5194/2489/5177 5197/2492/5180 5123/2508/5191
f 5203/2509/5192 5204/2510/5193 5207/2511/5194 5206/2512/5195
f 5204/2510/5193 5205/2513/5196 5208/2514/5197 5207/2511/5194
f 5206/2512/5195 5207/2511/5194 5210/2515/5198 5209/2516/5199
f 5207/2511/5194 5208/2514/5197 5211/2517/5200 5210/2515/5198
f 5052/2406/5109 5076/2432/5132 5203/2509/5192 5079/2518/5110
f 5076/2432/5132 5075/2431/5131 5204/2510/5193 5203/2509/5192
f 5075/2431/5131 5074/2430/5130 5205/2513/5196 5204/2510/5193
f 5074/2430/5130 5057/2429/5129 5110/2519/5201 5205/2513/5196
f 5205/2513/5196 5110/2519/5201 5111/2520/5202 5208/2514/5197
f 5208/2514/5197 5111/2520/5202 5112/2521/5203 5211/2517/5200
f 5211/2517/5200 5112/2521/5203 4819/2522/4983 4890/2523/4982
f 5210/2515/5198 5211/2517/5200 4890/2523/4982 4891/2524/4984
f 5209/2516/5199 5210/2515/5198 4891/2524/4984 4892/2525/4985
f 5077/2526/5112 5209/2516/5199 4892/2525/4985 4817/2527/4876
f 5078/2528/5111 5206/2512/5195 5209/2516/5199 5077/2526/5112
f 5079/2518/5110 5203/2509/5192 5206/2512/5195 5078/2528/5111
f 5212/2529/5204 5213/2530/5205 5216/2531/5206 5215/2532/5207
f 5213/2530/5205 5214/2533/5208 5217/2534/5209 5216/2531/5206
f 5215/2532/5207 5216/2531/5206 5219/2535/5210 5218/2536/5211
f 5216/2531/5206 5217/2534/5209 5220/2537/5212 5219/2535/5210
f 5055/2361/5066 5064/2538/5065 5212/2529/5204 5071/2378/5083
f 5064/2538/5065 5063/2539/5064 5213/2530/5205 5212/2529/5204
f 5063/2539/5064 5062/2540/5063 5214/2533/5208 5213/2530/5205
f 5062/2541/5063 4816/2542/4823 4893/2543/4995 5214/2544/5208
f 5214/2544/5208 4893/2543/4995 4894/2545/4996 5217/2546/5209
f 5217/2546/5209 4894/2545/4996 4895/2547/4997 5220/2548/5212
f 5220/2548/5212 4895/2547/4997 4818/2549/4999 5109/2550/5213
f 5219/2535/5210 5220/2537/5212 5109/2551/5213 5108/2552/5214
f 5218/2536/5211 5219/2535/5210 5108/2552/5214 5107/2553/5215
f 5073/2380/5085 5218/2536/5211 5107/2553/5215 5053/2381/5086
f 5072/2379/5084 5215/2532/5207 5218/2536/5211 5073/2380/5085
f 5071/2378/5083 5212/2529/5204 5215/2532/5207 5072/2379/5084
f 5221/2554/5216 5222/2555/5217 5225/2556/5218 5224/2557/5219
f 5222/2555/5217 5223/2558/5220 5226/2559/5221 5225/2556/5218
f 5224/2557/5219 5225/2556/5218 5228/2560/5222 5227/2561/5223
f 5225/2556/5218 5226/2559/5221 5229/2562/5224 5228/2560/5222
f 5059/2386/5091 5097/2384/5089 5221/2554/5216 5113/2499/5187
f 5097/2384/5089 5096/2383/5088 5222/2555/5217 5221/2554/5216
f 5096/2383/5088 5095/2382/5087 5223/2558/5220 5222/2555/5217
f 5095/2382/5087 5053/2381/5086 5107/2563/5215 5223/2558/5220
f 5223/2558/5220 5107/2563/5215 5108/2564/5214 5226/2559/5221
f 5226/2559/5221 5108/2564/5214 5109/2565/5213 5229/2562/5224
f 5229/2566/5224 5109/2567/5213 4818/2568/4999 4899/2569/5011
f 5228/2570/5222 5229/2566/5224 4899/2569/5011 4900/2571/5012
f 5227/2572/5223 5228/2570/5222 4900/2571/5012 4901/2573/5013
f 5115/2574/5189 5227/2572/5223 4901/2573/5013 4821/2575/4964
f 5114/2500/5188 5224/2557/5219 5227/2561/5223 5115/2501/5189
f 5113/2499/5187 5221/2554/5216 5224/2557/5219 5114/2500/5188
f 5230/2576/5225 5231/2577/5226 5234/2578/5227 5233/2579/5228
f 5231/2577/5226 5232/2580/5229 5235/2581/5230 5234/2578/5227
f 5233/2579/5228 5234/2578/5227 5237/2582/5231 5236/2583/5232
f 5234/2578/5227 5235/2581/5230 5238/2584/5233 5237/2582/5231
f 5057/2429/5129 5085/2585/5234 5230/2576/5225 5110/2519/5201
f 5085/2585/5234 5084/2586/5235 5231/2577/5226 5230/2576/5225
f 5084/2586/5235 5083/2587/5236 5232/2580/5229 5231/2577/5226
f 5083/2587/5236 5061/2471/5163 5122/2498/5186 5232/2580/5229
f 5232/2580/5229 5122/2498/5186 5123/2508/5191 5235/2581/5230
f 5235/2581/5230 5123/2508/5191 5124/2506/5190 5238/2584/5233
f 5238/2584/5233 5124/2506/5190 4826/2507/4968 4884/2588/5026
f 5237/2582/5231 5238/2584/5233 4884/2588/5026 4885/2589/5027
f 5236/2583/5232 5237/2582/5231 4885/2589/5027 4886/2590/5028
f 5112/2521/5203 5236/2583/5232 4886/2590/5028 4819/2522/4983
f 5111/2520/5202 5233/2579/5228 5236/2583/5232 5112/2521/5203
f 5110/2519/5201 5230/2576/5225 5233/2579/5228 5111/2520/5202
f 5239/2591/5237 5240/2592/5238 5243/2593/5239 5242/2594/5240
f 5240/2592/5238 5241/2595/5241 5244/2596/5242 5243/2593/5239
f 5242/2594/5240 5243/2593/5239 5246/2597/5243 5245/2598/5244
f 5243/2593/5239 5244/2596/5242 5247/2599/5245 5246/2597/5243
f 4820/2447/4911 4883/2600/5038 5239/2591/5237 5089/2448/5142
f 4883/2600/5038 4882/2601/5039 5240/2592/5238 5239/2591/5237
f 4882/2601/5039 4881/2602/5040 5241/2595/5241 5240/2592/5238
f 4881/2602/5040 4825/2482/4943 5125/2484/5174 5241/2595/5241
f 5241/2595/5241 5125/2484/5174 5126/2488/5176 5244/2596/5242
f 5244/2596/5242 5126/2488/5176 5127/2487/5175 5247/2599/5245
f 5247/2599/5245 5127/2487/5175 5060/2462/5154 5080/2603/5246
f 5246/2597/5243 5247/2599/5245 5080/2603/5246 5081/2604/5247
f 5245/2598/5244 5246/2597/5243 5081/2604/5247 5082/2605/5248
f 5091/2450/5144 5245/2598/5244 5082/2605/5248 5056/2425/5125
f 5090/2449/5143 5242/2594/5240 5245/2598/5244 5091/2450/5144
f 5089/2448/5142 5239/2591/5237 5242/2594/5240 5090/2449/5143
f 5248/2606/5249 5249/2607/5250 5252/2608/5251 5251/2609/5252
f 5249/2607/5250 5250/2610/5253 5253/2611/5254 5252/2608/5251
f 5251/2609/5252 5252/2608/5251 5255/2612/5255 5254/2613/5256
f 5252/2608/5251 5253/2611/5254 5256/2614/5257 5255/2612/5255
f 5056/2425/5125 5082/2605/5248 5248/2606/5249 5086/2426/5126
f 5082/2605/5248 5081/2604/5247 5249/2607/5250 5248/2606/5249
f 5081/2604/5247 5080/2603/5246 5250/2610/5253 5249/2607/5250
f 5080/2603/5246 5060/2462/5154 5128/2464/5156 5250/2610/5253
f 5250/2610/5253 5128/2464/5156 5129/2472/5164 5253/2611/5254
f 5253/2611/5254 5129/2472/5164 5130/2470/5162 5256/2614/5257
f 5256/2614/5257 5130/2470/5162 5061/2471/5163 5083/2587/5236
f 5255/2612/5255 5256/2614/5257 5083/2587/5236 5084/2586/5235
f 5254/2613/5256 5255/2612/5255 5084/2586/5235 5085/2585/5234
f 5088/2428/5128 5254/2613/5256 5085/2585/5234 5057/2429/5129
f 5087/2427/5127 5251/2609/5252 5254/2613/5256 5088/2428/5128
f 5086/2426/5126 5248/2606/5249 5251/2609/5252 5087/2427/5127
o Curve_Curve.002
v 0.126728 0.186086 0.089997
v 0.139229 0.159386 0.089997
v 0.127826 0.187863 0.089997
v 0.123738 0.180969 0.089997
v 0.119113 0.173084 0.089997
v 0.112661 0.163351 0.089997
v 0.104138 0.152793 0.089997
v -0.139748 0.166455 0.089997
v -0.048262 0.068088 0.089997
v -0.139196 0.167298 0.089997
v -0.141442 0.163567 0.089997
v -0.144354 0.158094 0.089997
v 0.093786 0.142107 0.089997
v 0.148392 0.131800 0.089997
v -0.148597 0.149508 0.089997
v 0.082631 0.130728 0.089997
v -0.154256 0.137246 0.089997
v 0.072244 0.117725 0.089997
v -0.161302 0.120663 0.089997
v 0.156007 0.104050 0.089997
v 0.062493 0.106303 0.089997
v -0.169402 0.098944 0.089997
v 0.053331 0.095845 0.089997
v 0.162303 0.076743 0.089997
v 0.044777 0.085370 0.089997
v -0.177660 0.071015 0.089997
v 0.036255 0.075000 0.089997
v 0.166938 0.049608 0.089997
v 0.033404 0.074076 0.089997
v 0.029723 0.073428 0.089997
v 0.024957 0.072547 0.089997
v 0.020885 0.071752 0.089997
v 0.016525 0.071156 0.089997
v 0.014897 0.070933 0.089997
v 0.008141 0.069936 0.089997
v -0.008322 0.068568 0.089997
v -0.023614 0.067889 0.089997
v -0.036361 0.067793 0.089997
v -0.045064 0.067973 0.089997
v -0.184341 0.035658 0.089997
v 0.169866 0.022885 0.089997
v -0.187493 -0.007712 0.089997
v 0.171694 -0.003020 0.089997
v 0.173383 -0.027687 0.089997
v -0.188347 -0.057759 0.089997
v 0.175978 -0.050798 0.089997
v 0.177921 -0.072707 0.089997
v -0.191290 -0.113278 0.089997
v 0.179038 -0.093737 0.089997
v 0.179981 -0.113899 0.089997
v -0.230486 -0.104977 0.089997
v -0.222824 -0.105066 0.089997
v -0.226901 -0.104800 0.089997
v 0.212352 -0.105187 0.089997
v 0.220479 -0.104955 0.089997
v 0.216671 -0.104838 0.089997
v 0.223632 -0.105618 0.089997
v -0.233452 -0.105667 0.089997
v -0.218384 -0.105702 0.089997
v 0.207668 -0.105920 0.089997
v 0.225986 -0.106907 0.089997
v -0.235669 -0.106943 0.089997
v -0.213708 -0.106636 0.089997
v 0.202762 -0.106959 0.089997
v -0.208926 -0.107798 0.089997
v 0.227395 -0.108904 0.089997
v -0.237011 -0.108876 0.089997
v 0.197780 -0.108221 0.089997
v -0.204165 -0.109114 0.089997
v 0.192867 -0.109626 0.089997
v -0.237631 -0.112440 0.089997
v 0.228015 -0.112468 0.089997
v -0.199553 -0.110514 0.089997
v 0.188166 -0.111095 0.089997
v -0.195219 -0.111926 0.089997
v 0.183822 -0.112546 0.089997
v -0.237253 -0.116722 0.089997
v 0.227637 -0.116750 0.089997
v -0.236058 -0.121527 0.089997
v 0.226442 -0.121556 0.089997
v -0.234225 -0.126659 0.089997
v 0.224610 -0.126687 0.089997
v -0.231935 -0.131921 0.089997
v 0.222319 -0.131949 0.089997
v -0.229366 -0.137118 0.089997
v 0.219750 -0.137146 0.089997
v -0.226699 -0.142053 0.089997
v 0.217084 -0.142081 0.089997
v -0.224114 -0.146530 0.089997
v 0.214499 -0.146558 0.089997
v -0.221790 -0.150354 0.089997
v 0.212175 -0.150382 0.089997
v -0.219908 -0.153327 0.089997
v 0.210292 -0.153356 0.089997
v -0.218647 -0.155255 0.089997
v 0.209031 -0.155284 0.089997
v -0.218186 -0.155942 0.089997
v 0.208571 -0.155970 0.089997
v -0.272886 -0.156062 0.089997
v -0.265660 -0.156600 0.089997
v -0.269975 -0.155942 0.089997
v -0.218906 -0.156002 0.089997
v 0.209290 -0.156030 0.089997
v 0.256044 -0.156628 0.089997
v 0.263271 -0.156084 0.089997
v 0.260360 -0.155970 0.089997
v -0.220933 -0.156159 0.089997
v 0.211317 -0.156187 0.089997
v -0.273913 -0.157810 0.089997
v 0.264297 -0.157829 0.089997
v -0.224072 -0.156382 0.089997
v 0.214456 -0.156410 0.089997
v -0.228126 -0.156638 0.089997
v 0.218510 -0.156666 0.089997
v -0.260690 -0.157029 0.089997
v 0.251075 -0.157057 0.089997
v -0.232899 -0.156893 0.089997
v 0.223284 -0.156922 0.089997
v -0.238196 -0.157116 0.089997
v 0.228581 -0.157145 0.089997
v -0.255263 -0.157263 0.089997
v 0.245648 -0.157291 0.089997
v -0.243820 -0.157274 0.089997
v 0.234204 -0.157302 0.089997
v -0.249574 -0.157334 0.089997
v 0.239959 -0.157362 0.089997
v -0.273261 -0.160920 0.089997
v 0.263646 -0.160937 0.089997
v -0.271138 -0.165125 0.089997
v 0.261523 -0.165140 0.089997
v -0.267752 -0.170157 0.089997
v 0.258136 -0.170173 0.089997
v -0.263307 -0.175750 0.089997
v 0.253692 -0.175768 0.089997
v -0.258013 -0.181637 0.089997
v 0.248398 -0.181657 0.089997
v -0.252075 -0.187551 0.089997
v 0.242460 -0.187573 0.089997
v -0.245702 -0.193225 0.089997
v 0.236086 -0.193249 0.089997
v -0.239098 -0.198392 0.089997
v 0.229483 -0.198419 0.089997
v -0.232473 -0.202786 0.089997
v 0.222858 -0.202814 0.089997
v -0.226032 -0.206139 0.089997
v 0.216417 -0.206168 0.089997
v -0.226201 -0.206267 0.089997
v 0.216586 -0.206296 0.089997
v -0.226730 -0.206640 0.089997
v 0.217114 -0.206668 0.089997
v -0.227651 -0.207241 0.089997
v 0.218035 -0.207269 0.089997
v -0.228997 -0.208054 0.089997
v 0.219381 -0.208082 0.089997
v -0.230800 -0.209063 0.089997
v 0.221185 -0.209091 0.089997
v -0.233095 -0.210252 0.089997
v 0.223479 -0.210280 0.089997
v -0.235913 -0.211604 0.089997
v 0.226297 -0.211633 0.089997
v -0.239286 -0.213104 0.089997
v 0.229671 -0.213132 0.089997
v -0.243249 -0.214734 0.089997
v 0.233633 -0.214762 0.089997
v -0.247833 -0.216479 0.089997
v 0.238217 -0.216507 0.089997
v -0.253071 -0.218322 0.089997
v 0.243456 -0.218351 0.089997
v -0.258996 -0.220248 0.089997
v 0.249381 -0.220276 0.089997
v -0.263609 -0.222603 0.089997
v 0.254052 -0.222678 0.089997
v -0.265894 -0.225916 0.089997
v 0.256317 -0.226067 0.089997
v -0.266002 -0.230016 0.089997
v 0.256338 -0.230264 0.089997
v -0.264088 -0.234734 0.089997
v 0.254275 -0.235091 0.089997
v -0.260304 -0.239898 0.089997
v 0.250289 -0.240369 0.089997
v -0.254802 -0.245340 0.089997
v 0.244541 -0.245918 0.089997
v -0.247735 -0.250888 0.089997
v 0.237191 -0.251561 0.089997
v -0.239257 -0.256374 0.089997
v 0.228400 -0.257117 0.089997
v -0.229520 -0.261626 0.089997
v 0.218329 -0.262408 0.089997
v -0.218676 -0.266475 0.089997
v 0.207138 -0.267256 0.089997
v -0.206879 -0.270751 0.089997
v 0.194989 -0.271481 0.089997
v -0.194281 -0.274283 0.089997
v 0.182041 -0.274904 0.089997
v -0.194343 -0.281516 0.089997
v 0.181568 -0.290043 0.089997
v -0.194399 -0.288823 0.089997
v -0.194450 -0.296206 0.089997
v 0.180997 -0.303720 0.089997
v -0.194497 -0.303665 0.089997
v -0.194538 -0.311202 0.089997
v 0.180355 -0.315963 0.089997
v -0.194574 -0.318816 0.089997
v 0.179669 -0.326799 0.089997
v -0.194605 -0.326510 0.089997
v -0.194631 -0.334283 0.089997
v 0.178966 -0.336257 0.089997
v -0.194651 -0.342136 0.089997
v 0.178270 -0.344363 0.089997
v -0.194665 -0.350070 0.089997
v 0.177609 -0.351147 0.089997
v -0.194674 -0.358086 0.089997
v 0.177009 -0.356635 0.089997
v 0.176497 -0.360855 0.089997
v -0.194677 -0.366185 0.089997
v 0.176098 -0.363835 0.089997
v 0.175840 -0.365602 0.089997
v 0.175748 -0.366185 0.089997
v -0.187388 -0.366185 0.089997
v -0.167238 -0.366185 0.089997
v -0.136798 -0.366185 0.089997
v -0.098641 -0.366185 0.089997
v -0.055339 -0.366185 0.089997
v -0.009465 -0.366185 0.089997
v 0.036410 -0.366185 0.089997
v 0.079712 -0.366185 0.089997
v 0.117869 -0.366185 0.089997
v 0.148309 -0.366185 0.089997
v 0.168459 -0.366185 0.089997
v 0.139193 0.159377 -0.090003
v 0.126728 0.186086 -0.090003
v 0.127826 0.187863 -0.090003
v 0.123732 0.180972 -0.090003
v 0.119093 0.173094 -0.090003
v 0.112612 0.163377 -0.090003
v 0.104047 0.152847 -0.090003
v -0.048615 0.068346 -0.090003
v -0.139505 0.166366 -0.090003
v -0.138956 0.167210 -0.090003
v -0.141186 0.163473 -0.090003
v -0.144075 0.157993 -0.090003
v 0.093640 0.142210 -0.090003
v 0.148283 0.131760 -0.090003
v -0.148282 0.149396 -0.090003
v 0.082413 0.130871 -0.090003
v -0.153894 0.137121 -0.090003
v 0.071950 0.117874 -0.090003
v -0.160884 0.120530 -0.090003
v 0.155810 0.103983 -0.090003
v 0.062118 0.106448 -0.090003
v -0.168931 0.098815 -0.090003
v 0.052884 0.095997 -0.090003
v 0.162035 0.076658 -0.090003
v 0.044261 0.085542 -0.090003
v -0.177169 0.070912 -0.090003
v 0.035684 0.075205 -0.090003
v 0.166631 0.049520 -0.090003
v 0.032831 0.074283 -0.090003
v 0.029150 0.073645 -0.090003
v 0.024392 0.072780 -0.090003
v 0.020345 0.072006 -0.090003
v 0.016030 0.071427 -0.090003
v 0.013766 0.071113 -0.090003
v 0.007058 0.070135 -0.090003
v -0.009248 0.068809 -0.090003
v -0.024347 0.068158 -0.090003
v -0.036907 0.068066 -0.090003
v -0.045471 0.068238 -0.090003
v -0.183898 0.035601 -0.090003
v 0.169562 0.022807 -0.090003
v -0.187196 -0.007726 -0.090003
v 0.171444 -0.003079 -0.090003
v 0.173242 -0.027717 -0.090003
v -0.188326 -0.057760 -0.090003
v 0.175978 -0.050798 -0.090003
v 0.177921 -0.072707 -0.090003
v -0.191290 -0.113278 -0.090003
v 0.179038 -0.093737 -0.090003
v 0.179981 -0.113899 -0.090003
v -0.222824 -0.105066 -0.090003
v -0.230486 -0.104977 -0.090003
v -0.226901 -0.104800 -0.090003
v 0.220479 -0.104955 -0.090003
v 0.212352 -0.105187 -0.090003
v 0.216671 -0.104838 -0.090003
v 0.223632 -0.105618 -0.090003
v -0.233452 -0.105667 -0.090003
v -0.218384 -0.105702 -0.090003
v 0.207668 -0.105920 -0.090003
v 0.225986 -0.106907 -0.090003
v -0.235669 -0.106943 -0.090003
v -0.213708 -0.106636 -0.090003
v 0.202762 -0.106959 -0.090003
v -0.208926 -0.107798 -0.090003
v 0.227395 -0.108904 -0.090003
v -0.237011 -0.108876 -0.090003
v 0.197780 -0.108221 -0.090003
v -0.204165 -0.109114 -0.090003
v 0.192867 -0.109626 -0.090003
v -0.237631 -0.112440 -0.090003
v 0.228015 -0.112468 -0.090003
v -0.199553 -0.110514 -0.090003
v 0.188166 -0.111095 -0.090003
v -0.195219 -0.111926 -0.090003
v 0.183822 -0.112546 -0.090003
v -0.237253 -0.116722 -0.090003
v 0.227637 -0.116750 -0.090003
v -0.236058 -0.121527 -0.090003
v 0.226442 -0.121556 -0.090003
v -0.234225 -0.126659 -0.090003
v 0.224610 -0.126687 -0.090003
v -0.231935 -0.131921 -0.090003
v 0.222319 -0.131949 -0.090003
v -0.229366 -0.137118 -0.090003
v 0.219750 -0.137146 -0.090003
v -0.226699 -0.142053 -0.090003
v 0.217084 -0.142081 -0.090003
v -0.224114 -0.146530 -0.090003
v 0.214499 -0.146558 -0.090003
v -0.221790 -0.150354 -0.090003
v 0.212175 -0.150382 -0.090003
v -0.219908 -0.153327 -0.090003
v 0.210292 -0.153356 -0.090003
v -0.218647 -0.155255 -0.090003
v 0.209031 -0.155284 -0.090003
v -0.218186 -0.155942 -0.090003
v 0.208571 -0.155970 -0.090003
v -0.265660 -0.156600 -0.090003
v -0.272886 -0.156062 -0.090003
v -0.269975 -0.155942 -0.090003
v -0.218906 -0.156002 -0.090003
v 0.209290 -0.156030 -0.090003
v 0.263271 -0.156084 -0.090003
v 0.256044 -0.156628 -0.090003
v 0.260360 -0.155970 -0.090003
v -0.220933 -0.156159 -0.090003
v 0.211317 -0.156187 -0.090003
v -0.273913 -0.157810 -0.090003
v 0.264297 -0.157829 -0.090003
v -0.224072 -0.156382 -0.090003
v 0.214456 -0.156410 -0.090003
v -0.228126 -0.156638 -0.090003
v 0.218510 -0.156666 -0.090003
v -0.260690 -0.157029 -0.090003
v 0.251075 -0.157057 -0.090003
v -0.232899 -0.156893 -0.090003
v 0.223284 -0.156922 -0.090003
v -0.238196 -0.157116 -0.090003
v 0.228581 -0.157145 -0.090003
v -0.255263 -0.157263 -0.090003
v 0.245648 -0.157291 -0.090003
v -0.243820 -0.157274 -0.090003
v 0.234204 -0.157302 -0.090003
v -0.249574 -0.157334 -0.090003
v 0.239959 -0.157362 -0.090003
v -0.273261 -0.160920 -0.090003
v 0.263646 -0.160937 -0.090003
v -0.271138 -0.165125 -0.090003
v 0.261523 -0.165140 -0.090003
v -0.267752 -0.170157 -0.090003
v 0.258136 -0.170173 -0.090003
v -0.263307 -0.175750 -0.090003
v 0.253692 -0.175768 -0.090003
v -0.258013 -0.181637 -0.090003
v 0.248398 -0.181657 -0.090003
v -0.252075 -0.187551 -0.090003
v 0.242460 -0.187573 -0.090003
v -0.245702 -0.193225 -0.090003
v 0.236086 -0.193249 -0.090003
v -0.239098 -0.198392 -0.090003
v 0.229483 -0.198419 -0.090003
v -0.232473 -0.202786 -0.090003
v 0.222858 -0.202814 -0.090003
v -0.226032 -0.206139 -0.090003
v 0.216417 -0.206168 -0.090003
v -0.226201 -0.206267 -0.090003
v 0.216586 -0.206296 -0.090003
v -0.226730 -0.206640 -0.090003
v 0.217114 -0.206668 -0.090003
v -0.227651 -0.207241 -0.090003
v 0.218035 -0.207269 -0.090003
v -0.228997 -0.208054 -0.090003
v 0.219381 -0.208082 -0.090003
v -0.230800 -0.209063 -0.090003
v 0.221185 -0.209091 -0.090003
v -0.233095 -0.210252 -0.090003
v 0.223479 -0.210280 -0.090003
v -0.235913 -0.211604 -0.090003
v 0.226297 -0.211633 -0.090003
v -0.239286 -0.213104 -0.090003
v 0.229671 -0.213132 -0.090003
v -0.243249 -0.214734 -0.090003
v 0.233633 -0.214762 -0.090003
v -0.247833 -0.216479 -0.090003
v 0.238217 -0.216507 -0.090003
v -0.253071 -0.218322 -0.090003
v 0.243456 -0.218351 -0.090003
v -0.258996 -0.220248 -0.090003
v 0.249381 -0.220276 -0.090003
v -0.263609 -0.222603 -0.090003
v 0.254052 -0.222678 -0.090003
v -0.265894 -0.225916 -0.090003
v 0.256317 -0.226067 -0.090003
v -0.266002 -0.230016 -0.090003
v 0.256338 -0.230264 -0.090003
v -0.264088 -0.234734 -0.090003
v 0.254275 -0.235091 -0.090003
v -0.260304 -0.239898 -0.090003
v 0.250289 -0.240369 -0.090003
v -0.254802 -0.245340 -0.090003
v 0.244541 -0.245918 -0.090003
v -0.247735 -0.250888 -0.090003
v 0.237191 -0.251561 -0.090003
v -0.239257 -0.256374 -0.090003
v 0.228400 -0.257117 -0.090003
v -0.229520 -0.261626 -0.090003
v 0.218329 -0.262408 -0.090003
v -0.218676 -0.266475 -0.090003
v 0.207138 -0.267256 -0.090003
v -0.206879 -0.270751 -0.090003
v 0.194989 -0.271481 -0.090003
v -0.194281 -0.274283 -0.090003
v 0.182041 -0.274904 -0.090003
v -0.194343 -0.281516 -0.090003
v 0.181568 -0.290043 -0.090003
v -0.194399 -0.288823 -0.090003
v -0.194450 -0.296206 -0.090003
v 0.180997 -0.303720 -0.090003
v -0.194497 -0.303665 -0.090003
v -0.194538 -0.311202 -0.090003
v 0.180355 -0.315963 -0.090003
v -0.194574 -0.318816 -0.090003
v 0.179669 -0.326799 -0.090003
v -0.194605 -0.326510 -0.090003
v -0.194631 -0.334283 -0.090003
v 0.178966 -0.336257 -0.090003
v -0.194651 -0.342136 -0.090003
v 0.178270 -0.344363 -0.090003
v -0.194665 -0.350070 -0.090003
v 0.177609 -0.351147 -0.090003
v -0.194674 -0.358086 -0.090003
v 0.177009 -0.356635 -0.090003
v 0.176497 -0.360855 -0.090003
v -0.194677 -0.366185 -0.090003
v 0.176098 -0.363835 -0.090003
v 0.175840 -0.365602 -0.090003
v 0.175748 -0.366185 -0.090003
v -0.187388 -0.366185 -0.090003
v -0.167238 -0.366185 -0.090003
v -0.136798 -0.366185 -0.090003
v -0.098641 -0.366185 -0.090003
v -0.055339 -0.366185 -0.090003
v -0.009465 -0.366185 -0.090003
v 0.036410 -0.366185 -0.090003
v 0.079712 -0.366185 -0.090003
v 0.117869 -0.366185 -0.090003
v 0.148309 -0.366185 -0.090003
v 0.168459 -0.366185 -0.090003
v 0.181568 -0.290043 0.089997
v 0.180997 -0.303720 0.089997
v 0.180997 -0.303720 -0.090003
v 0.181568 -0.290043 -0.090003
v 0.180355 -0.315963 0.089997
v 0.180355 -0.315963 -0.090003
v 0.179669 -0.326799 0.089997
v 0.179669 -0.326799 -0.090003
v 0.178966 -0.336257 0.089997
v 0.178966 -0.336257 -0.090003
v 0.178270 -0.344363 0.089997
v 0.178270 -0.344363 -0.090003
v 0.177609 -0.351147 0.089997
v 0.177609 -0.351147 -0.090003
v 0.177009 -0.356635 0.089997
v 0.177009 -0.356635 -0.090003
v 0.176497 -0.360855 0.089997
v 0.176497 -0.360855 -0.090003
v 0.176098 -0.363835 0.089997
v 0.176098 -0.363835 -0.090003
v 0.175840 -0.365602 0.089997
v 0.175840 -0.365602 -0.090003
v 0.175748 -0.366185 0.089997
v 0.175748 -0.366185 -0.090003
v 0.168459 -0.366185 0.089997
v 0.168459 -0.366185 -0.090003
v 0.148309 -0.366185 0.089997
v 0.148309 -0.366185 -0.090003
v 0.117869 -0.366185 0.089997
v 0.117869 -0.366185 -0.090003
v 0.079712 -0.366185 0.089997
v 0.079712 -0.366185 -0.090003
v 0.036410 -0.366185 0.089997
v 0.036410 -0.366185 -0.090003
v -0.009465 -0.366185 0.089997
v -0.009465 -0.366185 -0.090003
v -0.055339 -0.366185 0.089997
v -0.055339 -0.366185 -0.090003
v -0.098641 -0.366185 0.089997
v -0.098641 -0.366185 -0.090003
v -0.136798 -0.366185 0.089997
v -0.136798 -0.366185 -0.090003
v -0.167238 -0.366185 0.089997
v -0.167238 -0.366185 -0.090003
v -0.187388 -0.366185 0.089997
v -0.187388 -0.366185 -0.090003
v -0.194677 -0.366185 0.089997
v -0.194677 -0.366185 -0.090003
v -0.194674 -0.358086 0.089997
v -0.194674 -0.358086 -0.090003
v -0.194665 -0.350070 0.089997
v -0.194665 -0.350070 -0.090003
v -0.194651 -0.342136 0.089997
v -0.194651 -0.342136 -0.090003
v -0.194631 -0.334283 0.089997
v -0.194631 -0.334283 -0.090003
v -0.194605 -0.326510 0.089997
v -0.194605 -0.326510 -0.090003
v -0.194574 -0.318816 0.089997
v -0.194574 -0.318816 -0.090003
v -0.194538 -0.311202 0.089997
v -0.194538 -0.311202 -0.090003
v -0.194497 -0.303665 0.089997
v -0.194497 -0.303665 -0.090003
v -0.194450 -0.296206 0.089997
v -0.194450 -0.296206 -0.090003
v -0.194399 -0.288823 0.089997
v -0.194399 -0.288823 -0.090003
v -0.194343 -0.281516 0.089997
v -0.194343 -0.281516 -0.090003
v -0.194281 -0.274283 0.089997
v -0.194281 -0.274283 -0.090003
v -0.206879 -0.270751 0.089997
v -0.206879 -0.270751 -0.090003
v -0.218676 -0.266475 0.089997
v -0.218676 -0.266475 -0.090003
v -0.229520 -0.261626 0.089997
v -0.229520 -0.261626 -0.090003
v -0.239257 -0.256374 0.089997
v -0.239257 -0.256374 -0.090003
v -0.247735 -0.250888 0.089997
v -0.247735 -0.250888 -0.090003
v -0.254802 -0.245340 0.089997
v -0.254802 -0.245340 -0.090003
v -0.260304 -0.239898 0.089997
v -0.260304 -0.239898 -0.090003
v -0.264088 -0.234734 0.089997
v -0.264088 -0.234734 -0.090003
v -0.266002 -0.230016 0.089997
v -0.266002 -0.230016 -0.090003
v -0.265894 -0.225916 0.089997
v -0.265894 -0.225916 -0.090003
v -0.263609 -0.222603 0.089997
v -0.263609 -0.222603 -0.090003
v -0.258996 -0.220248 0.089997
v -0.258996 -0.220248 -0.090003
v -0.253071 -0.218322 0.089997
v -0.253071 -0.218322 -0.090003
v -0.247833 -0.216479 0.089997
v -0.247833 -0.216479 -0.090003
v -0.243249 -0.214734 0.089997
v -0.243249 -0.214734 -0.090003
v -0.239286 -0.213104 0.089997
v -0.239286 -0.213104 -0.090003
v -0.235913 -0.211604 0.089997
v -0.235913 -0.211604 -0.090003
v -0.233095 -0.210252 0.089997
v -0.233095 -0.210252 -0.090003
v -0.230800 -0.209063 0.089997
v -0.230800 -0.209063 -0.090003
v -0.228997 -0.208054 0.089997
v -0.228997 -0.208054 -0.090003
v -0.227651 -0.207241 0.089997
v -0.227651 -0.207241 -0.090003
v -0.226730 -0.206640 0.089997
v -0.226730 -0.206640 -0.090003
v -0.226201 -0.206267 0.089997
v -0.226201 -0.206267 -0.090003
v -0.226032 -0.206139 0.089997
v -0.226032 -0.206139 -0.090003
v -0.232473 -0.202786 0.089997
v -0.232473 -0.202786 -0.090003
v -0.239098 -0.198392 0.089997
v -0.239098 -0.198392 -0.090003
v -0.245702 -0.193225 0.089997
v -0.245702 -0.193225 -0.090003
v -0.252075 -0.187551 0.089997
v -0.252075 -0.187551 -0.090003
v -0.258013 -0.181637 0.089997
v -0.258013 -0.181637 -0.090003
v -0.263307 -0.175750 0.089997
v -0.263307 -0.175750 -0.090003
v -0.267752 -0.170157 0.089997
v -0.267752 -0.170157 -0.090003
v -0.271138 -0.165125 0.089997
v -0.271138 -0.165125 -0.090003
v -0.273261 -0.160920 0.089997
v -0.273261 -0.160920 -0.090003
v -0.273913 -0.157810 0.089997
v -0.273913 -0.157810 -0.090003
v -0.272886 -0.156062 0.089997
v -0.272886 -0.156062 -0.090003
v -0.269975 -0.155942 0.089997
v -0.269975 -0.155942 -0.090003
v -0.265660 -0.156600 0.089997
v -0.265660 -0.156600 -0.090003
v -0.260690 -0.157029 0.089997
v -0.260690 -0.157029 -0.090003
v -0.255263 -0.157263 0.089997
v -0.255263 -0.157263 -0.090003
v -0.249574 -0.157334 0.089997
v -0.249574 -0.157334 -0.090003
v -0.243820 -0.157274 0.089997
v -0.243820 -0.157274 -0.090003
v -0.238196 -0.157116 0.089997
v -0.238196 -0.157116 -0.090003
v -0.232899 -0.156893 0.089997
v -0.232899 -0.156893 -0.090003
v -0.228126 -0.156638 0.089997
v -0.228126 -0.156638 -0.090003
v -0.224072 -0.156382 0.089997
v -0.224072 -0.156382 -0.090003
v -0.220933 -0.156159 0.089997
v -0.220933 -0.156159 -0.090003
v -0.218906 -0.156002 0.089997
v -0.218906 -0.156002 -0.090003
v -0.218186 -0.155942 0.089997
v -0.218186 -0.155942 -0.090003
v -0.218647 -0.155255 0.089997
v -0.218647 -0.155255 -0.090003
v -0.219908 -0.153327 0.089997
v -0.219908 -0.153327 -0.090003
v -0.221790 -0.150354 0.089997
v -0.221790 -0.150354 -0.090003
v -0.224114 -0.146530 0.089997
v -0.224114 -0.146530 -0.090003
v -0.226699 -0.142053 0.089997
v -0.226699 -0.142053 -0.090003
v -0.229366 -0.137118 0.089997
v -0.229366 -0.137118 -0.090003
v -0.231935 -0.131921 0.089997
v -0.231935 -0.131921 -0.090003
v -0.234225 -0.126659 0.089997
v -0.234225 -0.126659 -0.090003
v -0.236058 -0.121527 0.089997
v -0.236058 -0.121527 -0.090003
v -0.237253 -0.116722 0.089997
v -0.237253 -0.116722 -0.090003
v -0.237631 -0.112440 0.089997
v -0.237631 -0.112440 -0.090003
v -0.237011 -0.108876 0.089997
v -0.237011 -0.108876 -0.090003
v -0.235669 -0.106943 0.089997
v -0.235669 -0.106943 -0.090003
v -0.233452 -0.105667 0.089997
v -0.233452 -0.105667 -0.090003
v -0.230486 -0.104977 0.089997
v -0.230486 -0.104977 -0.090003
v -0.226901 -0.104800 0.089997
v -0.226901 -0.104800 -0.090003
v -0.222824 -0.105066 0.089997
v -0.222824 -0.105066 -0.090003
v -0.218384 -0.105702 0.089997
v -0.218384 -0.105702 -0.090003
v -0.213708 -0.106636 0.089997
v -0.213708 -0.106636 -0.090003
v -0.208926 -0.107798 0.089997
v -0.208926 -0.107798 -0.090003
v -0.204165 -0.109114 0.089997
v -0.204165 -0.109114 -0.090003
v -0.199553 -0.110514 0.089997
v -0.199553 -0.110514 -0.090003
v -0.195219 -0.111926 0.089997
v -0.195219 -0.111926 -0.090003
v -0.191290 -0.113278 0.089997
v -0.191290 -0.113278 -0.090003
v -0.188347 -0.057759 0.089997
v -0.188326 -0.057760 -0.090003
v -0.187493 -0.007712 0.089997
v -0.187196 -0.007726 -0.090003
v -0.184341 0.035658 0.089997
v -0.183898 0.035601 -0.090003
v -0.177660 0.071015 0.089997
v -0.177169 0.070912 -0.090003
v -0.169402 0.098944 0.089997
v -0.168931 0.098815 -0.090003
v -0.161302 0.120663 0.089997
v -0.160884 0.120530 -0.090003
v -0.154256 0.137246 0.089997
v -0.153894 0.137121 -0.090003
v -0.148597 0.149508 0.089997
v -0.148282 0.149396 -0.090003
v -0.144354 0.158094 0.089997
v -0.144075 0.157993 -0.090003
v -0.141442 0.163567 0.089997
v -0.141186 0.163473 -0.090003
v -0.139748 0.166455 0.089997
v -0.139505 0.166366 -0.090003
v -0.139196 0.167298 0.089997
v -0.138956 0.167210 -0.090003
v -0.048262 0.068088 0.089997
v -0.048615 0.068346 -0.090003
v -0.045064 0.067973 0.089997
v -0.045471 0.068238 -0.090003
v -0.036361 0.067793 0.089997
v -0.036907 0.068066 -0.090003
v -0.023614 0.067889 0.089997
v -0.024347 0.068158 -0.090003
v -0.008322 0.068568 0.089997
v -0.009248 0.068809 -0.090003
v 0.008141 0.069936 0.089997
v 0.007058 0.070135 -0.090003
v 0.014897 0.070933 0.089997
v 0.013766 0.071113 -0.090003
v 0.016525 0.071156 0.089997
v 0.016030 0.071427 -0.090003
v 0.020885 0.071752 0.089997
v 0.020345 0.072006 -0.090003
v 0.024957 0.072547 0.089997
v 0.024392 0.072780 -0.090003
v 0.029723 0.073428 0.089997
v 0.029150 0.073645 -0.090003
v 0.033404 0.074076 0.089997
v 0.032831 0.074283 -0.090003
v 0.036255 0.075000 0.089997
v 0.035684 0.075205 -0.090003
v 0.044777 0.085370 0.089997
v 0.044261 0.085542 -0.090003
v 0.053331 0.095845 0.089997
v 0.052884 0.095997 -0.090003
v 0.062493 0.106303 0.089997
v 0.062118 0.106448 -0.090003
v 0.072244 0.117725 0.089997
v 0.071950 0.117874 -0.090003
v 0.082631 0.130728 0.089997
v 0.082413 0.130871 -0.090003
v 0.093786 0.142107 0.089997
v 0.093640 0.142210 -0.090003
v 0.104138 0.152793 0.089997
v 0.104047 0.152847 -0.090003
v 0.112661 0.163351 0.089997
v 0.112612 0.163377 -0.090003
v 0.119113 0.173084 0.089997
v 0.119093 0.173094 -0.090003
v 0.123738 0.180969 0.089997
v 0.123732 0.180972 -0.090003
v 0.126728 0.186086 0.089997
v 0.126728 0.186086 -0.090003
v 0.127826 0.187863 0.089997
v 0.127826 0.187863 -0.090003
v 0.139229 0.159386 0.089997
v 0.139193 0.159377 -0.090003
v 0.148392 0.131800 0.089997
v 0.148283 0.131760 -0.090003
v 0.156007 0.104050 0.089997
v 0.155810 0.103983 -0.090003
v 0.162303 0.076743 0.089997
v 0.162035 0.076658 -0.090003
v 0.166938 0.049608 0.089997
v 0.166631 0.049520 -0.090003
v 0.169866 0.022885 0.089997
v 0.169562 0.022807 -0.090003
v 0.171694 -0.003020 0.089997
v 0.171444 -0.003079 -0.090003
v 0.173383 -0.027687 0.089997
v 0.173242 -0.027717 -0.090003
v 0.175978 -0.050798 0.089997
v 0.175978 -0.050798 -0.090003
v 0.177921 -0.072707 0.089997
v 0.177921 -0.072707 -0.090003
v 0.179038 -0.093737 0.089997
v 0.179038 -0.093737 -0.090003
v 0.179981 -0.113899 0.089997
v 0.179981 -0.113899 -0.090003
v 0.183822 -0.112546 0.089997
v 0.183822 -0.112546 -0.090003
v 0.188166 -0.111095 0.089997
v 0.188166 -0.111095 -0.090003
v 0.192867 -0.109626 0.089997
v 0.192867 -0.109626 -0.090003
v 0.197780 -0.108221 0.089997
v 0.197780 -0.108221 -0.090003
v 0.202762 -0.106959 0.089997
v 0.202762 -0.106959 -0.090003
v 0.207668 -0.105920 0.089997
v 0.207668 -0.105920 -0.090003
v 0.212352 -0.105187 0.089997
v 0.212352 -0.105187 -0.090003
v 0.216671 -0.104838 0.089997
v 0.216671 -0.104838 -0.090003
v 0.220479 -0.104955 0.089997
v 0.220479 -0.104955 -0.090003
v 0.223632 -0.105618 0.089997
v 0.223632 -0.105618 -0.090003
v 0.225986 -0.106907 0.089997
v 0.225986 -0.106907 -0.090003
v 0.227395 -0.108904 0.089997
v 0.227395 -0.108904 -0.090003
v 0.228015 -0.112468 0.089997
v 0.228015 -0.112468 -0.090003
v 0.227637 -0.116750 0.089997
v 0.227637 -0.116750 -0.090003
v 0.226442 -0.121556 0.089997
v 0.226442 -0.121556 -0.090003
v 0.224610 -0.126687 0.089997
v 0.224610 -0.126687 -0.090003
v 0.222319 -0.131949 0.089997
v 0.222319 -0.131949 -0.090003
v 0.219750 -0.137146 0.089997
v 0.219750 -0.137146 -0.090003
v 0.217084 -0.142081 0.089997
v 0.217084 -0.142081 -0.090003
v 0.214499 -0.146558 0.089997
v 0.214499 -0.146558 -0.090003
v 0.212175 -0.150382 0.089997
v 0.212175 -0.150382 -0.090003
v 0.210292 -0.153356 0.089997
v 0.210292 -0.153356 -0.090003
v 0.209031 -0.155284 0.089997
v 0.209031 -0.155284 -0.090003
v 0.208571 -0.155970 0.089997
v 0.208571 -0.155970 -0.090003
v 0.209290 -0.156030 0.089997
v 0.209290 -0.156030 -0.090003
v 0.211317 -0.156187 0.089997
v 0.211317 -0.156187 -0.090003
v 0.214456 -0.156410 0.089997
v 0.214456 -0.156410 -0.090003
v 0.218510 -0.156666 0.089997
v 0.218510 -0.156666 -0.090003
v 0.223284 -0.156922 0.089997
v 0.223284 -0.156922 -0.090003
v 0.228581 -0.157145 0.089997
v 0.228581 -0.157145 -0.090003
v 0.234204 -0.157302 0.089997
v 0.234204 -0.157302 -0.090003
v 0.239959 -0.157362 0.089997
v 0.239959 -0.157362 -0.090003
v 0.245648 -0.157291 0.089997
v 0.245648 -0.157291 -0.090003
v 0.251075 -0.157057 0.089997
v 0.251075 -0.157057 -0.090003
v 0.256044 -0.156628 0.089997
v 0.256044 -0.156628 -0.090003
v 0.260360 -0.155970 0.089997
v 0.260360 -0.155970 -0.090003
v 0.263271 -0.156084 0.089997
v 0.263271 -0.156084 -0.090003
v 0.264297 -0.157829 0.089997
v 0.264297 -0.157829 -0.090003
v 0.263646 -0.160937 0.089997
v 0.263646 -0.160937 -0.090003
v 0.261523 -0.165140 0.089997
v 0.261523 -0.165140 -0.090003
v 0.258136 -0.170173 0.089997
v 0.258136 -0.170173 -0.090003
v 0.253692 -0.175768 0.089997
v 0.253692 -0.175768 -0.090003
v 0.248398 -0.181657 0.089997
v 0.248398 -0.181657 -0.090003
v 0.242460 -0.187573 0.089997
v 0.242460 -0.187573 -0.090003
v 0.236086 -0.193249 0.089997
v 0.236086 -0.193249 -0.090003
v 0.229483 -0.198419 0.089997
v 0.229483 -0.198419 -0.090003
v 0.222858 -0.202814 0.089997
v 0.222858 -0.202814 -0.090003
v 0.216417 -0.206168 0.089997
v 0.216417 -0.206168 -0.090003
v 0.216586 -0.206296 0.089997
v 0.216586 -0.206296 -0.090003
v 0.217114 -0.206668 0.089997
v 0.217114 -0.206668 -0.090003
v 0.218035 -0.207269 0.089997
v 0.218035 -0.207269 -0.090003
v 0.219381 -0.208082 0.089997
v 0.219381 -0.208082 -0.090003
v 0.221185 -0.209091 0.089997
v 0.221185 -0.209091 -0.090003
v 0.223479 -0.210280 0.089997
v 0.223479 -0.210280 -0.090003
v 0.226297 -0.211633 0.089997
v 0.226297 -0.211633 -0.090003
v 0.229671 -0.213132 0.089997
v 0.229671 -0.213132 -0.090003
v 0.233633 -0.214762 0.089997
v 0.233633 -0.214762 -0.090003
v 0.238217 -0.216507 0.089997
v 0.238217 -0.216507 -0.090003
v 0.243456 -0.218351 0.089997
v 0.243456 -0.218351 -0.090003
v 0.249381 -0.220276 0.089997
v 0.249381 -0.220276 -0.090003
v 0.254052 -0.222678 0.089997
v 0.254052 -0.222678 -0.090003
v 0.256317 -0.226067 0.089997
v 0.256317 -0.226067 -0.090003
v 0.256338 -0.230264 0.089997
v 0.256338 -0.230264 -0.090003
v 0.254275 -0.235091 0.089997
v 0.254275 -0.235091 -0.090003
v 0.250289 -0.240369 0.089997
v 0.250289 -0.240369 -0.090003
v 0.244541 -0.245918 0.089997
v 0.244541 -0.245918 -0.090003
v 0.237191 -0.251561 0.089997
v 0.237191 -0.251561 -0.090003
v 0.228400 -0.257117 0.089997
v 0.228400 -0.257117 -0.090003
v 0.218329 -0.262408 0.089997
v 0.218329 -0.262408 -0.090003
v 0.207138 -0.267256 0.089997
v 0.207138 -0.267256 -0.090003
v 0.194989 -0.271481 0.089997
v 0.194989 -0.271481 -0.090003
v 0.182041 -0.274904 0.089997
v 0.182041 -0.274904 -0.090003
vn -0.0000 -0.0000 1.0000
vn -0.0000 -0.0000 -1.0000
vn 0.9993 -0.0365 -0.0000
vn 0.9989 -0.0470 -0.0000
vn 0.9983 -0.0578 -0.0000
vn 0.9976 -0.0687 -0.0000
vn 0.9968 -0.0798 -0.0000
vn 0.9958 -0.0913 -0.0000
vn 0.9947 -0.1028 -0.0000
vn 0.9934 -0.1146 -0.0000
vn 0.9920 -0.1266 -0.0000
vn 0.9903 -0.1386 -0.0000
vn 0.9887 -0.1502 -0.0000
vn 0.6497 -0.7602 -0.0000
vn -0.0000 -1.0000 -0.0000
vn -0.7072 -0.7070 -0.0000
vn -1.0000 0.0007 -0.0000
vn -1.0000 0.0014 -0.0000
vn -1.0000 0.0022 -0.0000
vn -1.0000 0.0029 -0.0000
vn -1.0000 0.0037 -0.0000
vn -1.0000 0.0044 -0.0000
vn -1.0000 0.0051 -0.0000
vn -1.0000 0.0059 -0.0000
vn -1.0000 0.0066 -0.0000
vn -1.0000 0.0073 -0.0000
vn -1.0000 0.0081 -0.0000
vn -0.7994 -0.6008 -0.0000
vn -0.3056 -0.9522 -0.0000
vn -0.3747 -0.9271 -0.0000
vn -0.4418 -0.8971 -0.0000
vn -0.5094 -0.8605 -0.0000
vn -0.5810 -0.8139 -0.0000
vn -0.6614 -0.7500 -0.0000
vn -0.7573 -0.6531 -0.0000
vn -0.8733 -0.4872 -0.0000
vn -0.9839 -0.1786 -0.0000
vn -0.9508 0.3099 -0.0000
vn -0.6590 0.7521 -0.0000
vn -0.3831 0.9237 -0.0000
vn -0.3205 0.9472 -0.0000
vn -0.3439 0.9390 -0.0000
vn -0.3681 0.9298 -0.0000
vn -0.3934 0.9194 -0.0000
vn -0.4195 0.9078 -0.0000
vn -0.4463 0.8949 -0.0000
vn -0.4742 0.8804 -0.0000
vn -0.5028 0.8644 -0.0000
vn -0.5318 0.8468 -0.0000
vn -0.5615 0.8275 -0.0000
vn -0.5901 0.8073 -0.0000
vn -0.9965 -0.0840 -0.0000
vn -0.5079 -0.8614 -0.0000
vn -0.5849 -0.8111 -0.0000
vn -0.6409 -0.7676 -0.0000
vn -0.6856 -0.7280 -0.0000
vn -0.7249 -0.6889 -0.0000
vn -0.7636 -0.6457 -0.0000
vn -0.8069 -0.5907 -0.0000
vn -0.8628 -0.5055 -0.0000
vn -0.9437 -0.3307 -0.0000
vn -0.9869 0.1616 -0.0000
vn -0.5145 0.8575 -0.0000
vn 0.0550 0.9985 -0.0000
vn 0.1184 0.9930 -0.0000
vn 0.0646 0.9979 -0.0000
vn 0.0278 0.9996 -0.0000
vn 0.0010 1.0000 -0.0000
vn -0.0193 0.9998 -0.0000
vn -0.0351 0.9994 -0.0000
vn -0.0477 0.9989 -0.0000
vn -0.0582 0.9983 -0.0000
vn -0.0669 0.9978 -0.0000
vn -0.0740 0.9973 -0.0000
vn -0.0801 0.9968 -0.0000
vn -0.9012 0.4334 -0.0000
vn -0.8336 -0.5523 -0.0000
vn -0.8409 -0.5411 -0.0000
vn -0.8498 -0.5271 -0.0000
vn -0.8603 -0.5097 -0.0000
vn -0.8730 -0.4878 -0.0000
vn -0.8882 -0.4594 -0.0000
vn -0.9070 -0.4212 -0.0000
vn -0.9299 -0.3679 -0.0000
vn -0.9573 -0.2892 -0.0000
vn -0.9863 -0.1651 -0.0000
vn -0.9991 0.0421 -0.0000
vn -0.9251 0.3798 -0.0000
vn -0.6766 0.7364 -0.0000
vn -0.3667 0.9304 -0.0000
vn -0.1385 0.9904 -0.0000
vn 0.0079 1.0000 -0.0000
vn 0.1035 0.9946 -0.0000
vn 0.1689 0.9856 -0.0000
vn 0.2160 0.9764 -0.0000
vn 0.2513 0.9679 -0.0000
vn 0.2785 0.9604 -0.0000
vn 0.3001 0.9539 -0.0000
vn 0.3176 0.9482 -0.0000
vn -0.5589 0.8292 -0.0000
vn -0.9993 0.0365 -0.0005
vn -0.9989 0.0470 -0.0015
vn -0.9914 0.1305 -0.0024
vn -0.9719 0.2352 -0.0027
vn -0.9487 0.3161 -0.0027
vn -0.9294 0.3691 -0.0024
vn -0.9294 0.3692 -0.0024
vn -0.9149 0.4036 -0.0021
vn -0.9031 0.4294 -0.0019
vn -0.8906 0.4547 -0.0017
vn -0.8738 0.4862 -0.0015
vn -0.8508 0.5255 -0.0014
vn -0.0820 0.9966 -0.0011
vn -0.0807 0.9967 -0.0011
vn 0.4185 0.9082 0.0008
vn 0.4196 0.9077 0.0008
vn 0.0278 0.9996 0.0014
vn 0.0065 1.0000 0.0015
vn -0.0256 0.9997 0.0016
vn -0.0255 0.9997 0.0016
vn -0.0629 0.9980 0.0016
vn -0.0628 0.9980 0.0016
vn -0.1137 0.9935 0.0018
vn -0.1135 0.9935 0.0018
vn -0.1409 0.9900 0.0019
vn -0.1354 0.9908 0.0018
vn -0.1355 0.9908 0.0018
vn -0.1621 0.9868 0.0019
vn -0.1620 0.9868 0.0019
vn -0.1850 0.9827 0.0019
vn -0.1762 0.9844 0.0018
vn -0.2407 0.9706 0.0019
vn -0.2405 0.9707 0.0019
vn -0.5623 0.8270 0.0026
vn -0.5617 0.8274 0.0026
vn -0.7720 0.6356 0.0028
vn -0.7620 0.6476 0.0024
vn -0.7550 0.6557 0.0021
vn -0.7698 0.6383 0.0018
vn -0.7472 0.6646 0.0014
vn -0.7144 0.6997 0.0010
vn -0.7475 0.6643 0.0006
vn -0.8057 0.5923 0.0003
vn -0.8478 0.5304 0.0001
vn -0.8626 0.5058 -0.0000
vn -0.8570 0.5154 -0.0000
vn 0.0865 0.9963 -0.0001
vn 0.9394 0.3427 -0.0003
vn 0.9574 0.2886 -0.0007
vn 0.9700 0.2433 -0.0011
vn 0.9807 0.1956 -0.0015
vn 0.9904 0.1384 -0.0017
vn 0.9959 0.0902 -0.0017
vn 0.9975 0.0710 -0.0013
vn 0.9957 0.0926 -0.0007
vn 0.9948 0.1015 -0.0002
vn 0.9975 0.0707 -0.0000
vn 0.9988 0.0499 -0.0000
vn 0.5586 0.8294 -0.0000
vn -0.3245 0.9459 -0.0000
vn -0.3076 0.9515 -0.0000
vn -0.2866 0.9580 -0.0000
vn -0.2603 0.9655 -0.0000
vn -0.2264 0.9740 -0.0000
vn -0.1810 0.9835 -0.0000
vn -0.1177 0.9931 -0.0000
vn -0.0250 0.9997 -0.0000
vn 0.1187 0.9929 -0.0000
vn 0.3468 0.9380 -0.0000
vn 0.6659 0.7461 -0.0000
vn 0.9236 0.3833 -0.0000
vn 0.9991 0.0421 -0.0000
vn 0.9863 -0.1651 -0.0000
vn 0.9573 -0.2891 -0.0000
vn 0.9299 -0.3679 -0.0000
vn 0.9069 -0.4213 -0.0000
vn 0.8883 -0.4593 -0.0000
vn 0.8730 -0.4877 -0.0000
vn 0.8603 -0.5097 -0.0000
vn 0.8498 -0.5272 -0.0000
vn 0.8409 -0.5412 -0.0000
vn 0.8336 -0.5524 -0.0000
vn 0.9011 0.4336 -0.0000
vn 0.0802 0.9968 -0.0000
vn 0.0740 0.9973 -0.0000
vn 0.0669 0.9978 -0.0000
vn 0.0583 0.9983 -0.0000
vn 0.0478 0.9989 -0.0000
vn 0.0350 0.9994 -0.0000
vn 0.0192 0.9998 -0.0000
vn -0.0010 1.0000 -0.0000
vn -0.0278 0.9996 -0.0000
vn -0.0646 0.9979 -0.0000
vn -0.1184 0.9930 -0.0000
vn -0.0560 0.9984 -0.0000
vn 0.5135 0.8581 -0.0000
vn 0.9868 0.1618 -0.0000
vn 0.9437 -0.3308 -0.0000
vn 0.8628 -0.5056 -0.0000
vn 0.8070 -0.5906 -0.0000
vn 0.7637 -0.6456 -0.0000
vn 0.7250 -0.6887 -0.0000
vn 0.6857 -0.7279 -0.0000
vn 0.6411 -0.7675 -0.0000
vn 0.5851 -0.8110 -0.0000
vn 0.5080 -0.8613 -0.0000
vn 0.9965 -0.0840 -0.0000
vn 0.5900 0.8074 -0.0000
vn 0.5613 0.8276 -0.0000
vn 0.5318 0.8468 -0.0000
vn 0.5027 0.8645 -0.0000
vn 0.4742 0.8804 -0.0000
vn 0.4463 0.8949 -0.0000
vn 0.4195 0.9078 -0.0000
vn 0.3933 0.9194 -0.0000
vn 0.3681 0.9298 -0.0000
vn 0.3439 0.9390 -0.0000
vn 0.3205 0.9472 -0.0000
vn 0.3844 0.9232 -0.0000
vn 0.6656 0.7463 -0.0000
vn 0.9562 0.2927 -0.0000
vn 0.9802 -0.1981 -0.0000
vn 0.8651 -0.5015 -0.0000
vn 0.7486 -0.6631 -0.0000
vn 0.6528 -0.7575 -0.0000
vn 0.5722 -0.8201 -0.0000
vn 0.5001 -0.8660 -0.0000
vn 0.4316 -0.9021 -0.0000
vn 0.3632 -0.9317 -0.0000
vn 0.2922 -0.9563 -0.0000
vn 0.7827 -0.6224 -0.0000
vt 0.917818 0.547965
vt 0.920357 0.519056
vt 0.919034 0.549230
vt 0.914380 0.544355
vt 0.909030 0.538676
vt 0.902079 0.531206
vt 0.893839 0.522220
vt 0.617140 0.548280
vt 0.699077 0.443995
vt 0.617497 0.549230
vt 0.616103 0.545077
vt 0.614435 0.539095
vt 0.884620 0.511995
vt 0.921492 0.489860
vt 0.612188 0.529805
vt 0.874735 0.500809
vt 0.609411 0.516681
vt 0.864495 0.488937
vt 0.606155 0.499195
vt 0.922446 0.461633
vt 0.854210 0.476657
vt 0.602470 0.476819
vt 0.844192 0.464245
vt 0.923228 0.434362
vt 0.834752 0.451978
vt 0.598406 0.449026
vt 0.826202 0.440133
vt 0.923845 0.408037
vt 0.823700 0.440209
vt 0.816785 0.440419
vt 0.806338 0.440736
vt 0.793243 0.441134
vt 0.778383 0.441586
vt 0.762639 0.442064
vt 0.746896 0.442542
vt 0.732035 0.442994
vt 0.718940 0.443392
vt 0.708494 0.443709
vt 0.701578 0.443919
vt 0.594013 0.415289
vt 0.924306 0.382648
vt 0.589343 0.375080
vt 0.924619 0.358182
vt 0.924791 0.334631
vt 0.584444 0.327871
vt 0.924832 0.311982
vt 0.924749 0.290225
vt 0.579368 0.273136
vt 0.924551 0.269348
vt 0.924245 0.249342
vt 0.543441 0.283796
vt 0.550554 0.283229
vt 0.546782 0.283747
vt 0.954829 0.255941
vt 0.962392 0.255663
vt 0.958861 0.256016
vt 0.965283 0.254810
vt 0.540646 0.283298
vt 0.554642 0.282323
vt 0.950434 0.255507
vt 0.967394 0.253387
vt 0.538511 0.282174
vt 0.558931 0.281107
vt 0.945816 0.254786
vt 0.563305 0.279659
vt 0.968586 0.251323
vt 0.537151 0.280345
vt 0.941113 0.253849
vt 0.567651 0.278059
vt 0.936466 0.252765
vt 0.536366 0.276858
vt 0.968953 0.247759
vt 0.571854 0.276386
vt 0.932013 0.251605
vt 0.575798 0.274719
vt 0.927893 0.250441
vt 0.536466 0.272598
vt 0.968351 0.243545
vt 0.537295 0.267769
vt 0.966959 0.238866
vt 0.538697 0.262578
vt 0.964955 0.233903
vt 0.540516 0.257228
vt 0.962519 0.228840
vt 0.542598 0.251927
vt 0.959828 0.223859
vt 0.544786 0.246878
vt 0.957061 0.219143
vt 0.546925 0.242286
vt 0.954397 0.214875
vt 0.548859 0.238358
vt 0.952014 0.211237
vt 0.550434 0.235299
vt 0.950091 0.208412
vt 0.551493 0.233312
vt 0.948807 0.206583
vt 0.551880 0.232604
vt 0.948339 0.205933
vt 0.501056 0.235901
vt 0.507738 0.234917
vt 0.503768 0.235838
vt 0.551208 0.232590
vt 0.949003 0.205829
vt 0.992403 0.202318
vt 0.999149 0.202405
vt 0.996451 0.202700
vt 0.549316 0.232561
vt 0.950877 0.205546
vt 0.500000 0.234235
vt 1.000000 0.200615
vt 0.546387 0.232536
vt 0.953780 0.205130
vt 0.542605 0.232536
vt 0.957532 0.204624
vt 0.512330 0.234182
vt 0.987761 0.202203
vt 0.538156 0.232582
vt 0.961951 0.204073
vt 0.533222 0.232692
vt 0.966859 0.203522
vt 0.517358 0.233612
vt 0.982706 0.202311
vt 0.527988 0.232887
vt 0.972074 0.203015
vt 0.522639 0.233187
vt 0.977417 0.202596
vt 0.500423 0.231117
vt 0.999213 0.197581
vt 0.502149 0.226825
vt 0.996994 0.193554
vt 0.505000 0.221635
vt 0.993553 0.188786
vt 0.508801 0.215824
vt 0.989096 0.183529
vt 0.513374 0.209669
vt 0.983832 0.178033
vt 0.518544 0.203447
vt 0.977969 0.172550
vt 0.524132 0.197435
vt 0.971715 0.167332
vt 0.529964 0.191910
vt 0.965278 0.162630
vt 0.535861 0.187150
vt 0.958865 0.158695
vt 0.541648 0.183430
vt 0.952685 0.155779
vt 0.541484 0.183314
vt 0.952834 0.155642
vt 0.540971 0.182978
vt 0.953303 0.155240
vt 0.540080 0.182441
vt 0.954124 0.154588
vt 0.538782 0.181721
vt 0.955326 0.153699
vt 0.537047 0.180835
vt 0.956943 0.152588
vt 0.534846 0.179802
vt 0.959005 0.151269
vt 0.532149 0.178640
vt 0.961543 0.149755
vt 0.528927 0.177367
vt 0.964590 0.148061
vt 0.525150 0.176001
vt 0.968175 0.146200
vt 0.520789 0.174561
vt 0.972332 0.144188
vt 0.515815 0.173064
vt 0.977090 0.142037
vt 0.510197 0.171529
vt 0.982482 0.139762
vt 0.505774 0.169487
vt 0.986680 0.137094
vt 0.503457 0.166352
vt 0.988586 0.133600
vt 0.503116 0.162302
vt 0.988359 0.129446
vt 0.504618 0.157515
vt 0.986160 0.124799
vt 0.507831 0.152170
vt 0.982147 0.119826
vt 0.512623 0.146442
vt 0.976482 0.114695
vt 0.518863 0.140511
vt 0.969323 0.109571
vt 0.526417 0.134555
vt 0.960830 0.104623
vt 0.535156 0.128750
vt 0.951164 0.100016
vt 0.544945 0.123276
vt 0.940484 0.095919
vt 0.555654 0.118309
vt 0.928949 0.092497
vt 0.567150 0.114028
vt 0.916720 0.089919
vt 0.566669 0.106876
vt 0.915393 0.074970
vt 0.566189 0.099650
vt 0.565708 0.092349
vt 0.914061 0.061474
vt 0.565228 0.084971
vt 0.564747 0.077517
vt 0.912747 0.049402
vt 0.564267 0.069986
vt 0.911475 0.038723
vt 0.563788 0.062376
vt 0.563309 0.054688
vt 0.910266 0.029410
vt 0.562830 0.046919
vt 0.909145 0.021433
vt 0.562351 0.039070
vt 0.908133 0.014763
vt 0.561873 0.031139
vt 0.907254 0.009371
vt 0.906531 0.005227
vt 0.561396 0.023127
vt 0.905986 0.002304
vt 0.905642 0.000571
vt 0.905522 0.000000
vt 0.000000 0.000000
vt 0.079643 0.519056
vt 0.082182 0.547965
vt 0.080966 0.549230
vt 0.085620 0.544355
vt 0.090970 0.538677
vt 0.097921 0.531206
vt 0.106161 0.522220
vt 0.300923 0.443995
vt 0.382860 0.548280
vt 0.382503 0.549230
vt 0.383897 0.545077
vt 0.385565 0.539095
vt 0.115380 0.511995
vt 0.078508 0.489860
vt 0.387812 0.529805
vt 0.125265 0.500809
vt 0.390589 0.516681
vt 0.135505 0.488937
vt 0.393845 0.499195
vt 0.077554 0.461633
vt 0.145790 0.476657
vt 0.397530 0.476819
vt 0.155808 0.464245
vt 0.076772 0.434362
vt 0.165248 0.451978
vt 0.401594 0.449026
vt 0.173798 0.440133
vt 0.076155 0.408037
vt 0.176300 0.440209
vt 0.183215 0.440419
vt 0.193662 0.440736
vt 0.206757 0.441134
vt 0.221617 0.441586
vt 0.237361 0.442064
vt 0.253104 0.442542
vt 0.267965 0.442994
vt 0.281060 0.443392
vt 0.291506 0.443709
vt 0.298422 0.443919
vt 0.405987 0.415289
vt 0.075694 0.382648
vt 0.410657 0.375080
vt 0.075382 0.358182
vt 0.075209 0.334631
vt 0.415556 0.327871
vt 0.075168 0.311982
vt 0.075251 0.290225
vt 0.420632 0.273136
vt 0.075449 0.269348
vt 0.075755 0.249342
vt 0.449446 0.283230
vt 0.456559 0.283796
vt 0.453218 0.283747
vt 0.037608 0.255663
vt 0.045172 0.255941
vt 0.041139 0.256016
vt 0.034717 0.254810
vt 0.459354 0.283298
vt 0.445358 0.282323
vt 0.049566 0.255507
vt 0.032606 0.253387
vt 0.461489 0.282174
vt 0.441070 0.281107
vt 0.054184 0.254786
vt 0.436695 0.279659
vt 0.031414 0.251323
vt 0.462849 0.280346
vt 0.058887 0.253849
vt 0.432349 0.278059
vt 0.063534 0.252765
vt 0.463634 0.276858
vt 0.031047 0.247759
vt 0.428146 0.276386
vt 0.067987 0.251605
vt 0.424203 0.274719
vt 0.072107 0.250441
vt 0.463534 0.272598
vt 0.031649 0.243545
vt 0.462705 0.267769
vt 0.033041 0.238866
vt 0.461304 0.262578
vt 0.035045 0.233903
vt 0.459484 0.257228
vt 0.037481 0.228840
vt 0.457403 0.251927
vt 0.040172 0.223859
vt 0.455215 0.246878
vt 0.042939 0.219143
vt 0.453075 0.242287
vt 0.045603 0.214875
vt 0.451141 0.238358
vt 0.047986 0.211237
vt 0.449566 0.235299
vt 0.049909 0.208412
vt 0.448508 0.233312
vt 0.051194 0.206583
vt 0.448120 0.232605
vt 0.051661 0.205933
vt 0.492262 0.234918
vt 0.498944 0.235901
vt 0.496232 0.235838
vt 0.448792 0.232590
vt 0.050997 0.205829
vt 0.000851 0.202405
vt 0.007597 0.202318
vt 0.003549 0.202700
vt 0.450684 0.232561
vt 0.049123 0.205546
vt 0.000000 0.200615
vt 0.453613 0.232536
vt 0.046220 0.205130
vt 0.457395 0.232537
vt 0.042468 0.204624
vt 0.487670 0.234182
vt 0.012239 0.202203
vt 0.461845 0.232582
vt 0.038049 0.204073
vt 0.466778 0.232692
vt 0.033141 0.203522
vt 0.482642 0.233612
vt 0.017294 0.202311
vt 0.472012 0.232887
vt 0.027926 0.203014
vt 0.477361 0.233187
vt 0.022584 0.202596
vt 0.499577 0.231117
vt 0.000788 0.197581
vt 0.497851 0.226825
vt 0.003006 0.193554
vt 0.495000 0.221635
vt 0.006448 0.188786
vt 0.491199 0.215824
vt 0.010904 0.183529
vt 0.486626 0.209669
vt 0.016168 0.178033
vt 0.481456 0.203447
vt 0.022031 0.172550
vt 0.475868 0.197435
vt 0.028285 0.167332
vt 0.470036 0.191911
vt 0.034722 0.162630
vt 0.464139 0.187150
vt 0.041135 0.158695
vt 0.458352 0.183430
vt 0.047315 0.155779
vt 0.458516 0.183314
vt 0.047166 0.155642
vt 0.459029 0.182978
vt 0.046697 0.155240
vt 0.459920 0.182441
vt 0.045876 0.154588
vt 0.461218 0.181721
vt 0.044674 0.153699
vt 0.462953 0.180835
vt 0.043057 0.152588
vt 0.465154 0.179802
vt 0.040995 0.151269
vt 0.467851 0.178640
vt 0.038457 0.149755
vt 0.471073 0.177367
vt 0.035410 0.148061
vt 0.474850 0.176002
vt 0.031825 0.146200
vt 0.479211 0.174561
vt 0.027668 0.144188
vt 0.484185 0.173065
vt 0.022910 0.142037
vt 0.489803 0.171529
vt 0.017518 0.139762
vt 0.494226 0.169487
vt 0.013320 0.137094
vt 0.496543 0.166352
vt 0.011414 0.133600
vt 0.496884 0.162302
vt 0.011641 0.129446
vt 0.495382 0.157516
vt 0.013840 0.124799
vt 0.492169 0.152170
vt 0.017853 0.119826
vt 0.487377 0.146442
vt 0.023518 0.114695
vt 0.481137 0.140511
vt 0.030677 0.109571
vt 0.473583 0.134555
vt 0.039170 0.104623
vt 0.464845 0.128750
vt 0.048836 0.100016
vt 0.455055 0.123276
vt 0.059516 0.095919
vt 0.444346 0.118309
vt 0.071051 0.092497
vt 0.432850 0.114028
vt 0.083280 0.089919
vt 0.433331 0.106876
vt 0.084607 0.074970
vt 0.433811 0.099650
vt 0.434292 0.092349
vt 0.085939 0.061474
vt 0.434772 0.084971
vt 0.435253 0.077517
vt 0.087253 0.049402
vt 0.435733 0.069986
vt 0.088526 0.038723
vt 0.436212 0.062376
vt 0.436692 0.054688
vt 0.089734 0.029410
vt 0.437171 0.046919
vt 0.090855 0.021433
vt 0.437649 0.039070
vt 0.091867 0.014763
vt 0.438127 0.031139
vt 0.092746 0.009371
vt 0.093469 0.005227
vt 0.438605 0.023127
vt 0.094015 0.002304
vt 0.094358 0.000571
vt 0.094478 0.000000
vt 0.738636 0.906115
vt 0.726498 0.906114
vt 0.726498 0.727672
vt 0.738636 0.727673
vt 0.715591 0.906115
vt 0.715591 0.727673
vt 0.705900 0.906114
vt 0.705900 0.727673
vt 0.697407 0.906114
vt 0.697407 0.727672
vt 0.690098 0.906115
vt 0.690098 0.727673
vt 0.683957 0.906114
vt 0.683957 0.727673
vt 0.678968 0.906115
vt 0.678968 0.727673
vt 0.675115 0.906114
vt 0.675115 0.727672
vt 0.672383 0.906114
vt 0.672383 0.727673
vt 0.670755 0.906115
vt 0.670755 0.727673
vt 0.670216 0.906115
vt 0.670216 0.727673
vt 0.000000 0.876674
vt 0.000000 0.870232
vt 0.167554 0.870232
vt 0.167554 0.876674
vt 0.000000 0.852419
vt 0.167554 0.852419
vt 0.000000 0.825511
vt 0.167554 0.825511
vt 0.000000 0.791781
vt 0.167554 0.791781
vt 0.000000 0.753504
vt 0.167554 0.753504
vt 0.000000 0.712952
vt 0.167554 0.712952
vt 0.000000 0.672401
vt 0.167554 0.672401
vt 0.000000 0.634123
vt 0.167554 0.634123
vt 0.000000 0.600393
vt 0.167554 0.600393
vt 0.000000 0.573485
vt 0.167554 0.573485
vt 0.000000 0.555673
vt 0.167554 0.555673
vt 0.000000 0.549230
vt 0.167554 0.549230
vt 0.752021 0.727672
vt 0.758945 0.727673
vt 0.758945 0.906115
vt 0.752021 0.906115
vt 0.765800 0.727673
vt 0.765800 0.906115
vt 0.772588 0.727673
vt 0.772588 0.906114
vt 0.779308 0.727673
vt 0.779308 0.906114
vt 0.785962 0.727673
vt 0.785962 0.906114
vt 0.792549 0.727673
vt 0.792549 0.906114
vt 0.799071 0.727673
vt 0.799071 0.906114
vt 0.805529 0.727673
vt 0.805529 0.906114
vt 0.811922 0.727673
vt 0.811922 0.906115
vt 0.818252 0.727672
vt 0.818252 0.906114
vt 0.824519 0.727672
vt 0.824519 0.906114
vt 0.830723 0.727672
vt 0.830723 0.906114
vt 0.881777 0.727672
vt 0.869832 0.727672
vt 0.869832 0.549230
vt 0.881777 0.549230
vt 0.858239 0.727672
vt 0.858239 0.549230
vt 0.847195 0.727672
vt 0.847195 0.549230
vt 0.836900 0.727672
vt 0.836900 0.549230
vt 0.827551 0.727672
vt 0.827551 0.549230
vt 0.819348 0.727672
vt 0.819348 0.549230
vt 0.812489 0.727672
vt 0.812489 0.549230
vt 0.807171 0.727672
vt 0.807171 0.549230
vt 0.803595 0.727672
vt 0.803595 0.549230
vt 0.670076 0.973078
vt 0.666532 0.973078
vt 0.666532 0.794636
vt 0.670076 0.794636
vt 0.662858 0.973078
vt 0.662858 0.794636
vt 0.659144 0.973078
vt 0.659144 0.794636
vt 0.497249 0.992211
vt 0.493381 0.992211
vt 0.493381 0.813769
vt 0.497249 0.813769
vt 0.493146 0.992211
vt 0.489640 0.992211
vt 0.489640 0.813769
vt 0.493146 0.813769
vt 0.486459 0.992211
vt 0.486459 0.813769
vt 0.483605 0.992211
vt 0.483605 0.813769
vt 0.481080 0.992211
vt 0.481080 0.813769
vt 0.478885 0.992211
vt 0.478885 0.813769
vt 0.477023 0.992211
vt 0.477023 0.813769
vt 0.475496 0.992211
vt 0.475496 0.813769
vt 0.474305 0.992211
vt 0.474305 0.813769
vt 0.473451 0.992211
vt 0.473451 0.813769
vt 0.472938 0.992211
vt 0.472938 0.813769
vt 0.472767 0.992211
vt 0.472767 0.813769
vt 0.888978 0.906114
vt 0.882219 0.906115
vt 0.882219 0.727673
vt 0.888978 0.727673
vt 0.874869 0.906114
vt 0.874869 0.727673
vt 0.867211 0.906114
vt 0.867211 0.727673
vt 0.859529 0.906114
vt 0.859529 0.727672
vt 0.852109 0.906114
vt 0.852109 0.727673
vt 0.845234 0.906114
vt 0.845234 0.727672
vt 0.839189 0.906115
vt 0.839189 0.727673
vt 0.834257 0.906114
vt 0.834257 0.727673
vt 0.830723 0.906115
vt 0.830723 0.727673
vt 0.927496 0.549230
vt 0.929915 0.549230
vt 0.929915 0.727672
vt 0.927496 0.727672
vt 0.931788 0.549230
vt 0.931788 0.727672
vt 0.379075 0.992211
vt 0.376788 0.992211
vt 0.376788 0.813769
vt 0.379075 0.813769
vt 0.373008 0.992211
vt 0.373008 0.813769
vt 0.368807 0.992211
vt 0.368807 0.813769
vt 0.364330 0.992211
vt 0.364330 0.813769
vt 0.359718 0.992211
vt 0.359718 0.813769
vt 0.355115 0.992211
vt 0.355115 0.813769
vt 0.350663 0.992211
vt 0.350663 0.813769
vt 0.346504 0.992211
vt 0.346504 0.813769
vt 0.342782 0.992211
vt 0.342782 0.813769
vt 0.339639 0.992211
vt 0.339639 0.813769
vt 0.337217 0.992211
vt 0.337217 0.813769
vt 0.335659 0.992211
vt 0.335659 0.813769
vt 0.335108 0.992211
vt 0.335108 0.813769
vt 0.447116 0.813769
vt 0.447787 0.813769
vt 0.447787 0.992211
vt 0.447116 0.992211
vt 0.449646 0.813769
vt 0.449646 0.992211
vt 0.452462 0.813769
vt 0.452462 0.992211
vt 0.456002 0.813769
vt 0.456002 0.992211
vt 0.460034 0.813769
vt 0.460034 0.992211
vt 0.464327 0.813769
vt 0.464327 0.992211
vt 0.468648 0.813769
vt 0.468648 0.992211
vt 0.185782 1.000000
vt 0.182071 1.000000
vt 0.182071 0.821558
vt 0.185782 0.821558
vt 0.178405 1.000000
vt 0.178405 0.821558
vt 0.174883 1.000000
vt 0.174883 0.821558
vt 0.171609 1.000000
vt 0.171609 0.821558
vt 0.169462 1.000000
vt 0.169462 0.821558
vt 0.167554 1.000000
vt 0.167554 0.821558
vt 0.416568 0.992211
vt 0.414504 0.992211
vt 0.414504 0.813769
vt 0.416568 0.813769
vt 0.411701 0.992211
vt 0.411701 0.813769
vt 0.408295 0.992211
vt 0.408295 0.813769
vt 0.404425 0.992211
vt 0.404425 0.813769
vt 0.400225 0.992211
vt 0.400225 0.813769
vt 0.395833 0.992211
vt 0.395833 0.813769
vt 0.391385 0.992211
vt 0.391385 0.813769
vt 0.387018 0.992211
vt 0.387018 0.813769
vt 0.382870 0.992211
vt 0.382870 0.813769
vt 0.335108 0.762522
vt 0.502662 0.762522
vt 0.502662 0.813768
vt 0.335108 0.718072
vt 0.502662 0.718071
vt 0.335108 0.679971
vt 0.502662 0.679971
vt 0.335108 0.647775
vt 0.502662 0.647774
vt 0.335108 0.621036
vt 0.502662 0.621036
vt 0.335108 0.599310
vt 0.502662 0.599310
vt 0.335108 0.582150
vt 0.502662 0.582149
vt 0.335108 0.569109
vt 0.502662 0.569109
vt 0.335108 0.559743
vt 0.502662 0.559743
vt 0.335108 0.553606
vt 0.502662 0.553605
vt 0.335108 0.550250
vt 0.502662 0.550250
vt 0.335108 0.549230
vt 0.502662 0.549230
vt 0.502662 0.794636
vt 0.502662 0.663916
vt 0.670216 0.663915
vt 0.670216 0.794636
vt 0.502662 0.661659
vt 0.670216 0.661659
vt 0.502662 0.655420
vt 0.670216 0.655420
vt 0.502662 0.645996
vt 0.670216 0.645996
vt 0.502662 0.634182
vt 0.670216 0.634182
vt 0.502662 0.620776
vt 0.670216 0.620776
vt 0.502662 0.606573
vt 0.670216 0.606573
vt 0.502662 0.592370
vt 0.670216 0.592370
vt 0.502662 0.578964
vt 0.670216 0.578963
vt 0.502662 0.567150
vt 0.670216 0.567150
vt 0.502662 0.557726
vt 0.670216 0.557726
vt 0.502662 0.551487
vt 0.670216 0.551487
vt 0.670216 0.549230
vt 0.670216 0.549231
vt 0.684005 0.549230
vt 0.684005 0.727672
vt 0.670216 0.727672
vt 0.698550 0.549230
vt 0.698550 0.727672
vt 0.713478 0.549230
vt 0.713479 0.727672
vt 0.728417 0.549230
vt 0.728417 0.727672
vt 0.742994 0.549230
vt 0.742994 0.727672
vt 0.756836 0.549230
vt 0.756836 0.727672
vt 0.769571 0.549230
vt 0.769571 0.727672
vt 0.780826 0.549230
vt 0.780826 0.727672
vt 0.790228 0.549230
vt 0.790228 0.727672
vt 0.797406 0.549230
vt 0.797406 0.727672
vt 0.801985 0.549230
vt 0.801986 0.727672
vt 0.167554 0.794499
vt 0.335108 0.794499
vt 0.335108 0.821558
vt 0.167554 0.768255
vt 0.335108 0.768255
vt 0.167554 0.742820
vt 0.335108 0.742820
vt 0.167554 0.718188
vt 0.335108 0.718188
vt 0.167554 0.694351
vt 0.335108 0.694351
vt 0.167554 0.671303
vt 0.335108 0.671303
vt 0.167554 0.649038
vt 0.335108 0.649038
vt 0.167554 0.627550
vt 0.335108 0.627550
vt 0.167554 0.606831
vt 0.335108 0.606831
vt 0.167554 0.586876
vt 0.335108 0.586876
vt 0.167554 0.567678
vt 0.335108 0.567678
vt 0.499821 0.813769
vt 0.499821 0.992211
vt 0.502662 0.813769
vt 0.502662 0.992211
vt 0.444019 0.992211
vt 0.444019 0.813769
vt 0.440722 0.992211
vt 0.440722 0.813769
vt 0.437303 0.992211
vt 0.437303 0.813769
vt 0.433840 0.992211
vt 0.433840 0.813769
vt 0.430413 0.992211
vt 0.430413 0.813769
vt 0.427101 0.992211
vt 0.427101 0.813769
vt 0.423981 0.992211
vt 0.423981 0.813769
vt 0.421133 0.992211
vt 0.421133 0.813769
vt 0.418636 0.992211
vt 0.418636 0.813769
vt 0.656228 0.973078
vt 0.656228 0.794636
vt 0.652363 0.973078
vt 0.652363 0.794636
vt 0.647781 0.973078
vt 0.647781 0.794636
vt 0.642709 0.973078
vt 0.642709 0.794636
vt 0.637376 0.973078
vt 0.637376 0.794636
vt 0.632012 0.973078
vt 0.632012 0.794636
vt 0.626844 0.973078
vt 0.626844 0.794636
vt 0.622103 0.973078
vt 0.622103 0.794636
vt 0.618017 0.973078
vt 0.618017 0.794636
vt 0.614816 0.973078
vt 0.614816 0.794636
vt 0.612727 0.973078
vt 0.612727 0.794636
vt 0.611979 0.973078
vt 0.611979 0.794636
vt 0.927496 0.727673
vt 0.926890 0.727672
vt 0.926890 0.549230
vt 0.925184 0.727672
vt 0.925184 0.549230
vt 0.922554 0.727672
vt 0.922554 0.549230
vt 0.919171 0.727673
vt 0.919171 0.549231
vt 0.915210 0.727672
vt 0.915210 0.549230
vt 0.910843 0.727672
vt 0.910843 0.549230
vt 0.906243 0.727672
vt 0.906243 0.549230
vt 0.901584 0.727672
vt 0.901584 0.549230
vt 0.897039 0.727672
vt 0.897038 0.549230
vt 0.892780 0.727672
vt 0.892780 0.549230
vt 0.888981 0.727672
vt 0.888981 0.549230
vt 0.885816 0.727672
vt 0.885816 0.549230
vt 0.883419 0.727672
vt 0.883419 0.549230
vt 0.881777 0.727673
vt 0.560238 0.973078
vt 0.557313 0.973078
vt 0.557313 0.794636
vt 0.560238 0.794636
vt 0.552959 0.973078
vt 0.552959 0.794636
vt 0.547476 0.973078
vt 0.547476 0.794636
vt 0.541163 0.973078
vt 0.541163 0.794636
vt 0.534321 0.973078
vt 0.534321 0.794636
vt 0.527250 0.973078
vt 0.527250 0.794636
vt 0.520248 0.973078
vt 0.520248 0.794636
vt 0.513617 0.973078
vt 0.513617 0.794636
vt 0.507655 0.973078
vt 0.507655 0.794636
vt 0.502662 0.973078
vt 0.930398 0.906115
vt 0.930202 0.906115
vt 0.930202 0.727673
vt 0.930398 0.727673
vt 0.929602 0.906115
vt 0.929602 0.727673
vt 0.928580 0.906115
vt 0.928580 0.727673
vt 0.927116 0.906115
vt 0.927116 0.727673
vt 0.925193 0.906115
vt 0.925193 0.727673
vt 0.922790 0.906115
vt 0.922790 0.727673
vt 0.919890 0.906115
vt 0.919890 0.727673
vt 0.916473 0.906115
vt 0.916473 0.727673
vt 0.912522 0.906115
vt 0.912521 0.727673
vt 0.908016 0.906115
vt 0.908016 0.727672
vt 0.902938 0.906115
vt 0.902938 0.727673
vt 0.897269 0.906114
vt 0.897269 0.727673
vt 0.892387 0.906115
vt 0.892387 0.727673
vt 0.888978 0.906115
vt 0.563900 0.794636
vt 0.563900 0.973078
vt 0.568780 0.794636
vt 0.568780 0.973078
vt 0.574669 0.794636
vt 0.574669 0.973078
vt 0.581359 0.794636
vt 0.581359 0.973078
vt 0.588643 0.794636
vt 0.588643 0.973078
vt 0.596313 0.794636
vt 0.596313 0.973078
vt 0.604161 0.794636
vt 0.604161 0.973078
vt 0.185783 0.821558
vt 0.194087 0.821558
vt 0.194087 1.000000
vt 0.203391 0.821558
vt 0.203391 1.000000
vt 0.752021 0.906114
vt 0.752021 0.727673
s 1
usemtl Meeple.003
f 5257/2617/5258 5258/2618/5258 5259/2619/5258
f 5260/2620/5258 5258/2618/5258 5257/2617/5258
f 5261/2621/5258 5258/2618/5258 5260/2620/5258
f 5262/2622/5258 5258/2618/5258 5261/2621/5258
f 5263/2623/5258 5258/2618/5258 5262/2622/5258
f 5264/2624/5258 5265/2625/5258 5266/2626/5258
f 5267/2627/5258 5265/2625/5258 5264/2624/5258
f 5268/2628/5258 5265/2625/5258 5267/2627/5258
f 5269/2629/5258 5258/2618/5258 5263/2623/5258
f 5269/2629/5258 5270/2630/5258 5258/2618/5258
f 5271/2631/5258 5265/2625/5258 5268/2628/5258
f 5272/2632/5258 5270/2630/5258 5269/2629/5258
f 5273/2633/5258 5265/2625/5258 5271/2631/5258
f 5274/2634/5258 5270/2630/5258 5272/2632/5258
f 5275/2635/5258 5265/2625/5258 5273/2633/5258
f 5274/2634/5258 5276/2636/5258 5270/2630/5258
f 5277/2637/5258 5276/2636/5258 5274/2634/5258
f 5278/2638/5258 5265/2625/5258 5275/2635/5258
f 5279/2639/5258 5276/2636/5258 5277/2637/5258
f 5279/2639/5258 5280/2640/5258 5276/2636/5258
f 5281/2641/5258 5280/2640/5258 5279/2639/5258
f 5282/2642/5258 5265/2625/5258 5278/2638/5258
f 5283/2643/5258 5280/2640/5258 5281/2641/5258
f 5283/2643/5258 5284/2644/5258 5280/2640/5258
f 5285/2645/5258 5284/2644/5258 5283/2643/5258
f 5286/2646/5258 5284/2644/5258 5285/2645/5258
f 5287/2647/5258 5284/2644/5258 5286/2646/5258
f 5288/2648/5258 5284/2644/5258 5287/2647/5258
f 5289/2649/5258 5284/2644/5258 5288/2648/5258
f 5290/2650/5258 5284/2644/5258 5289/2649/5258
f 5291/2651/5258 5284/2644/5258 5290/2650/5258
f 5292/2652/5258 5284/2644/5258 5291/2651/5258
f 5293/2653/5258 5284/2644/5258 5292/2652/5258
f 5294/2654/5258 5284/2644/5258 5293/2653/5258
f 5295/2655/5258 5284/2644/5258 5294/2654/5258
f 5265/2625/5258 5284/2644/5258 5295/2655/5258
f 5282/2642/5258 5284/2644/5258 5265/2625/5258
f 5296/2656/5258 5284/2644/5258 5282/2642/5258
f 5296/2656/5258 5297/2657/5258 5284/2644/5258
f 5298/2658/5258 5297/2657/5258 5296/2656/5258
f 5298/2658/5258 5299/2659/5258 5297/2657/5258
f 5298/2658/5258 5300/2660/5258 5299/2659/5258
f 5301/2661/5258 5300/2660/5258 5298/2658/5258
f 5301/2661/5258 5302/2662/5258 5300/2660/5258
f 5301/2661/5258 5303/2663/5258 5302/2662/5258
f 5304/2664/5258 5303/2663/5258 5301/2661/5258
f 5304/2664/5258 5305/2665/5258 5303/2663/5258
f 5304/2664/5258 5306/2666/5258 5305/2665/5258
f 5307/2667/5258 5308/2668/5258 5309/2669/5258
f 5310/2670/5258 5311/2671/5258 5312/2672/5258
f 5310/2670/5258 5313/2673/5258 5311/2671/5258
f 5314/2674/5258 5308/2668/5258 5307/2667/5258
f 5314/2674/5258 5315/2675/5258 5308/2668/5258
f 5316/2676/5258 5313/2673/5258 5310/2670/5258
f 5316/2676/5258 5317/2677/5258 5313/2673/5258
f 5318/2678/5258 5315/2675/5258 5314/2674/5258
f 5318/2678/5258 5319/2679/5258 5315/2675/5258
f 5320/2680/5258 5317/2677/5258 5316/2676/5258
f 5318/2678/5258 5321/2681/5258 5319/2679/5258
f 5320/2680/5258 5322/2682/5258 5317/2677/5258
f 5323/2683/5258 5321/2681/5258 5318/2678/5258
f 5324/2684/5258 5322/2682/5258 5320/2680/5258
f 5323/2683/5258 5325/2685/5258 5321/2681/5258
f 5326/2686/5258 5322/2682/5258 5324/2684/5258
f 5327/2687/5258 5325/2685/5258 5323/2683/5258
f 5326/2686/5258 5328/2688/5258 5322/2682/5258
f 5327/2687/5258 5329/2689/5258 5325/2685/5258
f 5330/2690/5258 5328/2688/5258 5326/2686/5258
f 5327/2687/5258 5331/2691/5258 5329/2689/5258
f 5332/2692/5258 5328/2688/5258 5330/2690/5258
f 5327/2687/5258 5304/2664/5258 5331/2691/5258
f 5333/2693/5258 5304/2664/5258 5327/2687/5258
f 5332/2692/5258 5334/2694/5258 5328/2688/5258
f 5306/2666/5258 5334/2694/5258 5332/2692/5258
f 5333/2693/5258 5306/2666/5258 5304/2664/5258
f 5333/2693/5258 5334/2694/5258 5306/2666/5258
f 5335/2695/5258 5334/2694/5258 5333/2693/5258
f 5335/2695/5258 5336/2696/5258 5334/2694/5258
f 5337/2697/5258 5336/2696/5258 5335/2695/5258
f 5337/2697/5258 5338/2698/5258 5336/2696/5258
f 5339/2699/5258 5338/2698/5258 5337/2697/5258
f 5339/2699/5258 5340/2700/5258 5338/2698/5258
f 5341/2701/5258 5340/2700/5258 5339/2699/5258
f 5341/2701/5258 5342/2702/5258 5340/2700/5258
f 5343/2703/5258 5342/2702/5258 5341/2701/5258
f 5343/2703/5258 5344/2704/5258 5342/2702/5258
f 5345/2705/5258 5344/2704/5258 5343/2703/5258
f 5345/2705/5258 5346/2706/5258 5344/2704/5258
f 5347/2707/5258 5346/2706/5258 5345/2705/5258
f 5347/2707/5258 5348/2708/5258 5346/2706/5258
f 5349/2709/5258 5348/2708/5258 5347/2707/5258
f 5349/2709/5258 5350/2710/5258 5348/2708/5258
f 5351/2711/5258 5350/2710/5258 5349/2709/5258
f 5351/2711/5258 5352/2712/5258 5350/2710/5258
f 5353/2713/5258 5352/2712/5258 5351/2711/5258
f 5353/2713/5258 5354/2714/5258 5352/2712/5258
f 5355/2715/5258 5356/2716/5258 5357/2717/5258
f 5358/2718/5258 5354/2714/5258 5353/2713/5258
f 5358/2718/5258 5359/2719/5258 5354/2714/5258
f 5360/2720/5258 5361/2721/5258 5362/2722/5258
f 5363/2723/5258 5359/2719/5258 5358/2718/5258
f 5363/2723/5258 5364/2724/5258 5359/2719/5258
f 5365/2725/5258 5356/2716/5258 5355/2715/5258
f 5360/2720/5258 5366/2726/5258 5361/2721/5258
f 5367/2727/5258 5364/2724/5258 5363/2723/5258
f 5367/2727/5258 5368/2728/5258 5364/2724/5258
f 5369/2729/5258 5368/2728/5258 5367/2727/5258
f 5369/2729/5258 5370/2730/5258 5368/2728/5258
f 5365/2725/5258 5371/2731/5258 5356/2716/5258
f 5372/2732/5258 5366/2726/5258 5360/2720/5258
f 5373/2733/5258 5370/2730/5258 5369/2729/5258
f 5373/2733/5258 5374/2734/5258 5370/2730/5258
f 5375/2735/5258 5374/2734/5258 5373/2733/5258
f 5375/2735/5258 5376/2736/5258 5374/2734/5258
f 5365/2725/5258 5377/2737/5258 5371/2731/5258
f 5378/2738/5258 5366/2726/5258 5372/2732/5258
f 5379/2739/5258 5376/2736/5258 5375/2735/5258
f 5379/2739/5258 5380/2740/5258 5376/2736/5258
f 5365/2725/5258 5381/2741/5258 5377/2737/5258
f 5381/2741/5258 5380/2740/5258 5379/2739/5258
f 5382/2742/5258 5366/2726/5258 5378/2738/5258
f 5381/2741/5258 5382/2742/5258 5380/2740/5258
f 5365/2725/5258 5382/2742/5258 5381/2741/5258
f 5365/2725/5258 5366/2726/5258 5382/2742/5258
f 5383/2743/5258 5366/2726/5258 5365/2725/5258
f 5383/2743/5258 5384/2744/5258 5366/2726/5258
f 5385/2745/5258 5384/2744/5258 5383/2743/5258
f 5385/2745/5258 5386/2746/5258 5384/2744/5258
f 5387/2747/5258 5386/2746/5258 5385/2745/5258
f 5387/2747/5258 5388/2748/5258 5386/2746/5258
f 5389/2749/5258 5388/2748/5258 5387/2747/5258
f 5389/2749/5258 5390/2750/5258 5388/2748/5258
f 5391/2751/5258 5390/2750/5258 5389/2749/5258
f 5391/2751/5258 5392/2752/5258 5390/2750/5258
f 5393/2753/5258 5392/2752/5258 5391/2751/5258
f 5393/2753/5258 5394/2754/5258 5392/2752/5258
f 5395/2755/5258 5394/2754/5258 5393/2753/5258
f 5395/2755/5258 5396/2756/5258 5394/2754/5258
f 5397/2757/5258 5396/2756/5258 5395/2755/5258
f 5397/2757/5258 5398/2758/5258 5396/2756/5258
f 5399/2759/5258 5398/2758/5258 5397/2757/5258
f 5399/2759/5258 5400/2760/5258 5398/2758/5258
f 5401/2761/5258 5400/2760/5258 5399/2759/5258
f 5401/2761/5258 5402/2762/5258 5400/2760/5258
f 5403/2763/5258 5402/2762/5258 5401/2761/5258
f 5403/2763/5258 5404/2764/5258 5402/2762/5258
f 5405/2765/5258 5404/2764/5258 5403/2763/5258
f 5405/2765/5258 5406/2766/5258 5404/2764/5258
f 5407/2767/5258 5406/2766/5258 5405/2765/5258
f 5407/2767/5258 5408/2768/5258 5406/2766/5258
f 5409/2769/5258 5408/2768/5258 5407/2767/5258
f 5409/2769/5258 5410/2770/5258 5408/2768/5258
f 5411/2771/5258 5410/2770/5258 5409/2769/5258
f 5411/2771/5258 5412/2772/5258 5410/2770/5258
f 5413/2773/5258 5412/2772/5258 5411/2771/5258
f 5413/2773/5258 5414/2774/5258 5412/2772/5258
f 5415/2775/5258 5414/2774/5258 5413/2773/5258
f 5415/2775/5258 5416/2776/5258 5414/2774/5258
f 5417/2777/5258 5416/2776/5258 5415/2775/5258
f 5417/2777/5258 5418/2778/5258 5416/2776/5258
f 5419/2779/5258 5418/2778/5258 5417/2777/5258
f 5419/2779/5258 5420/2780/5258 5418/2778/5258
f 5421/2781/5258 5420/2780/5258 5419/2779/5258
f 5421/2781/5258 5422/2782/5258 5420/2780/5258
f 5423/2783/5258 5422/2782/5258 5421/2781/5258
f 5423/2783/5258 5424/2784/5258 5422/2782/5258
f 5425/2785/5258 5424/2784/5258 5423/2783/5258
f 5425/2785/5258 5426/2786/5258 5424/2784/5258
f 5427/2787/5258 5426/2786/5258 5425/2785/5258
f 5427/2787/5258 5428/2788/5258 5426/2786/5258
f 5429/2789/5258 5428/2788/5258 5427/2787/5258
f 5429/2789/5258 5430/2790/5258 5428/2788/5258
f 5431/2791/5258 5430/2790/5258 5429/2789/5258
f 5431/2791/5258 5432/2792/5258 5430/2790/5258
f 5433/2793/5258 5432/2792/5258 5431/2791/5258
f 5433/2793/5258 5434/2794/5258 5432/2792/5258
f 5435/2795/5258 5434/2794/5258 5433/2793/5258
f 5435/2795/5258 5436/2796/5258 5434/2794/5258
f 5437/2797/5258 5436/2796/5258 5435/2795/5258
f 5437/2797/5258 5438/2798/5258 5436/2796/5258
f 5439/2799/5258 5438/2798/5258 5437/2797/5258
f 5439/2799/5258 5440/2800/5258 5438/2798/5258
f 5441/2801/5258 5440/2800/5258 5439/2799/5258
f 5441/2801/5258 5442/2802/5258 5440/2800/5258
f 5443/2803/5258 5442/2802/5258 5441/2801/5258
f 5443/2803/5258 5444/2804/5258 5442/2802/5258
f 5445/2805/5258 5444/2804/5258 5443/2803/5258
f 5445/2805/5258 5446/2806/5258 5444/2804/5258
f 5447/2807/5258 5446/2806/5258 5445/2805/5258
f 5447/2807/5258 5448/2808/5258 5446/2806/5258
f 5449/2809/5258 5448/2808/5258 5447/2807/5258
f 5449/2809/5258 5450/2810/5258 5448/2808/5258
f 5451/2811/5258 5450/2810/5258 5449/2809/5258
f 5451/2811/5258 5452/2812/5258 5450/2810/5258
f 5453/2813/5258 5452/2812/5258 5451/2811/5258
f 5454/2814/5258 5452/2812/5258 5453/2813/5258
f 5454/2814/5258 5455/2815/5258 5452/2812/5258
f 5456/2816/5258 5455/2815/5258 5454/2814/5258
f 5457/2817/5258 5455/2815/5258 5456/2816/5258
f 5457/2817/5258 5458/2818/5258 5455/2815/5258
f 5459/2819/5258 5458/2818/5258 5457/2817/5258
f 5459/2819/5258 5460/2820/5258 5458/2818/5258
f 5461/2821/5258 5460/2820/5258 5459/2819/5258
f 5462/2822/5258 5460/2820/5258 5461/2821/5258
f 5462/2822/5258 5463/2823/5258 5460/2820/5258
f 5464/2824/5258 5463/2823/5258 5462/2822/5258
f 5464/2824/5258 5465/2825/5258 5463/2823/5258
f 5466/2826/5258 5465/2825/5258 5464/2824/5258
f 5466/2826/5258 5467/2827/5258 5465/2825/5258
f 5468/2828/5258 5467/2827/5258 5466/2826/5258
f 5468/2828/5258 5469/2829/5258 5467/2827/5258
f 5468/2828/5258 5470/2830/5258 5469/2829/5258
f 5471/2831/5258 5470/2830/5258 5468/2828/5258
f 5471/2831/5258 5472/2832/5258 5470/2830/5258
f 5471/2831/5258 5473/2833/5258 5472/2832/5258
f 5471/2831/5258 5474/2834/5258 5473/2833/5258
s 0
f 5475/2835/5259 5474/2835/5259 5471/2835/5259
f 5476/2835/5258 5474/2835/5258 5475/2835/5258
f 5477/2835/5258 5474/2835/5258 5476/2835/5258
f 5478/2835/5258 5474/2835/5258 5477/2835/5258
f 5479/2835/5258 5474/2835/5258 5478/2835/5258
f 5480/2835/5258 5474/2835/5258 5479/2835/5258
f 5481/2835/5258 5474/2835/5258 5480/2835/5258
f 5482/2835/5258 5474/2835/5258 5481/2835/5258
f 5483/2835/5258 5474/2835/5258 5482/2835/5258
f 5484/2835/5258 5474/2835/5258 5483/2835/5258
f 5485/2835/5258 5474/2835/5258 5484/2835/5258
s 1
f 5486/2836/5259 5487/2837/5259 5488/2838/5259
f 5486/2836/5259 5489/2839/5259 5487/2837/5259
f 5486/2836/5259 5490/2840/5259 5489/2839/5259
f 5486/2836/5259 5491/2841/5259 5490/2840/5259
f 5486/2836/5259 5492/2842/5259 5491/2841/5259
f 5493/2843/5259 5494/2844/5259 5495/2845/5259
f 5493/2843/5259 5496/2846/5259 5494/2844/5259
f 5493/2843/5259 5497/2847/5259 5496/2846/5259
f 5486/2836/5259 5498/2848/5259 5492/2842/5259
f 5499/2849/5259 5498/2848/5259 5486/2836/5259
f 5493/2843/5259 5500/2850/5259 5497/2847/5259
f 5499/2849/5259 5501/2851/5259 5498/2848/5259
f 5493/2843/5259 5502/2852/5259 5500/2850/5259
f 5499/2849/5259 5503/2853/5259 5501/2851/5259
f 5493/2843/5259 5504/2854/5259 5502/2852/5259
f 5505/2855/5259 5503/2853/5259 5499/2849/5259
f 5505/2855/5259 5506/2856/5259 5503/2853/5259
f 5493/2843/5259 5507/2857/5259 5504/2854/5259
f 5505/2855/5259 5508/2858/5259 5506/2856/5259
f 5509/2859/5259 5508/2858/5259 5505/2855/5259
f 5509/2859/5259 5510/2860/5259 5508/2858/5259
f 5493/2843/5259 5511/2861/5259 5507/2857/5259
f 5509/2859/5259 5512/2862/5259 5510/2860/5259
f 5513/2863/5259 5512/2862/5259 5509/2859/5259
f 5513/2863/5259 5514/2864/5259 5512/2862/5259
f 5513/2863/5259 5515/2865/5259 5514/2864/5259
f 5513/2863/5259 5516/2866/5259 5515/2865/5259
f 5513/2863/5259 5517/2867/5259 5516/2866/5259
f 5513/2863/5259 5518/2868/5259 5517/2867/5259
f 5513/2863/5259 5519/2869/5259 5518/2868/5259
f 5513/2863/5259 5520/2870/5259 5519/2869/5259
f 5513/2863/5259 5521/2871/5259 5520/2870/5259
f 5513/2863/5259 5522/2872/5259 5521/2871/5259
f 5513/2863/5259 5523/2873/5259 5522/2872/5259
f 5513/2863/5259 5524/2874/5259 5523/2873/5259
f 5513/2863/5259 5493/2843/5259 5524/2874/5259
f 5513/2863/5259 5511/2861/5259 5493/2843/5259
f 5513/2863/5259 5525/2875/5259 5511/2861/5259
f 5526/2876/5259 5525/2875/5259 5513/2863/5259
f 5526/2876/5259 5527/2877/5259 5525/2875/5259
f 5528/2878/5259 5527/2877/5259 5526/2876/5259
f 5529/2879/5259 5527/2877/5259 5528/2878/5259
f 5529/2879/5259 5530/2880/5259 5527/2877/5259
f 5531/2881/5259 5530/2880/5259 5529/2879/5259
f 5532/2882/5259 5530/2880/5259 5531/2881/5259
f 5532/2882/5259 5533/2883/5259 5530/2880/5259
f 5534/2884/5259 5533/2883/5259 5532/2882/5259
f 5535/2885/5259 5533/2883/5259 5534/2884/5259
f 5536/2886/5259 5537/2887/5259 5538/2888/5259
f 5539/2889/5259 5540/2890/5259 5541/2891/5259
f 5542/2892/5259 5540/2890/5259 5539/2889/5259
f 5536/2886/5259 5543/2893/5259 5537/2887/5259
f 5544/2894/5259 5543/2893/5259 5536/2886/5259
f 5542/2892/5259 5545/2895/5259 5540/2890/5259
f 5546/2896/5259 5545/2895/5259 5542/2892/5259
f 5544/2894/5259 5547/2897/5259 5543/2893/5259
f 5548/2898/5259 5547/2897/5259 5544/2894/5259
f 5546/2896/5259 5549/2899/5259 5545/2895/5259
f 5550/2900/5259 5547/2897/5259 5548/2898/5259
f 5551/2901/5259 5549/2899/5259 5546/2896/5259
f 5550/2900/5259 5552/2902/5259 5547/2897/5259
f 5551/2901/5259 5553/2903/5259 5549/2899/5259
f 5554/2904/5259 5552/2902/5259 5550/2900/5259
f 5551/2901/5259 5555/2905/5259 5553/2903/5259
f 5554/2904/5259 5556/2906/5259 5552/2902/5259
f 5557/2907/5259 5555/2905/5259 5551/2901/5259
f 5558/2908/5259 5556/2906/5259 5554/2904/5259
f 5557/2907/5259 5559/2909/5259 5555/2905/5259
f 5560/2910/5259 5556/2906/5259 5558/2908/5259
f 5557/2907/5259 5561/2911/5259 5559/2909/5259
f 5533/2883/5259 5556/2906/5259 5560/2910/5259
f 5533/2883/5259 5562/2912/5259 5556/2906/5259
f 5563/2913/5259 5561/2911/5259 5557/2907/5259
f 5563/2913/5259 5535/2885/5259 5561/2911/5259
f 5535/2885/5259 5562/2912/5259 5533/2883/5259
f 5563/2913/5259 5562/2912/5259 5535/2885/5259
f 5563/2913/5259 5564/2914/5259 5562/2912/5259
f 5565/2915/5259 5564/2914/5259 5563/2913/5259
f 5565/2915/5259 5566/2916/5259 5564/2914/5259
f 5567/2917/5259 5566/2916/5259 5565/2915/5259
f 5567/2917/5259 5568/2918/5259 5566/2916/5259
f 5569/2919/5259 5568/2918/5259 5567/2917/5259
f 5569/2919/5259 5570/2920/5259 5568/2918/5259
f 5571/2921/5259 5570/2920/5259 5569/2919/5259
f 5571/2921/5259 5572/2922/5259 5570/2920/5259
f 5573/2923/5259 5572/2922/5259 5571/2921/5259
f 5573/2923/5259 5574/2924/5259 5572/2922/5259
f 5575/2925/5259 5574/2924/5259 5573/2923/5259
f 5575/2925/5259 5576/2926/5259 5574/2924/5259
f 5577/2927/5259 5576/2926/5259 5575/2925/5259
f 5577/2927/5259 5578/2928/5259 5576/2926/5259
f 5579/2929/5259 5578/2928/5259 5577/2927/5259
f 5579/2929/5259 5580/2930/5259 5578/2928/5259
f 5581/2931/5259 5580/2930/5259 5579/2929/5259
f 5581/2931/5259 5582/2932/5259 5580/2930/5259
f 5583/2933/5259 5582/2932/5259 5581/2931/5259
f 5584/2934/5259 5585/2935/5259 5586/2936/5259
f 5583/2933/5259 5587/2937/5259 5582/2932/5259
f 5588/2938/5259 5587/2937/5259 5583/2933/5259
f 5589/2939/5259 5590/2940/5259 5591/2941/5259
f 5588/2938/5259 5592/2942/5259 5587/2937/5259
f 5593/2943/5259 5592/2942/5259 5588/2938/5259
f 5584/2934/5259 5594/2725/5259 5585/2935/5259
f 5595/2944/5259 5590/2940/5259 5589/2939/5259
f 5593/2943/5259 5596/2945/5259 5592/2942/5259
f 5597/2946/5259 5596/2945/5259 5593/2943/5259
f 5597/2946/5259 5598/2947/5259 5596/2945/5259
f 5599/2948/5259 5598/2947/5259 5597/2946/5259
f 5600/2949/5259 5594/2725/5259 5584/2934/5259
f 5595/2944/5259 5601/2950/5259 5590/2940/5259
f 5599/2948/5259 5602/2951/5259 5598/2947/5259
f 5603/2952/5259 5602/2951/5259 5599/2948/5259
f 5603/2952/5259 5604/2953/5259 5602/2951/5259
f 5605/2954/5259 5604/2953/5259 5603/2952/5259
f 5606/2955/5259 5594/2725/5259 5600/2949/5259
f 5595/2944/5259 5607/2956/5259 5601/2950/5259
f 5605/2954/5259 5608/2957/5259 5604/2953/5259
f 5609/2958/5259 5608/2957/5259 5605/2954/5259
f 5610/2959/5259 5594/2725/5259 5606/2955/5259
f 5609/2958/5259 5610/2959/5259 5608/2957/5259
f 5595/2944/5259 5611/2960/5259 5607/2956/5259
f 5611/2960/5259 5610/2959/5259 5609/2958/5259
f 5611/2960/5259 5594/2725/5259 5610/2959/5259
f 5595/2944/5259 5594/2725/5259 5611/2960/5259
f 5595/2944/5259 5612/2961/5259 5594/2725/5259
f 5613/2962/5259 5612/2961/5259 5595/2944/5259
f 5613/2962/5259 5614/2963/5259 5612/2961/5259
f 5615/2964/5259 5614/2963/5259 5613/2962/5259
f 5615/2964/5259 5616/2965/5259 5614/2963/5259
f 5617/2966/5259 5616/2965/5259 5615/2964/5259
f 5617/2966/5259 5618/2967/5259 5616/2965/5259
f 5619/2968/5259 5618/2967/5259 5617/2966/5259
f 5619/2968/5259 5620/2969/5259 5618/2967/5259
f 5621/2970/5259 5620/2969/5259 5619/2968/5259
f 5621/2970/5259 5622/2971/5259 5620/2969/5259
f 5623/2972/5259 5622/2971/5259 5621/2970/5259
f 5623/2972/5259 5624/2973/5259 5622/2971/5259
f 5625/2974/5259 5624/2973/5259 5623/2972/5259
f 5625/2974/5259 5626/2975/5259 5624/2973/5259
f 5627/2976/5259 5626/2975/5259 5625/2974/5259
f 5627/2976/5259 5628/2977/5259 5626/2975/5259
f 5629/2978/5259 5628/2977/5259 5627/2976/5259
f 5629/2978/5259 5630/2979/5259 5628/2977/5259
f 5631/2980/5259 5630/2979/5259 5629/2978/5259
f 5631/2980/5259 5632/2981/5259 5630/2979/5259
f 5633/2982/5259 5632/2981/5259 5631/2980/5259
f 5633/2982/5259 5634/2983/5259 5632/2981/5259
f 5635/2984/5259 5634/2983/5259 5633/2982/5259
f 5635/2984/5259 5636/2985/5259 5634/2983/5259
f 5637/2986/5259 5636/2985/5259 5635/2984/5259
f 5637/2986/5259 5638/2987/5259 5636/2985/5259
f 5639/2988/5259 5638/2987/5259 5637/2986/5259
f 5639/2988/5259 5640/2989/5259 5638/2987/5259
f 5641/2990/5259 5640/2989/5259 5639/2988/5259
f 5641/2990/5259 5642/2991/5259 5640/2989/5259
f 5643/2992/5259 5642/2991/5259 5641/2990/5259
f 5643/2992/5259 5644/2993/5259 5642/2991/5259
f 5645/2994/5259 5644/2993/5259 5643/2992/5259
f 5645/2994/5259 5646/2995/5259 5644/2993/5259
f 5647/2996/5259 5646/2995/5259 5645/2994/5259
f 5647/2996/5259 5648/2997/5259 5646/2995/5259
f 5649/2998/5259 5648/2997/5259 5647/2996/5259
f 5649/2998/5259 5650/2999/5259 5648/2997/5259
f 5651/3000/5259 5650/2999/5259 5649/2998/5259
f 5651/3000/5259 5652/3001/5259 5650/2999/5259
f 5653/3002/5259 5652/3001/5259 5651/3000/5259
f 5653/3002/5259 5654/3003/5259 5652/3001/5259
f 5655/3004/5259 5654/3003/5259 5653/3002/5259
f 5655/3004/5259 5656/3005/5259 5654/3003/5259
f 5657/3006/5259 5656/3005/5259 5655/3004/5259
f 5657/3006/5259 5658/3007/5259 5656/3005/5259
f 5659/3008/5259 5658/3007/5259 5657/3006/5259
f 5659/3008/5259 5660/3009/5259 5658/3007/5259
f 5661/3010/5259 5660/3009/5259 5659/3008/5259
f 5661/3010/5259 5662/3011/5259 5660/3009/5259
f 5663/3012/5259 5662/3011/5259 5661/3010/5259
f 5663/3012/5259 5664/3013/5259 5662/3011/5259
f 5665/3014/5259 5664/3013/5259 5663/3012/5259
f 5665/3014/5259 5666/3015/5259 5664/3013/5259
f 5667/3016/5259 5666/3015/5259 5665/3014/5259
f 5667/3016/5259 5668/3017/5259 5666/3015/5259
f 5669/3018/5259 5668/3017/5259 5667/3016/5259
f 5669/3018/5259 5670/3019/5259 5668/3017/5259
f 5671/3020/5259 5670/3019/5259 5669/3018/5259
f 5671/3020/5259 5672/3021/5259 5670/3019/5259
f 5673/3022/5259 5672/3021/5259 5671/3020/5259
f 5673/3022/5259 5674/3023/5259 5672/3021/5259
f 5675/3024/5259 5674/3023/5259 5673/3022/5259
f 5675/3024/5259 5676/3025/5259 5674/3023/5259
f 5677/3026/5259 5676/3025/5259 5675/3024/5259
f 5677/3026/5259 5678/3027/5259 5676/3025/5259
f 5679/3028/5259 5678/3027/5259 5677/3026/5259
f 5679/3028/5259 5680/3029/5259 5678/3027/5259
f 5681/3030/5259 5680/3029/5259 5679/3028/5259
f 5681/3030/5259 5682/3031/5259 5680/3029/5259
f 5681/3030/5259 5683/3032/5259 5682/3031/5259
f 5684/3033/5259 5683/3032/5259 5681/3030/5259
f 5684/3033/5259 5685/3034/5259 5683/3032/5259
f 5684/3033/5259 5686/3035/5259 5685/3034/5259
f 5687/3036/5259 5686/3035/5259 5684/3033/5259
f 5687/3036/5259 5688/3037/5259 5686/3035/5259
f 5689/3038/5259 5688/3037/5259 5687/3036/5259
f 5689/3038/5259 5690/3039/5259 5688/3037/5259
f 5689/3038/5259 5691/3040/5259 5690/3039/5259
f 5692/3041/5259 5691/3040/5259 5689/3038/5259
f 5692/3041/5259 5693/3042/5259 5691/3040/5259
f 5694/3043/5259 5693/3042/5259 5692/3041/5259
f 5694/3043/5259 5695/3044/5259 5693/3042/5259
f 5696/3045/5259 5695/3044/5259 5694/3043/5259
f 5696/3045/5259 5697/3046/5259 5695/3044/5259
f 5698/3047/5259 5697/3046/5259 5696/3045/5259
f 5699/3048/5259 5697/3046/5259 5698/3047/5259
f 5699/3048/5259 5700/3049/5259 5697/3046/5259
f 5701/3050/5259 5700/3049/5259 5699/3048/5259
f 5702/3051/5259 5700/3049/5259 5701/3050/5259
f 5703/3052/5259 5700/3049/5259 5702/3051/5259
s 0
f 5703/2835/5258 5704/2835/5258 5700/2835/5258
f 5703/2835/5258 5705/2835/5258 5704/2835/5258
f 5703/2835/5258 5706/2835/5258 5705/2835/5258
f 5703/2835/5258 5707/2835/5258 5706/2835/5258
f 5703/2835/5258 5708/2835/5258 5707/2835/5258
f 5703/2835/5259 5709/2835/5259 5708/2835/5259
f 5703/2835/5258 5710/2835/5258 5709/2835/5258
f 5703/2835/5258 5711/2835/5258 5710/2835/5258
f 5703/2835/5259 5712/2835/5259 5711/2835/5259
f 5703/2835/5258 5713/2835/5258 5712/2835/5258
f 5703/2835/5258 5714/2835/5258 5713/2835/5258
s 1
f 5715/3053/5260 5716/3054/5261 5717/3055/5261 5718/3056/5260
f 5716/3054/5261 5719/3057/5262 5720/3058/5262 5717/3055/5261
f 5719/3057/5262 5721/3059/5263 5722/3060/5263 5720/3058/5262
f 5721/3059/5263 5723/3061/5264 5724/3062/5264 5722/3060/5263
f 5723/3061/5264 5725/3063/5265 5726/3064/5265 5724/3062/5264
f 5725/3063/5265 5727/3065/5266 5728/3066/5266 5726/3064/5265
f 5727/3065/5266 5729/3067/5267 5730/3068/5267 5728/3066/5266
f 5729/3067/5267 5731/3069/5268 5732/3070/5268 5730/3068/5267
f 5731/3069/5268 5733/3071/5269 5734/3072/5269 5732/3070/5268
f 5733/3071/5269 5735/3073/5270 5736/3074/5270 5734/3072/5269
f 5735/3073/5270 5737/3075/5271 5738/3076/5271 5736/3074/5270
f 5737/3077/5271 5739/3078/5272 5740/3079/5272 5738/3080/5271
f 5739/3078/5272 5741/3081/5272 5742/3082/5272 5740/3079/5272
f 5741/3081/5272 5743/3083/5272 5744/3084/5272 5742/3082/5272
f 5743/3083/5272 5745/3085/5272 5746/3086/5272 5744/3084/5272
f 5745/3085/5272 5747/3087/5272 5748/3088/5272 5746/3086/5272
f 5747/3087/5272 5749/3089/5272 5750/3090/5272 5748/3088/5272
f 5749/3089/5272 5751/3091/5272 5752/3092/5272 5750/3090/5272
f 5751/3091/5272 5753/3093/5272 5754/3094/5272 5752/3092/5272
f 5753/3093/5272 5755/3095/5272 5756/3096/5272 5754/3094/5272
f 5755/3095/5272 5757/3097/5272 5758/3098/5272 5756/3096/5272
f 5757/3097/5272 5759/3099/5272 5760/3100/5272 5758/3098/5272
f 5759/3099/5272 5761/3101/5273 5762/3102/5273 5760/3100/5272
f 5761/3103/5273 5763/3104/5274 5764/3105/5274 5762/3106/5273
f 5763/3104/5274 5765/3107/5275 5766/3108/5275 5764/3105/5274
f 5765/3107/5275 5767/3109/5276 5768/3110/5276 5766/3108/5275
f 5767/3109/5276 5769/3111/5277 5770/3112/5277 5768/3110/5276
f 5769/3111/5277 5771/3113/5278 5772/3114/5278 5770/3112/5277
f 5771/3113/5278 5773/3115/5279 5774/3116/5279 5772/3114/5278
f 5773/3115/5279 5775/3117/5280 5776/3118/5280 5774/3116/5279
f 5775/3117/5280 5777/3119/5281 5778/3120/5281 5776/3118/5280
f 5777/3119/5281 5779/3121/5282 5780/3122/5282 5778/3120/5281
f 5779/3121/5282 5781/3123/5283 5782/3124/5283 5780/3122/5282
f 5781/3123/5283 5783/3125/5284 5784/3126/5284 5782/3124/5283
f 5783/3125/5284 5785/3127/5285 5786/3128/5285 5784/3126/5284
f 5785/3129/5285 5787/3130/5286 5788/3131/5286 5786/3132/5285
f 5787/3130/5286 5789/3133/5287 5790/3134/5287 5788/3131/5286
f 5789/3133/5287 5791/3135/5288 5792/3136/5288 5790/3134/5287
f 5791/3135/5288 5793/3137/5289 5794/3138/5289 5792/3136/5288
f 5793/3137/5289 5795/3139/5290 5796/3140/5290 5794/3138/5289
f 5795/3139/5290 5797/3141/5291 5798/3142/5291 5796/3140/5290
f 5797/3141/5291 5799/3143/5292 5800/3144/5292 5798/3142/5291
f 5799/3143/5292 5801/3145/5293 5802/3146/5293 5800/3144/5292
f 5801/3145/5293 5803/3147/5294 5804/3148/5294 5802/3146/5293
f 5803/3149/5294 5805/3150/5295 5806/3151/5295 5804/3152/5294
f 5805/3150/5295 5807/3153/5296 5808/3154/5296 5806/3151/5295
f 5807/3153/5296 5809/3155/5297 5810/3156/5297 5808/3154/5296
f 5809/3157/5297 5811/3158/5298 5812/3159/5298 5810/3160/5297
f 5811/3161/5298 5813/3162/5299 5814/3163/5299 5812/3164/5298
f 5813/3162/5299 5815/3165/5300 5816/3166/5300 5814/3163/5299
f 5815/3165/5300 5817/3167/5301 5818/3168/5301 5816/3166/5300
f 5817/3167/5301 5819/3169/5302 5820/3170/5302 5818/3168/5301
f 5819/3169/5302 5821/3171/5303 5822/3172/5303 5820/3170/5302
f 5821/3171/5303 5823/3173/5304 5824/3174/5304 5822/3172/5303
f 5823/3173/5304 5825/3175/5305 5826/3176/5305 5824/3174/5304
f 5825/3175/5305 5827/3177/5306 5828/3178/5306 5826/3176/5305
f 5827/3177/5306 5829/3179/5307 5830/3180/5307 5828/3178/5306
f 5829/3179/5307 5831/3181/5308 5832/3182/5308 5830/3180/5307
f 5831/3181/5308 5833/3183/5309 5834/3184/5309 5832/3182/5308
f 5833/3185/5309 5835/3186/5310 5836/3187/5310 5834/3188/5309
f 5835/3186/5310 5837/3189/5311 5838/3190/5311 5836/3187/5310
f 5837/3189/5311 5839/3191/5312 5840/3192/5312 5838/3190/5311
f 5839/3191/5312 5841/3193/5313 5842/3194/5313 5840/3192/5312
f 5841/3193/5313 5843/3195/5314 5844/3196/5314 5842/3194/5313
f 5843/3195/5314 5845/3197/5315 5846/3198/5315 5844/3196/5314
f 5845/3197/5315 5847/3199/5316 5848/3200/5316 5846/3198/5315
f 5847/3199/5316 5849/3201/5317 5850/3202/5317 5848/3200/5316
f 5849/3201/5317 5851/3203/5318 5852/3204/5318 5850/3202/5317
f 5851/3205/5318 5853/3206/5319 5854/3207/5319 5852/3208/5318
f 5853/3206/5319 5855/3209/5320 5856/3210/5320 5854/3207/5319
f 5855/3211/5320 5857/3212/5321 5858/3213/5321 5856/3214/5320
f 5857/3212/5321 5859/3215/5322 5860/3216/5322 5858/3213/5321
f 5859/3215/5322 5861/3217/5323 5862/3218/5323 5860/3216/5322
f 5861/3217/5323 5863/3219/5324 5864/3220/5324 5862/3218/5323
f 5863/3219/5324 5865/3221/5325 5866/3222/5325 5864/3220/5324
f 5865/3221/5325 5867/3223/5326 5868/3224/5326 5866/3222/5325
f 5867/3223/5326 5869/3225/5327 5870/3226/5327 5868/3224/5326
f 5869/3225/5327 5871/3227/5328 5872/3228/5328 5870/3226/5327
f 5871/3227/5328 5873/3229/5329 5874/3230/5329 5872/3228/5328
f 5873/3229/5329 5875/3231/5330 5876/3232/5330 5874/3230/5329
f 5875/3231/5330 5877/3233/5331 5878/3234/5331 5876/3232/5330
f 5877/3233/5331 5879/3235/5332 5880/3236/5332 5878/3234/5331
f 5879/3235/5332 5881/3237/5333 5882/3238/5333 5880/3236/5332
f 5881/3239/5333 5883/3240/5334 5884/3241/5334 5882/3242/5333
f 5883/3240/5334 5885/3243/5335 5886/3244/5335 5884/3241/5334
f 5885/3243/5335 5887/3245/5336 5888/3246/5336 5886/3244/5335
f 5887/3245/5336 5889/3247/5337 5890/3248/5337 5888/3246/5336
f 5889/3247/5337 5891/3249/5338 5892/3250/5338 5890/3248/5337
f 5891/3249/5338 5893/3251/5339 5894/3252/5339 5892/3250/5338
f 5893/3251/5339 5895/3253/5340 5896/3254/5340 5894/3252/5339
f 5895/3253/5340 5897/3184/5341 5898/3183/5341 5896/3254/5340
f 5897/3255/5341 5899/3256/5342 5900/3257/5342 5898/3258/5341
f 5899/3256/5342 5901/3259/5343 5902/3260/5343 5900/3257/5342
f 5901/3259/5343 5903/3261/5344 5904/3262/5344 5902/3260/5343
f 5903/3261/5344 5905/3263/5345 5906/3264/5345 5904/3262/5344
f 5905/3263/5345 5907/3265/5346 5908/3266/5346 5906/3264/5345
f 5907/3265/5346 5909/3267/5347 5910/3268/5347 5908/3266/5346
f 5909/3269/5347 5911/3270/5348 5912/3271/5348 5910/3272/5347
f 5911/3270/5348 5913/3273/5349 5914/3274/5349 5912/3271/5348
f 5913/3273/5349 5915/3275/5350 5916/3276/5350 5914/3274/5349
f 5915/3275/5350 5917/3277/5351 5918/3278/5351 5916/3276/5350
f 5917/3277/5351 5919/3279/5352 5920/3280/5352 5918/3278/5351
f 5919/3279/5352 5921/3281/5353 5922/3282/5353 5920/3280/5352
f 5921/3281/5353 5923/3283/5354 5924/3284/5354 5922/3282/5353
f 5923/3283/5354 5925/3285/5355 5926/3286/5355 5924/3284/5354
f 5925/3285/5355 5927/3287/5356 5928/3288/5356 5926/3286/5355
f 5927/3287/5356 5929/3211/5357 5930/3214/5357 5928/3288/5356
f 5929/3238/5357 5931/3289/5358 5932/3290/5358 5930/3291/5357
f 5931/3289/5358 5933/3292/5359 5934/3293/5359 5932/3290/5358
f 5933/3292/5359 5935/3294/5360 5936/3295/5360 5934/3293/5359
f 5935/3294/5360 5937/3296/5361 5938/3297/5361 5936/3295/5360
f 5937/3296/5361 5939/3298/5362 5940/3299/5362 5938/3297/5361
f 5939/3298/5362 5941/3300/5363 5942/3301/5364 5940/3299/5362
f 5941/3300/5363 5943/3302/5365 5944/3303/5365 5942/3301/5364
f 5943/3302/5365 5945/3304/5366 5946/3305/5366 5944/3303/5365
f 5945/3304/5366 5947/3306/5367 5948/3307/5367 5946/3305/5366
f 5947/3306/5367 5949/3308/5368 5950/3309/5368 5948/3307/5367
f 5949/3308/5368 5951/3310/5369 5952/3311/5369 5950/3309/5368
f 5951/3310/5369 5953/3312/5370 5954/3313/5371 5952/3311/5369
f 5953/3314/5370 5955/3315/5372 5956/3316/5373 5954/3317/5371
f 5955/3315/5372 5957/3318/5374 5958/3319/5374 5956/3316/5373
f 5957/3318/5374 5959/3320/5375 5960/3321/5375 5958/3319/5374
f 5959/3320/5375 5961/3322/5376 5962/3323/5377 5960/3321/5375
f 5961/3322/5376 5963/3324/5378 5964/3325/5379 5962/3323/5377
f 5963/3324/5378 5965/3326/5380 5966/3327/5381 5964/3325/5379
f 5965/3326/5380 5967/3328/5382 5968/3329/5382 5966/3327/5381
f 5967/3328/5382 5969/3330/5383 5970/3331/5384 5968/3329/5382
f 5969/3330/5383 5971/3332/5385 5972/3333/5386 5970/3331/5384
f 5971/3332/5385 5973/3334/5387 5974/3335/5387 5972/3333/5386
f 5973/3334/5387 5975/3336/5388 5976/3337/5388 5974/3335/5387
f 5975/3336/5388 5977/3338/5389 5978/3339/5390 5976/3337/5388
f 5977/3338/5389 5979/3313/5391 5980/3340/5392 5978/3339/5390
f 5979/3341/5391 5981/3342/5393 5982/3343/5393 5980/3344/5392
f 5981/3342/5393 5983/3345/5394 5984/3346/5394 5982/3343/5393
f 5983/3345/5394 5985/3347/5395 5986/3348/5395 5984/3346/5394
f 5985/3347/5395 5987/3349/5396 5988/3350/5396 5986/3348/5395
f 5987/3349/5396 5989/3351/5397 5990/3352/5397 5988/3350/5396
f 5989/3351/5397 5991/3353/5398 5992/3354/5398 5990/3352/5397
f 5991/3353/5398 5993/3355/5399 5994/3356/5399 5992/3354/5398
f 5993/3355/5399 5995/3357/5400 5996/3358/5400 5994/3356/5399
f 5995/3357/5400 5997/3359/5401 5998/3360/5401 5996/3358/5400
f 5997/3359/5401 5999/3361/5402 6000/3362/5402 5998/3360/5401
f 5999/3361/5402 6001/3363/5403 6002/3364/5403 6000/3362/5402
f 6001/3363/5403 6003/3148/5404 6004/3147/5404 6002/3364/5403
f 6003/3268/5404 6005/3365/5405 6006/3366/5405 6004/3367/5404
f 6005/3365/5405 6007/3368/5406 6008/3369/5406 6006/3366/5405
f 6007/3368/5406 6009/3370/5407 6010/3371/5407 6008/3369/5406
f 6009/3370/5407 6011/3372/5408 6012/3373/5408 6010/3371/5407
f 6011/3372/5408 6013/3374/5409 6014/3375/5409 6012/3373/5408
f 6013/3374/5409 6015/3376/5410 6016/3377/5410 6014/3375/5409
f 6015/3376/5410 6017/3378/5411 6018/3379/5411 6016/3377/5410
f 6017/3378/5411 6019/3380/5412 6020/3381/5412 6018/3379/5411
f 6019/3380/5412 6021/3382/5413 6022/3383/5413 6020/3381/5412
f 6021/3382/5413 6023/3384/5414 6024/3385/5414 6022/3383/5413
f 6023/3384/5414 6025/3386/5415 6026/3387/5415 6024/3385/5414
f 6025/3386/5415 6027/3102/5416 6028/3312/5416 6026/3387/5415
f 6027/3160/5416 6029/3388/5417 6030/3389/5417 6028/3157/5416
f 6029/3388/5417 6031/3390/5418 6032/3391/5418 6030/3389/5417
f 6031/3242/5418 6033/3392/5419 6034/3393/5419 6032/3239/5418
f 6033/3392/5419 6035/3394/5420 6036/3395/5420 6034/3393/5419
f 6035/3394/5420 6037/3396/5421 6038/3397/5421 6036/3395/5420
f 6037/3396/5421 6039/3398/5422 6040/3399/5422 6038/3397/5421
f 6039/3398/5422 6041/3400/5423 6042/3401/5423 6040/3399/5422
f 6041/3400/5423 6043/3402/5424 6044/3403/5424 6042/3401/5423
f 6043/3402/5424 6045/3404/5425 6046/3405/5425 6044/3403/5424
f 6045/3404/5425 6047/3406/5426 6048/3407/5426 6046/3405/5425
f 6047/3406/5426 6049/3408/5427 6050/3409/5427 6048/3407/5426
f 6049/3408/5427 6051/3269/5428 6052/3272/5428 6050/3409/5427
f 6051/3155/5428 6053/3410/5429 6054/3411/5429 6052/3156/5428
f 6053/3410/5429 6055/3412/5430 6056/3413/5430 6054/3411/5429
f 6055/3412/5430 6057/3414/5431 6058/3415/5431 6056/3413/5430
f 6057/3414/5431 6059/3416/5432 6060/3417/5432 6058/3415/5431
f 6059/3416/5432 6061/3418/5433 6062/3419/5433 6060/3417/5432
f 6061/3418/5433 6063/3420/5434 6064/3421/5434 6062/3419/5433
f 6063/3420/5434 6065/3422/5435 6066/3423/5435 6064/3421/5434
f 6065/3422/5435 6067/3424/5436 6068/3425/5436 6066/3423/5435
f 6067/3424/5436 6069/3426/5437 6070/3427/5437 6068/3425/5436
f 6069/3426/5437 6071/3428/5438 6072/3429/5438 6070/3427/5437
f 6071/3428/5438 6073/3430/5439 6074/3431/5439 6072/3429/5438
f 6073/3430/5439 6075/3432/5440 6076/3433/5440 6074/3431/5439
f 6075/3434/5440 6077/3435/5441 6078/3436/5441 6076/3205/5440
f 6077/3435/5441 6079/3437/5442 6080/3438/5442 6078/3436/5441
f 6079/3437/5442 6081/3439/5443 6082/3440/5443 6080/3438/5442
f 6081/3439/5443 6083/3441/5444 6084/3442/5444 6082/3440/5443
f 6083/3441/5444 6085/3443/5445 6086/3444/5445 6084/3442/5444
f 6085/3443/5445 6087/3445/5446 6088/3446/5446 6086/3444/5445
f 6087/3445/5446 6089/3447/5447 6090/3448/5447 6088/3446/5446
f 6089/3447/5447 6091/3449/5448 6092/3450/5448 6090/3448/5447
f 6091/3449/5448 6093/3451/5449 6094/3452/5449 6092/3450/5448
f 6093/3451/5449 6095/3453/5450 6096/3454/5450 6094/3452/5449
f 6095/3453/5450 6097/3455/5451 6098/3456/5451 6096/3454/5450
f 6097/3455/5451 6099/3457/5452 6100/3458/5452 6098/3456/5451
f 6099/3457/5452 6101/3459/5453 6102/3460/5453 6100/3458/5452
f 6101/3459/5453 6103/3461/5454 6104/3132/5454 6102/3460/5453
f 6103/3462/5454 6105/3463/5455 6106/3464/5455 6104/3465/5454
f 6105/3463/5455 6107/3466/5456 6108/3467/5456 6106/3464/5455
f 6107/3466/5456 6109/3468/5457 6110/3469/5457 6108/3467/5456
f 6109/3468/5457 6111/3470/5458 6112/3471/5458 6110/3469/5457
f 6111/3470/5458 6113/3472/5459 6114/3473/5459 6112/3471/5458
f 6113/3472/5459 6115/3474/5460 6116/3475/5460 6114/3473/5459
f 6115/3474/5460 6117/3476/5461 6118/3477/5461 6116/3475/5460
f 6117/3476/5461 6119/3478/5462 6120/3479/5462 6118/3477/5461
f 6119/3478/5462 6121/3480/5463 6122/3481/5463 6120/3479/5462
f 6121/3480/5463 6123/3482/5464 6124/3314/5464 6122/3481/5463
f 6123/3483/5464 6125/3484/5465 6126/3485/5465 6124/3486/5464
f 6125/3484/5465 6127/3487/5466 6128/3488/5466 6126/3485/5465
f 6127/3487/5466 6129/3489/5467 6130/3490/5467 6128/3488/5466
f 6129/3489/5467 6131/3491/5468 6132/3492/5468 6130/3490/5467
f 6131/3491/5468 6133/3493/5469 6134/3494/5469 6132/3492/5468
f 6133/3493/5469 6135/3495/5470 6136/3496/5470 6134/3494/5469
f 6135/3495/5470 6137/3497/5471 6138/3498/5471 6136/3496/5470
f 6137/3497/5471 6139/3499/5472 6140/3500/5472 6138/3498/5471
f 6139/3499/5472 6141/3501/5473 6142/3502/5473 6140/3500/5472
f 6141/3501/5473 6143/3503/5474 6144/3504/5474 6142/3502/5473
f 6143/3503/5474 6145/3505/5475 6146/3506/5475 6144/3504/5474
f 6145/3505/5475 6147/3507/5476 6148/3508/5476 6146/3506/5475
f 6147/3507/5476 6149/3509/5477 6150/3510/5477 6148/3508/5476
f 6149/3509/5477 6151/3511/5478 6152/3188/5478 6150/3510/5477
f 6151/3465/5478 6153/3512/5479 6154/3513/5479 6152/3462/5478
f 6153/3512/5479 6155/3514/5480 6156/3515/5480 6154/3513/5479
f 6155/3514/5480 6157/3516/5481 6158/3517/5481 6156/3515/5480
f 6157/3516/5481 6159/3518/5482 6160/3519/5482 6158/3517/5481
f 6159/3518/5482 6161/3520/5483 6162/3521/5483 6160/3519/5482
f 6161/3520/5483 6163/3522/5484 6164/3523/5484 6162/3521/5483
f 6163/3522/5484 6165/3524/5485 6166/3525/5485 6164/3523/5484
f 6165/3524/5485 6167/3433/5486 6168/3432/5486 6166/3525/5485
f 6167/3526/5486 6169/3527/5487 6170/3528/5487 6168/3255/5486
f 6169/3527/5487 6171/3529/5488 6172/3530/5488 6170/3528/5487
f 6171/3531/5488 5715/3053/5260 5718/3056/5260 6172/3532/5488
