# Blender 5.2.1 LTS
# www.blender.org
mtllib palanquin3.mtl
o Palanquin
v 0.000000 0.032708 0.150302
v 0.000000 0.032708 -0.150302
v 0.000000 0.705344 0.150302
v 0.000000 0.705344 -0.150302
v 0.000000 0.735352 0.150302
v 0.000000 0.735352 -0.150302
v -0.176008 0.683401 -0.150302
v -0.176008 0.683401 0.150302
v -0.283936 0.689468 -0.000000
v 0.000000 0.720540 -0.150302
v 0.000000 0.720540 0.150302
v -0.158960 0.701889 -0.150302
v -0.158960 0.701889 0.150302
v -0.328905 0.667835 -0.000000
v -0.141913 0.719962 -0.000000
v -0.087948 0.698979 -0.150302
v -0.273171 0.664188 0.150302
v -0.283936 0.689468 -0.075151
v -0.070901 0.731015 -0.150302
v 0.000000 0.727996 -0.150302
v 0.000000 0.712988 0.150302
v -0.273172 0.664188 -0.150302
v -0.087948 0.698979 0.150302
v -0.283936 0.689468 0.075151
v -0.070901 0.731015 0.150302
v 0.000000 0.712988 -0.150302
v 0.000000 0.727996 0.150302
v -0.150957 0.705522 -0.150302
v -0.167484 0.692691 -0.150302
v -0.079425 0.715203 -0.150302
v -0.238496 0.684723 -0.150302
v -0.151477 0.705262 0.150302
v -0.167484 0.692691 0.150302
v -0.238496 0.684723 0.150302
v -0.079425 0.715203 0.150302
v -0.307759 0.678585 -0.000000
v -0.348597 0.657270 -0.000000
v -0.328905 0.667835 -0.075151
v -0.328905 0.667835 0.075151
v -0.141913 0.719962 0.075151
v -0.141913 0.719962 -0.075151
v -0.212924 0.705134 -0.000000
v -0.212924 0.705134 -0.075151
v -0.348597 0.657270 0.075151
v -0.348597 0.657270 -0.075151
v -0.307759 0.678585 -0.075151
v -0.083687 0.707141 0.150302
v -0.253700 0.674458 0.150302
v -0.227271 0.691576 0.150302
v -0.253700 0.674458 -0.150302
v -0.083687 0.707141 -0.150302
v -0.075163 0.723163 -0.150302
v -0.226750 0.691836 -0.150302
v -0.075163 0.723163 0.150302
v -0.307759 0.678585 0.075151
v -0.212924 0.705134 0.075151
v -0.291774 0.032708 -0.150302
v -0.199935 0.032708 -0.150302
v -0.103673 0.032708 -0.150302
v -0.103673 0.032708 0.150302
v -0.199935 0.032708 0.150302
v -0.291774 0.032708 0.150302
v 0.000000 0.537185 -0.150302
v 0.000000 0.369026 -0.150302
v 0.000000 0.200867 -0.150302
v 0.000000 0.537185 0.150302
v 0.000000 0.369026 0.150302
v 0.000000 0.200867 0.150302
v -0.320338 -0.000007 -0.075151
v -0.320338 -0.000007 0.000000
v -0.320338 -0.000007 0.075151
v 0.000000 -0.000007 0.075151
v 0.000000 -0.000007 0.000000
v 0.000000 -0.000007 -0.075151
v -0.244592 -0.000007 -0.075151
v -0.244592 -0.000007 0.000000
v -0.244592 -0.000007 0.075151
v -0.166423 -0.000007 -0.075151
v -0.166423 -0.000007 0.000000
v -0.166423 -0.000007 0.075151
v -0.082687 -0.000007 -0.075151
v -0.082687 -0.000007 0.000000
v -0.082687 -0.000007 0.075151
v -0.384228 0.186267 -0.075151
v -0.384228 0.339826 -0.075151
v -0.380983 0.493384 -0.075151
v -0.384228 0.186267 -0.000000
v -0.384228 0.339826 -0.000000
v -0.380983 0.493384 -0.000000
v -0.384228 0.186267 0.075151
v -0.384228 0.339826 0.075151
v -0.380983 0.493384 0.075151
v -0.295137 0.189917 0.150302
v -0.295132 0.347126 0.150302
v -0.291241 0.504334 0.150302
v -0.203754 0.193567 0.150302
v -0.203730 0.354426 0.150302
v -0.198637 0.515285 0.150302
v -0.109021 0.197217 0.150302
v -0.108949 0.361726 0.150302
v -0.100341 0.526235 0.150302
v -0.109021 0.197217 -0.150302
v -0.108949 0.361726 -0.150302
v -0.100341 0.526235 -0.150302
v -0.203754 0.193567 -0.150302
v -0.203730 0.354426 -0.150302
v -0.198637 0.515285 -0.150302
v -0.295137 0.189917 -0.150302
v -0.295132 0.347126 -0.150302
v -0.291242 0.504334 -0.150302
v -0.070901 0.810480 -0.000000
v -0.070901 0.810480 -0.075151
v -0.070901 0.810480 0.075151
v -0.141913 0.854158 -0.000000
v -0.131927 0.858977 -0.000000
v -0.131927 0.858977 0.075151
v -0.141913 0.854158 0.075151
v -0.131927 0.858977 -0.075151
v -0.141913 0.854158 -0.075151
v 0.176008 0.683401 -0.150302
v 0.176008 0.683401 0.150302
v 0.283936 0.689468 -0.000000
v 0.158960 0.701889 -0.150302
v 0.158960 0.701889 0.150302
v 0.328905 0.667835 -0.000000
v 0.141913 0.719962 -0.000000
v 0.087948 0.698979 -0.150302
v 0.273171 0.664188 0.150302
v 0.283936 0.689468 -0.075151
v 0.070901 0.731015 -0.150302
v 0.273172 0.664188 -0.150302
v 0.087948 0.698979 0.150302
v 0.283936 0.689468 0.075151
v 0.070901 0.731015 0.150302
v 0.150957 0.705522 -0.150302
v 0.167484 0.692691 -0.150302
v 0.079425 0.715203 -0.150302
v 0.238496 0.684723 -0.150302
v 0.151477 0.705262 0.150302
v 0.167484 0.692691 0.150302
v 0.238496 0.684723 0.150302
v 0.079425 0.715203 0.150302
v 0.307759 0.678585 -0.000000
v 0.348597 0.657270 -0.000000
v 0.328905 0.667835 -0.075151
v 0.328905 0.667835 0.075151
v 0.141913 0.719962 0.075151
v 0.141913 0.719962 -0.075151
v 0.212924 0.705134 -0.000000
v 0.212924 0.705134 -0.075151
v 0.348597 0.657270 0.075151
v 0.348597 0.657270 -0.075151
v 0.307759 0.678585 -0.075151
v 0.083687 0.707141 0.150302
v 0.253700 0.674458 0.150302
v 0.227271 0.691576 0.150302
v 0.253700 0.674458 -0.150302
v 0.083687 0.707141 -0.150302
v 0.075163 0.723163 -0.150302
v 0.226750 0.691836 -0.150302
v 0.075163 0.723163 0.150302
v 0.307759 0.678585 0.075151
v 0.212924 0.705134 0.075151
v 0.291774 0.032708 -0.150302
v 0.199935 0.032708 -0.150302
v 0.103673 0.032708 -0.150302
v 0.103673 0.032708 0.150302
v 0.199935 0.032708 0.150302
v 0.291774 0.032708 0.150302
v 0.320338 -0.000007 -0.075151
v 0.320338 -0.000007 0.000000
v 0.320338 -0.000007 0.075151
v 0.244592 -0.000007 -0.075151
v 0.244592 -0.000007 0.000000
v 0.244592 -0.000007 0.075151
v 0.166423 -0.000007 -0.075151
v 0.166423 -0.000007 0.000000
v 0.166423 -0.000007 0.075151
v 0.082687 -0.000007 -0.075151
v 0.082687 -0.000007 0.000000
v 0.082687 -0.000007 0.075151
v 0.384228 0.186267 -0.075151
v 0.384228 0.339826 -0.075151
v 0.380983 0.493384 -0.075151
v 0.384228 0.186267 -0.000000
v 0.384228 0.339826 -0.000000
v 0.380983 0.493384 -0.000000
v 0.384228 0.186267 0.075151
v 0.384228 0.339826 0.075151
v 0.380983 0.493384 0.075151
v 0.295137 0.189917 0.150302
v 0.295132 0.347126 0.150302
v 0.291241 0.504334 0.150302
v 0.203754 0.193567 0.150302
v 0.203730 0.354426 0.150302
v 0.198637 0.515285 0.150302
v 0.109021 0.197217 0.150302
v 0.108949 0.361726 0.150302
v 0.100341 0.526235 0.150302
v 0.109021 0.197217 -0.150302
v 0.108949 0.361726 -0.150302
v 0.100341 0.526235 -0.150302
v 0.203754 0.193567 -0.150302
v 0.203730 0.354426 -0.150302
v 0.198637 0.515285 -0.150302
v 0.295137 0.189917 -0.150302
v 0.295132 0.347126 -0.150302
v 0.291242 0.504334 -0.150302
v 0.070901 0.810480 -0.000000
v 0.070901 0.810480 -0.075151
v 0.070901 0.810480 0.075151
v 0.141913 0.854158 -0.000000
v 0.131927 0.858977 -0.000000
v 0.131927 0.858977 0.075151
v 0.141913 0.854158 0.075151
v 0.131927 0.858977 -0.075151
v 0.141913 0.854158 -0.075151
v 0.000000 0.865263 0.150302
v 0.000000 0.864889 -0.150302
v -0.006446 0.875773 -0.000000
v 0.006446 0.875773 -0.000000
v 0.006446 0.875773 0.075151
v -0.006446 0.875773 0.075151
v 0.006446 0.875773 -0.075151
v -0.006446 0.875773 -0.075151
v -0.381222 0.044012 0.138996
v -0.381222 0.044012 -0.138996
v -0.368578 0.635680 0.138996
v -0.354364 0.649360 0.150302
v -0.357662 0.652343 0.138996
v -0.368578 0.635680 -0.138996
v -0.357662 0.652343 -0.138996
v -0.354364 0.649360 -0.150302
v -0.283936 0.689468 0.138996
v -0.291488 0.682876 0.150302
v -0.281866 0.685216 -0.150302
v -0.283936 0.689468 -0.138996
v -0.357662 0.652343 -0.000000
v -0.368578 0.635680 -0.000000
v -0.141913 0.719962 -0.138996
v -0.132427 0.716890 -0.150302
v -0.131907 0.716890 0.150302
v -0.141913 0.719962 0.138996
v -0.312278 0.670938 0.150302
v -0.328905 0.667835 0.138996
v -0.308117 0.671718 -0.150302
v -0.328905 0.667835 -0.138996
v -0.368578 0.635680 -0.075151
v -0.357662 0.652343 -0.075151
v -0.223196 0.696581 0.150302
v -0.212924 0.705134 0.138996
v -0.307759 0.678585 0.138996
v -0.302490 0.676299 0.150302
v -0.348597 0.657270 -0.138996
v -0.331110 0.660438 -0.150302
v -0.368578 0.635680 0.075151
v -0.357662 0.652343 0.075151
v -0.223976 0.696061 -0.150302
v -0.212924 0.705134 -0.138996
v -0.348597 0.657270 0.138996
v -0.331110 0.660438 0.150302
v -0.307759 0.678585 -0.138996
v -0.294689 0.677860 -0.150302
v -0.381222 0.044012 0.075151
v -0.369112 0.026304 0.075151
v -0.381222 0.044012 -0.000000
v -0.371033 0.027340 -0.000000
v -0.369112 0.026304 -0.075151
v -0.381222 0.044012 -0.075151
v -0.384228 0.186267 -0.138996
v -0.372201 0.186759 -0.150302
v -0.384228 0.339826 -0.138996
v -0.371918 0.340834 -0.150302
v -0.368299 0.494932 -0.150302
v -0.380983 0.493384 -0.138996
v -0.372201 0.186759 0.150302
v -0.384228 0.186267 0.138996
v -0.371918 0.340834 0.150302
v -0.384228 0.339826 0.138996
v -0.380983 0.493384 0.138996
v -0.368299 0.494932 0.150302
v -0.070901 0.810480 -0.138996
v -0.070901 0.794453 -0.150302
v -0.070901 0.794453 0.150302
v -0.070901 0.810480 0.138996
v -0.134507 0.844720 -0.150302
v -0.141913 0.854158 -0.138996
v -0.130177 0.846954 -0.150302
v -0.131927 0.858977 -0.138996
v -0.130854 0.847006 0.150302
v -0.131927 0.858977 0.138996
v -0.135100 0.844813 0.150302
v -0.141913 0.854158 0.138996
v 0.381222 0.044012 0.138996
v 0.381222 0.044012 -0.138996
v 0.368578 0.635680 0.138996
v 0.357662 0.652343 0.138996
v 0.354364 0.649360 0.150302
v 0.368578 0.635680 -0.138996
v 0.354364 0.649360 -0.150302
v 0.357662 0.652343 -0.138996
v 0.291488 0.682876 0.150302
v 0.283936 0.689468 0.138996
v 0.281866 0.685216 -0.150302
v 0.283936 0.689468 -0.138996
v 0.368578 0.635680 -0.000000
v 0.357662 0.652343 -0.000000
v 0.132427 0.716890 -0.150302
v 0.141913 0.719962 -0.138996
v 0.141913 0.719962 0.138996
v 0.131907 0.716890 0.150302
v 0.328905 0.667835 0.138996
v 0.312278 0.670938 0.150302
v 0.328905 0.667835 -0.138996
v 0.308117 0.671718 -0.150302
v 0.357662 0.652343 -0.075151
v 0.368578 0.635680 -0.075151
v 0.212924 0.705134 0.138996
v 0.223196 0.696581 0.150302
v 0.302490 0.676299 0.150302
v 0.307759 0.678585 0.138996
v 0.331110 0.660438 -0.150302
v 0.348597 0.657270 -0.138996
v 0.357662 0.652343 0.075151
v 0.368578 0.635680 0.075151
v 0.212924 0.705134 -0.138996
v 0.223976 0.696061 -0.150302
v 0.331110 0.660438 0.150302
v 0.348597 0.657270 0.138996
v 0.294689 0.677860 -0.150302
v 0.307759 0.678585 -0.138996
v 0.369112 0.026304 0.075151
v 0.381222 0.044012 0.075151
v 0.371033 0.027340 -0.000000
v 0.381222 0.044012 -0.000000
v 0.381222 0.044012 -0.075151
v 0.369112 0.026304 -0.075151
v 0.372201 0.186759 -0.150302
v 0.384228 0.186267 -0.138996
v 0.371918 0.340834 -0.150302
v 0.384228 0.339826 -0.138996
v 0.380983 0.493384 -0.138996
v 0.368299 0.494932 -0.150302
v 0.384228 0.186267 0.138996
v 0.372201 0.186759 0.150302
v 0.384228 0.339826 0.138996
v 0.371918 0.340834 0.150302
v 0.368299 0.494932 0.150302
v 0.380983 0.493384 0.138996
v 0.070901 0.794453 -0.150302
v 0.070901 0.810480 -0.138996
v 0.070901 0.810480 0.138996
v 0.070901 0.794453 0.150302
v 0.134507 0.844720 -0.150302
v 0.141913 0.854158 -0.138996
v 0.130177 0.846954 -0.150302
v 0.131927 0.858977 -0.138996
v 0.130854 0.847006 0.150302
v 0.131927 0.858977 0.138996
v 0.135100 0.844813 0.150302
v 0.141913 0.854158 0.138996
v 0.005482 0.870587 0.150302
v 0.006446 0.875773 0.138996
v -0.006446 0.875773 0.138996
v -0.005482 0.870587 0.150302
v -0.005222 0.870848 -0.150302
v -0.006446 0.875773 -0.138996
v 0.006446 0.875773 -0.138996
v 0.005222 0.870848 -0.150302
v -0.317844 0.009871 0.150302
v -0.320338 -0.000007 0.140424
v -0.317844 0.009871 -0.150302
v -0.320338 -0.000007 -0.140424
v 0.000000 -0.000007 0.140424
v 0.000000 0.009871 0.150302
v 0.000000 0.009871 -0.150302
v 0.000000 -0.000007 -0.140424
v -0.082687 -0.000007 -0.140424
v -0.089024 0.009871 -0.150302
v -0.166423 -0.000007 -0.140424
v -0.176542 0.009871 -0.150302
v -0.258839 0.009871 -0.150302
v -0.244592 -0.000007 -0.140424
v -0.244592 -0.000007 0.140424
v -0.258839 0.009871 0.150302
v -0.166423 -0.000007 0.140424
v -0.176542 0.009871 0.150302
v -0.089024 0.009871 0.150302
v -0.082687 -0.000007 0.140424
v 0.317844 0.009871 0.150302
v 0.320338 -0.000007 0.140424
v 0.317844 0.009871 -0.150302
v 0.320338 -0.000007 -0.140424
v 0.089024 0.009871 -0.150302
v 0.082687 -0.000007 -0.140424
v 0.176542 0.009871 -0.150302
v 0.166423 -0.000007 -0.140424
v 0.244592 -0.000007 -0.140424
v 0.258839 0.009871 -0.150302
v 0.258839 0.009871 0.150302
v 0.244592 -0.000007 0.140424
v 0.176542 0.009871 0.150302
v 0.166423 -0.000007 0.140424
v 0.082687 -0.000007 0.140424
v 0.089024 0.009871 0.150302
v -0.369045 0.026268 0.140424
v -0.351015 0.027765 0.150302
v -0.369230 0.036139 0.150302
v -0.351015 0.027765 -0.150302
v -0.369045 0.026268 -0.140424
v -0.369230 0.036139 -0.150302
v 0.351015 0.027765 0.150302
v 0.369045 0.026268 0.140424
v 0.369230 0.036139 0.150302
v 0.369045 0.026268 -0.140424
v 0.351015 0.027765 -0.150302
v 0.369230 0.036139 -0.150302
v -0.000000 0.032708 0.140302
v -0.000000 0.032708 -0.140302
v 0.000000 0.705344 0.140302
v 0.000000 0.705344 -0.140302
v 0.000000 0.735352 0.140302
v 0.000000 0.735352 -0.140302
v -0.176008 0.683401 -0.140302
v -0.176008 0.683401 0.140302
v -0.280764 0.679985 -0.000000
v -0.000000 0.720540 -0.140302
v 0.000000 0.720540 0.140302
v -0.158960 0.701889 -0.140302
v -0.158960 0.701889 0.140302
v -0.324275 0.658971 -0.000000
v -0.134153 0.713655 -0.000000
v -0.087948 0.698979 -0.140302
v -0.273171 0.664188 0.140302
v -0.280764 0.679985 -0.075151
v -0.070901 0.731015 -0.140302
v -0.000000 0.727996 -0.140302
v 0.000000 0.712988 0.140302
v -0.273172 0.664188 -0.140302
v -0.087948 0.698979 0.140302
v -0.280764 0.679985 0.075151
v -0.070901 0.731015 0.140302
v -0.000000 0.712988 -0.140302
v -0.000000 0.727996 0.140302
v -0.150957 0.705522 -0.140302
v -0.167484 0.692691 -0.140302
v -0.079425 0.715203 -0.140302
v -0.238496 0.684723 -0.140302
v -0.151477 0.705262 0.140302
v -0.167484 0.692691 0.140302
v -0.238496 0.684723 0.140302
v -0.079425 0.715203 0.140302
v -0.303415 0.669578 -0.000000
v -0.343845 0.648471 -0.000000
v -0.324275 0.658971 -0.075151
v -0.324275 0.658971 0.075151
v -0.134153 0.713655 0.075151
v -0.134153 0.713655 -0.075151
v -0.210825 0.695357 -0.000000
v -0.210825 0.695357 -0.075151
v -0.343845 0.648471 0.075151
v -0.343845 0.648471 -0.075151
v -0.303415 0.669578 -0.075151
v -0.083687 0.707141 0.140302
v -0.253700 0.674458 0.140302
v -0.227271 0.691576 0.140302
v -0.253700 0.674458 -0.140302
v -0.083687 0.707141 -0.140302
v -0.075163 0.723163 -0.140302
v -0.226750 0.691836 -0.140302
v -0.075163 0.723163 0.140302
v -0.303415 0.669578 0.075151
v -0.210825 0.695357 0.075151
v -0.291774 0.032708 -0.140302
v -0.199935 0.032708 -0.140302
v -0.103673 0.032708 -0.140302
v -0.103673 0.032708 0.140302
v -0.199935 0.032708 0.140302
v -0.291774 0.032708 0.140302
v 0.000000 0.537185 -0.140302
v 0.000000 0.369026 -0.140302
v 0.000000 0.200867 -0.140302
v 0.000000 0.537185 0.140302
v 0.000000 0.369026 0.140302
v 0.000000 0.200867 0.140302
v -0.317890 0.009689 -0.075151
v -0.317890 0.009689 -0.000000
v -0.317890 0.009689 0.075151
v 0.000000 0.009993 0.075151
v 0.000000 0.009993 -0.000000
v 0.000000 0.009993 -0.075151
v -0.244592 0.009993 -0.075151
v -0.244592 0.009993 -0.000000
v -0.244592 0.009993 0.075151
v -0.166423 0.009993 -0.075151
v -0.166423 0.009993 -0.000000
v -0.166423 0.009993 0.075151
v -0.082687 0.009993 -0.075151
v -0.082687 0.009993 -0.000000
v -0.082687 0.009993 0.075151
v -0.374229 0.186373 -0.075151
v -0.374229 0.339720 -0.075151
v -0.370998 0.492844 -0.075151
v -0.374229 0.186373 -0.000000
v -0.374229 0.339720 -0.000000
v -0.370998 0.492844 -0.000000
v -0.374229 0.186373 0.075151
v -0.374229 0.339720 0.075151
v -0.370998 0.492844 0.075151
v -0.295137 0.189917 0.140302
v -0.295132 0.347126 0.140302
v -0.291241 0.504334 0.140302
v -0.203754 0.193567 0.140302
v -0.203730 0.354426 0.140302
v -0.198637 0.515285 0.140302
v -0.109021 0.197217 0.140302
v -0.108949 0.361726 0.140302
v -0.100341 0.526235 0.140302
v -0.109021 0.197217 -0.140302
v -0.108949 0.361726 -0.140302
v -0.100341 0.526235 -0.140302
v -0.203754 0.193567 -0.140302
v -0.203730 0.354426 -0.140302
v -0.198637 0.515285 -0.140302
v -0.295137 0.189917 -0.140302
v -0.295132 0.347126 -0.140302
v -0.291242 0.504334 -0.140302
v -0.070300 0.800498 -0.000000
v -0.070300 0.800498 -0.075151
v -0.070300 0.800498 0.075151
v -0.133444 0.848841 -0.000000
v -0.133034 0.849038 -0.000000
v -0.133034 0.849038 0.075151
v -0.133444 0.848841 0.075151
v -0.133034 0.849038 -0.075151
v -0.133444 0.848841 -0.075151
v 0.176008 0.683401 -0.140302
v 0.176008 0.683401 0.140302
v 0.280764 0.679985 -0.000000
v 0.158960 0.701889 -0.140302
v 0.158960 0.701889 0.140302
v 0.324275 0.658971 -0.000000
v 0.134153 0.713655 -0.000000
v 0.087948 0.698979 -0.140302
v 0.273171 0.664188 0.140302
v 0.280764 0.679985 -0.075151
v 0.070901 0.731015 -0.140302
v 0.273172 0.664188 -0.140302
v 0.087948 0.698979 0.140302
v 0.280764 0.679985 0.075151
v 0.070901 0.731015 0.140302
v 0.150957 0.705522 -0.140302
v 0.167484 0.692691 -0.140302
v 0.079425 0.715203 -0.140302
v 0.238496 0.684723 -0.140302
v 0.151477 0.705262 0.140302
v 0.167484 0.692691 0.140302
v 0.238496 0.684723 0.140302
v 0.079425 0.715203 0.140302
v 0.303415 0.669578 -0.000000
v 0.343845 0.648471 -0.000000
v 0.324275 0.658971 -0.075151
v 0.324275 0.658971 0.075151
v 0.134153 0.713655 0.075151
v 0.134153 0.713655 -0.075151
v 0.210825 0.695357 -0.000000
v 0.210825 0.695357 -0.075151
v 0.343845 0.648471 0.075151
v 0.343845 0.648471 -0.075151
v 0.303415 0.669578 -0.075151
v 0.083687 0.707141 0.140302
v 0.253700 0.674458 0.140302
v 0.227271 0.691576 0.140302
v 0.253700 0.674458 -0.140302
v 0.083687 0.707141 -0.140302
v 0.075163 0.723163 -0.140302
v 0.226750 0.691836 -0.140302
v 0.075163 0.723163 0.140302
v 0.303415 0.669578 0.075151
v 0.210825 0.695357 0.075151
v 0.291774 0.032708 -0.140302
v 0.199935 0.032708 -0.140302
v 0.103673 0.032708 -0.140302
v 0.103673 0.032708 0.140302
v 0.199935 0.032708 0.140302
v 0.291774 0.032708 0.140302
v 0.317890 0.009689 -0.075151
v 0.317890 0.009689 -0.000000
v 0.317890 0.009689 0.075151
v 0.244592 0.009993 -0.075151
v 0.244592 0.009993 -0.000000
v 0.244592 0.009993 0.075151
v 0.166423 0.009993 -0.075151
v 0.166423 0.009993 -0.000000
v 0.166423 0.009993 0.075151
v 0.082687 0.009993 -0.075151
v 0.082687 0.009993 -0.000000
v 0.082687 0.009993 0.075151
v 0.374229 0.186373 -0.075151
v 0.374229 0.339720 -0.075151
v 0.370998 0.492844 -0.075151
v 0.374229 0.186373 -0.000000
v 0.374229 0.339720 -0.000000
v 0.370998 0.492844 -0.000000
v 0.374229 0.186373 0.075151
v 0.374229 0.339720 0.075151
v 0.370998 0.492844 0.075151
v 0.295137 0.189917 0.140302
v 0.295132 0.347126 0.140302
v 0.291241 0.504334 0.140302
v 0.203754 0.193567 0.140302
v 0.203730 0.354426 0.140302
v 0.198637 0.515285 0.140302
v 0.109021 0.197217 0.140302
v 0.108949 0.361726 0.140302
v 0.100341 0.526235 0.140302
v 0.109021 0.197217 -0.140302
v 0.108949 0.361726 -0.140302
v 0.100341 0.526235 -0.140302
v 0.203754 0.193567 -0.140302
v 0.203730 0.354426 -0.140302
v 0.198637 0.515285 -0.140302
v 0.295137 0.189917 -0.140302
v 0.295132 0.347126 -0.140302
v 0.291242 0.504334 -0.140302
v 0.070300 0.800498 -0.000000
v 0.070300 0.800498 -0.075151
v 0.070300 0.800498 0.075151
v 0.133444 0.848841 -0.000000
v 0.133034 0.849038 -0.000000
v 0.133034 0.849038 0.075151
v 0.133444 0.848841 0.075151
v 0.133034 0.849038 -0.075151
v 0.133444 0.848841 -0.075151
v 0.000000 0.865263 0.140302
v 0.000000 0.864889 -0.140302
v -0.002589 0.866547 -0.000000
v 0.002589 0.866547 -0.000000
v 0.002589 0.866547 0.075151
v -0.002589 0.866547 0.075151
v 0.002589 0.866547 -0.075151
v -0.002589 0.866547 -0.075151
v -0.372280 0.046687 0.135405
v -0.372280 0.046687 -0.135405
v -0.359608 0.633044 0.135447
v -0.349951 0.645124 0.142391
v -0.351049 0.645079 0.137124
v -0.359608 0.633044 -0.135447
v -0.351049 0.645079 -0.137124
v -0.349951 0.645124 -0.142391
v -0.280997 0.680128 0.136965
v -0.289143 0.677210 0.142403
v -0.280044 0.679885 -0.142040
v -0.280787 0.680252 -0.136728
v -0.350887 0.644988 -0.000000
v -0.359129 0.632407 -0.000000
v -0.135082 0.713695 -0.135246
v -0.130288 0.715491 -0.140634
v -0.129772 0.715529 0.140628
v -0.135094 0.713664 0.135275
v -0.309711 0.666059 0.141959
v -0.324324 0.659213 0.136833
v -0.305817 0.667049 -0.141763
v -0.324446 0.659183 -0.136701
v -0.359129 0.632407 -0.075151
v -0.350887 0.644988 -0.075151
v -0.222106 0.691446 0.141791
v -0.210879 0.695616 0.136708
v -0.303378 0.669769 0.137238
v -0.299888 0.671188 0.142110
v -0.344074 0.648571 -0.137026
v -0.328695 0.655688 -0.141840
v -0.359129 0.632407 0.075151
v -0.350887 0.644988 0.075151
v -0.222910 0.690964 -0.141765
v -0.210877 0.695625 -0.136675
v -0.344051 0.648581 0.137036
v -0.328605 0.655766 0.141823
v -0.303510 0.669850 -0.136622
v -0.292415 0.673268 -0.141715
v -0.371682 0.047011 0.075132
v -0.362394 0.033712 0.075133
v -0.371664 0.046951 -0.000000
v -0.364221 0.034661 -0.000000
v -0.362394 0.033712 -0.075133
v -0.371682 0.047011 -0.075132
v -0.375047 0.186362 -0.135033
v -0.368500 0.186795 -0.141012
v -0.375069 0.339727 -0.134984
v -0.368269 0.340790 -0.140992
v -0.364666 0.494721 -0.140988
v -0.371849 0.492896 -0.134954
v -0.368500 0.186795 0.141012
v -0.375047 0.186362 0.135033
v -0.368269 0.340790 0.140991
v -0.375069 0.339727 0.134984
v -0.371849 0.492896 0.134954
v -0.364666 0.494721 0.140988
v -0.070025 0.801754 -0.134191
v -0.070774 0.792657 -0.140465
v -0.070767 0.792663 0.140464
v -0.070001 0.801772 0.134163
v -0.130124 0.842698 -0.141544
v -0.134126 0.849000 -0.135423
v -0.131081 0.842471 -0.141409
v -0.132749 0.849738 -0.135259
v -0.131660 0.842506 0.141408
v -0.132786 0.849733 0.135281
v -0.130662 0.842794 0.141571
v -0.134140 0.848965 0.135446
v 0.372280 0.046687 0.135405
v 0.372280 0.046687 -0.135405
v 0.359608 0.633044 0.135447
v 0.351049 0.645079 0.137124
v 0.349951 0.645124 0.142391
v 0.359608 0.633044 -0.135447
v 0.349951 0.645124 -0.142391
v 0.351049 0.645079 -0.137124
v 0.289143 0.677210 0.142403
v 0.280997 0.680128 0.136965
v 0.280044 0.679885 -0.142040
v 0.280787 0.680252 -0.136728
v 0.359129 0.632407 -0.000000
v 0.350887 0.644988 -0.000000
v 0.130288 0.715491 -0.140634
v 0.135082 0.713695 -0.135246
v 0.135094 0.713664 0.135275
v 0.129772 0.715529 0.140628
v 0.324324 0.659213 0.136833
v 0.309711 0.666059 0.141959
v 0.324446 0.659183 -0.136701
v 0.305817 0.667049 -0.141763
v 0.350887 0.644988 -0.075151
v 0.359129 0.632407 -0.075151
v 0.210879 0.695616 0.136708
v 0.222106 0.691446 0.141791
v 0.299888 0.671188 0.142110
v 0.303378 0.669769 0.137238
v 0.328695 0.655688 -0.141840
v 0.344074 0.648571 -0.137026
v 0.350887 0.644988 0.075151
v 0.359129 0.632407 0.075151
v 0.210877 0.695625 -0.136675
v 0.222910 0.690964 -0.141765
v 0.328605 0.655766 0.141823
v 0.344051 0.648581 0.137036
v 0.292415 0.673268 -0.141715
v 0.303510 0.669850 -0.136621
v 0.362394 0.033712 0.075133
v 0.371682 0.047011 0.075132
v 0.364221 0.034661 -0.000000
v 0.371664 0.046951 -0.000000
v 0.371682 0.047011 -0.075132
v 0.362394 0.033712 -0.075133
v 0.368500 0.186795 -0.141012
v 0.375047 0.186362 -0.135033
v 0.368269 0.340790 -0.140992
v 0.375069 0.339727 -0.134984
v 0.371849 0.492896 -0.134954
v 0.364666 0.494721 -0.140988
v 0.375047 0.186362 0.135033
v 0.368500 0.186795 0.141012
v 0.375069 0.339727 0.134984
v 0.368269 0.340790 0.140991
v 0.364666 0.494721 0.140988
v 0.371849 0.492896 0.134954
v 0.070774 0.792657 -0.140465
v 0.070025 0.801754 -0.134191
v 0.070001 0.801772 0.134163
v 0.070767 0.792663 0.140464
v 0.130124 0.842698 -0.141544
v 0.134126 0.849000 -0.135423
v 0.131081 0.842471 -0.141409
v 0.132749 0.849738 -0.135259
v 0.131660 0.842506 0.141408
v 0.132786 0.849733 0.135281
v 0.130662 0.842794 0.141571
v 0.134140 0.848965 0.135446
v 0.003161 0.865371 0.142092
v 0.002823 0.866808 0.136448
v -0.002823 0.866808 0.136448
v -0.003161 0.865371 0.142092
v -0.002926 0.865572 -0.142123
v -0.002796 0.866807 -0.136487
v 0.002796 0.866807 -0.136487
v 0.002926 0.865572 -0.142123
v -0.316806 0.013982 0.141245
v -0.318063 0.009002 0.136729
v -0.316806 0.013982 -0.141245
v -0.318063 0.009002 -0.136729
v 0.000000 0.009232 0.136597
v 0.000000 0.013698 0.141063
v 0.000000 0.013698 -0.141063
v 0.000000 0.009232 -0.136597
v -0.082687 0.009232 -0.136597
v -0.089024 0.013698 -0.141063
v -0.166423 0.009232 -0.136597
v -0.176542 0.013698 -0.141063
v -0.258839 0.013698 -0.141063
v -0.244592 0.009232 -0.136597
v -0.244592 0.009232 0.136597
v -0.258839 0.013698 0.141063
v -0.166423 0.009232 0.136597
v -0.176542 0.013698 0.141063
v -0.089024 0.013698 0.141063
v -0.082687 0.009232 0.136597
v 0.316806 0.013982 0.141245
v 0.318063 0.009002 0.136729
v 0.316806 0.013982 -0.141245
v 0.318063 0.009002 -0.136729
v 0.089024 0.013698 -0.141063
v 0.082687 0.009232 -0.136597
v 0.176542 0.013698 -0.141063
v 0.166423 0.009232 -0.136597
v 0.244592 0.009232 -0.136597
v 0.258839 0.013698 -0.141063
v 0.258839 0.013698 0.141063
v 0.244592 0.009232 0.136597
v 0.176542 0.013698 0.141063
v 0.166423 0.009232 0.136597
v 0.082687 0.009232 0.136597
v 0.089024 0.013698 0.141063
v -0.362893 0.033478 0.137236
v -0.348961 0.031078 0.141093
v -0.365025 0.039124 0.141734
v -0.348961 0.031078 -0.141093
v -0.362893 0.033478 -0.137236
v -0.365025 0.039124 -0.141734
v 0.348961 0.031078 0.141093
v 0.362893 0.033478 0.137236
v 0.365025 0.039124 0.141734
v 0.362893 0.033478 -0.137236
v 0.348961 0.031078 -0.141093
v 0.365025 0.039124 -0.141734
vn -0.0000 -0.0000 1.0000
vn -0.0000 -0.0000 -1.0000
vn -0.4344 0.9007 -0.0000
vn -0.3172 0.9483 -0.0000
vn -0.4752 0.8799 -0.0000
vn -0.4630 0.8864 -0.0000
vn -0.2099 0.9777 -0.0000
vn -0.2044 0.9789 -0.0000
vn 0.2448 -0.9696 -0.0000
vn 0.6718 -0.7408 -0.0018
vn 0.6812 -0.7321 -0.0000
vn -0.6718 -0.7408 0.0018
vn -0.2448 -0.9696 -0.0000
vn -0.0000 -1.0000 -0.0000
vn -0.9999 0.0106 -0.0000
vn -0.9985 0.0540 -0.0000
vn -0.9999 -0.0106 -0.0000
vn -0.4346 0.9006 -0.0000
vn -1.0000 -0.0000 -0.0000
vn 0.6222 0.7829 -0.0000
vn 0.3172 0.9483 -0.0000
vn 0.4344 0.9007 -0.0000
vn 0.4630 0.8864 -0.0000
vn 0.4752 0.8799 -0.0000
vn 0.2099 0.9777 -0.0000
vn 0.2044 0.9789 -0.0000
vn 0.6718 -0.7408 0.0018
vn 0.9985 0.0540 -0.0000
vn 0.9999 0.0106 -0.0000
vn 0.9999 -0.0106 -0.0000
vn 0.4346 0.9006 -0.0000
vn -0.6718 -0.7408 -0.0018
vn 1.0000 -0.0000 -0.0000
vn -0.6222 0.7829 -0.0000
vn -0.0000 1.0000 -0.0000
vn 0.7117 0.7025 -0.0000
vn -0.7117 0.7025 -0.0000
vn -0.7797 0.5108 0.3622
vn -0.5693 0.7295 0.3790
vn -0.6186 0.6886 0.3784
vn -0.7797 0.5108 -0.3622
vn -0.6186 0.6886 -0.3784
vn -0.5693 0.7295 -0.3790
vn 0.7797 0.5108 0.3622
vn 0.6186 0.6886 0.3784
vn 0.5693 0.7295 0.3790
vn 0.7797 0.5108 -0.3622
vn 0.5693 0.7295 -0.3790
vn 0.6186 0.6886 -0.3784
vn -0.6616 0.0587 -0.7475
vn -0.6664 0.0387 -0.7446
vn -0.6674 0.0350 -0.7439
vn -0.6663 0.0387 0.7447
vn -0.6616 0.0587 0.7475
vn -0.6675 0.0351 0.7438
vn -0.2571 0.8786 0.4025
vn -0.1862 0.8768 0.4434
vn -0.1882 0.8751 0.4458
vn -0.3597 0.8691 0.3395
vn -0.4279 0.8345 0.3471
vn -0.4283 0.8411 0.3303
vn -0.4115 0.8254 -0.3864
vn -0.4094 0.8053 -0.4289
vn -0.1882 0.8720 -0.4519
vn -0.1909 0.8702 -0.4542
vn -0.1831 0.8754 -0.4475
vn -0.4286 0.7994 0.4211
vn -0.4313 0.7969 0.4230
vn -0.4164 0.8239 0.3844
vn -0.3912 0.7943 -0.4649
vn -0.3907 0.7957 -0.4627
vn -0.3961 0.7999 -0.4509
vn -0.1893 0.8742 0.4472
vn -0.4280 0.8134 0.3941
vn -0.4049 0.7974 -0.4474
vn -0.2954 0.8441 -0.4475
vn -0.2892 0.8462 -0.4476
vn -0.8320 -0.5547 0.0036
vn -0.6812 -0.7321 -0.0000
vn -0.8320 -0.5547 -0.0036
vn -0.8390 -0.5441 -0.0000
vn -0.6775 0.7355 -0.0000
vn -0.9449 0.3273 -0.0000
vn -0.6764 0.0075 -0.7365
vn -0.6842 -0.0066 -0.7293
vn -0.6844 -0.0069 -0.7291
vn -0.6760 0.0081 -0.7368
vn -0.6842 -0.0066 0.7293
vn -0.6764 0.0075 0.7365
vn -0.6844 -0.0069 0.7291
vn -0.6764 0.0081 0.7365
vn -0.3126 0.6344 0.7070
vn -0.3125 0.6344 0.7070
vn -0.3078 0.6248 -0.7176
vn -0.8028 -0.0064 -0.5962
vn 0.4778 0.5692 -0.6691
vn 0.4779 0.5692 -0.6691
vn 0.4779 0.5692 -0.6690
vn -0.8049 -0.0098 0.5933
vn 0.4718 0.5648 0.6770
vn 0.4718 0.5649 0.6770
vn 0.6663 0.0387 -0.7447
vn 0.6616 0.0587 -0.7475
vn 0.6675 0.0351 -0.7438
vn 0.6616 0.0587 0.7475
vn 0.6664 0.0387 0.7446
vn 0.6674 0.0350 0.7439
vn 0.1862 0.8768 0.4434
vn 0.2571 0.8786 0.4025
vn 0.1882 0.8751 0.4458
vn 0.4279 0.8345 0.3471
vn 0.3597 0.8691 0.3395
vn 0.4283 0.8411 0.3303
vn 0.4115 0.8254 -0.3864
vn 0.4093 0.8053 -0.4289
vn 0.1909 0.8702 -0.4542
vn 0.1882 0.8720 -0.4519
vn 0.1831 0.8754 -0.4475
vn 0.4313 0.7969 0.4230
vn 0.4286 0.7994 0.4211
vn 0.4163 0.8239 0.3845
vn 0.3907 0.7957 -0.4627
vn 0.3912 0.7943 -0.4649
vn 0.3961 0.7999 -0.4509
vn 0.1893 0.8742 0.4472
vn 0.4280 0.8134 0.3941
vn 0.4049 0.7974 -0.4475
vn 0.2954 0.8441 -0.4475
vn 0.2892 0.8462 -0.4476
vn 0.8320 -0.5547 0.0036
vn 0.8320 -0.5547 -0.0036
vn 0.8390 -0.5441 -0.0000
vn 0.9449 0.3273 -0.0000
vn 0.6775 0.7355 -0.0000
vn 0.6842 -0.0066 -0.7293
vn 0.6764 0.0075 -0.7365
vn 0.6844 -0.0069 -0.7291
vn 0.6764 0.0081 -0.7365
vn 0.6764 0.0075 0.7365
vn 0.6842 -0.0066 0.7293
vn 0.6844 -0.0069 0.7291
vn 0.6760 0.0081 0.7368
vn 0.3125 0.6344 0.7070
vn 0.3126 0.6344 0.7070
vn 0.3078 0.6248 -0.7176
vn 0.8028 -0.0064 -0.5962
vn -0.4779 0.5692 -0.6691
vn -0.4778 0.5692 -0.6691
vn -0.4779 0.5692 -0.6690
vn 0.8049 -0.0098 0.5933
vn -0.4718 0.5649 0.6770
vn -0.4718 0.5648 0.6770
vn -0.0000 0.9089 0.4169
vn -0.0000 0.9168 -0.3994
vn 0.6130 0.5629 0.5544
vn 0.6131 0.5630 0.5542
vn 0.6130 0.5629 0.5543
vn -0.6131 0.5630 0.5542
vn -0.6130 0.5629 0.5544
vn -0.6130 0.5629 0.5543
vn 0.6128 0.5628 -0.5548
vn 0.6128 0.5629 -0.5546
vn -0.6128 0.5628 -0.5548
vn -0.6128 0.5629 -0.5546
vn -0.6128 0.5628 -0.5547
vn -0.9998 -0.0211 -0.0000
vn 0.9998 -0.0211 -0.0000
vn -0.5426 -0.5992 0.5886
vn -0.4904 -0.6088 0.6236
vn -0.3845 -0.6202 0.6837
vn -0.1704 -0.6749 -0.7179
vn -0.0000 -0.7071 -0.7071
vn -0.0000 -0.7071 0.7071
vn -0.1704 -0.6749 0.7179
vn 0.1704 -0.6749 -0.7179
vn 0.1704 -0.6749 0.7179
vn -0.3845 -0.6202 -0.6837
vn -0.4904 -0.6088 -0.6236
vn 0.3845 -0.6202 0.6837
vn 0.3845 -0.6202 -0.6837
vn -0.6644 -0.7474 0.0003
vn -0.6646 -0.7472 -0.0002
vn 0.6644 -0.7474 0.0003
vn 0.6644 -0.7474 -0.0003
vn -0.6877 -0.0140 0.7259
vn -0.8247 -0.5655 0.0004
vn -0.6877 -0.0140 -0.7259
vn 0.5426 -0.5992 -0.5886
vn 0.4904 -0.6088 -0.6236
vn 0.6877 -0.0140 0.7259
vn 0.8247 -0.5655 0.0004
vn 0.6877 -0.0140 -0.7259
vn -0.5426 -0.5992 -0.5886
vn -0.8250 -0.5652 -0.0003
vn 0.8249 -0.5653 -0.0003
vn 0.4904 -0.6088 0.6236
vn 0.5426 -0.5992 0.5886
vn 0.0010 0.0029 1.0000
vn 0.0109 -0.0076 0.9999
vn 0.0164 -0.0254 0.9995
vn 0.0221 -0.0331 0.9992
vn -0.3179 0.9481 0.0022
vn -0.4354 0.9002 0.0023
vn -0.4354 0.9002 -0.0000
vn -0.4631 0.8863 0.0022
vn -0.4582 0.8888 0.0024
vn -0.4582 0.8889 -0.0000
vn -0.2234 0.9747 -0.0000
vn -0.2234 0.9747 0.0022
vn -0.2321 0.9727 -0.0000
vn -0.2321 0.9727 0.0021
vn -0.4630 0.8863 -0.0000
vn -0.4583 0.8888 -0.0017
vn 0.2428 -0.9701 -0.0000
vn 0.2431 -0.9700 0.0059
vn 0.6615 -0.7499 0.0092
vn -0.2428 -0.9701 -0.0000
vn -0.2434 -0.9699 -0.0056
vn -0.6615 -0.7499 -0.0092
vn 0.0170 -0.0197 0.9997
vn 0.2910 -0.9287 -0.2301
vn 0.0186 -0.0281 -0.9994
vn 0.0180 -0.0291 -0.9994
vn 0.0175 -0.0206 -0.9996
vn 0.0111 -0.0077 -0.9999
vn -0.0004 0.0052 -1.0000
vn -0.0375 0.0919 -0.9951
vn 0.2705 -0.9271 0.2595
vn -0.0536 0.1514 0.9870
vn -0.3179 0.9481 -0.0000
vn -0.4354 0.9002 -0.0017
vn -0.4630 0.8863 -0.0019
vn -0.2321 0.9727 -0.0019
vn -0.2237 0.9747 -0.0021
vn -0.2431 -0.9700 0.0059
vn 0.0021 -1.0000 0.0062
vn 0.0021 -1.0000 -0.0000
vn -0.0000 -1.0000 0.0062
vn 0.0021 -1.0000 -0.0062
vn -0.0000 -1.0000 -0.0062
vn -0.0000 0.0200 0.9998
vn -0.9986 0.0527 0.0069
vn -0.9999 0.0105 0.0070
vn -0.9999 0.0105 -0.0000
vn -0.9999 -0.0089 0.0070
vn -1.0000 -0.0092 -0.0000
vn -0.9986 0.0529 -0.0000
vn -0.9999 0.0105 -0.0070
vn -0.9999 -0.0092 -0.0069
vn 0.0079 -0.0023 1.0000
vn 0.0047 -0.0001 1.0000
vn 0.0057 0.0006 1.0000
vn 0.0077 0.0200 0.9998
vn -0.0000 0.0200 -0.9998
vn 0.0047 -0.0001 -1.0000
vn 0.0077 -0.0023 -1.0000
vn 0.0057 0.0006 -1.0000
vn 0.0077 0.0200 -0.9998
vn -0.4190 0.9080 0.0041
vn -0.4197 0.9077 0.0038
vn -0.4342 0.9008 -0.0000
vn -0.4115 0.9114 -0.0036
vn -1.0000 0.0062 0.0068
vn -1.0000 0.0048 0.0068
vn -1.0000 0.0052 -0.0000
vn 0.6132 0.7899 -0.0079
vn 0.6119 0.7909 -0.0000
vn 0.6130 0.7900 0.0079
vn 0.6103 0.7921 0.0081
vn -1.0000 0.0048 -0.0069
vn -0.0109 -0.0076 0.9999
vn -0.0010 0.0030 1.0000
vn -0.0221 -0.0331 0.9992
vn -0.0164 -0.0254 0.9995
vn 0.4354 0.9002 -0.0000
vn 0.4354 0.9002 0.0023
vn 0.3179 0.9481 0.0022
vn 0.4582 0.8889 -0.0000
vn 0.4582 0.8888 0.0024
vn 0.4631 0.8863 0.0019
vn 0.2234 0.9747 0.0022
vn 0.2234 0.9747 -0.0000
vn 0.2321 0.9727 0.0021
vn 0.2321 0.9727 -0.0000
vn 0.4587 0.8886 -0.0019
vn 0.4630 0.8863 -0.0000
vn -0.0170 -0.0197 0.9997
vn -0.2910 -0.9287 -0.2300
vn -0.0208 -0.0379 -0.9991
vn -0.0177 -0.0285 -0.9994
vn -0.0046 -0.0003 -1.0000
vn 0.0016 -0.0083 -1.0000
vn -0.0014 -0.0123 -0.9999
vn -0.0498 -0.2283 -0.9723
vn -0.0909 -0.5157 -0.8519
vn 0.0536 0.1514 0.9870
vn 0.4354 0.9002 -0.0017
vn 0.3179 0.9481 -0.0000
vn 0.4630 0.8863 -0.0019
vn 0.2321 0.9727 -0.0019
vn 0.2238 0.9746 -0.0021
vn -0.0021 -1.0000 0.0062
vn -0.0021 -1.0000 -0.0000
vn 0.2431 -0.9700 -0.0063
vn -0.0021 -1.0000 -0.0062
vn 0.6615 -0.7499 -0.0091
vn 0.9999 0.0105 -0.0000
vn 0.9999 0.0105 0.0070
vn 0.9986 0.0527 0.0069
vn 1.0000 -0.0092 -0.0000
vn 0.9999 -0.0089 0.0070
vn 0.9999 0.0105 -0.0070
vn 0.9986 0.0529 -0.0000
vn 0.9999 -0.0088 -0.0073
vn -0.0047 -0.0001 1.0000
vn -0.0077 -0.0023 1.0000
vn -0.0057 0.0006 1.0000
vn -0.0073 0.0207 0.9998
vn -0.0063 -0.0014 -1.0000
vn -0.0047 -0.0001 -1.0000
vn -0.0077 0.0200 -0.9998
vn -0.0365 -0.0282 -0.9989
vn 0.4342 0.9008 -0.0000
vn 0.4197 0.9077 0.0038
vn 0.4190 0.9080 0.0041
vn 0.4115 0.9114 -0.0036
vn -0.6893 -0.7243 0.0149
vn -0.6693 -0.7430 0.0048
vn 1.0000 0.0052 -0.0000
vn 1.0000 0.0048 0.0068
vn 1.0000 0.0062 0.0068
vn -0.6119 0.7909 -0.0000
vn -0.6131 0.7900 -0.0080
vn -0.6103 0.7921 0.0081
vn -0.6130 0.7900 0.0079
vn 1.0000 0.0048 -0.0069
vn -0.0000 1.0000 0.0021
vn -0.0000 1.0000 -0.0021
vn 0.6989 0.7152 0.0044
vn 0.6973 0.7168 0.0039
vn 0.6983 0.7158 -0.0000
vn -0.6983 0.7158 -0.0000
vn -0.6971 0.7169 0.0043
vn -0.6989 0.7152 0.0045
vn -0.6972 0.7169 -0.0044
vn 0.6972 0.7169 -0.0044
vn -0.8145 0.5563 0.1650
vn -0.5986 0.7922 0.1186
vn -0.6744 0.7263 0.1333
vn -0.8145 0.5563 -0.1650
vn -0.6739 0.7268 -0.1326
vn -0.5980 0.7926 -0.1187
vn 0.8145 0.5563 0.1650
vn 0.6743 0.7264 0.1331
vn 0.5987 0.7921 0.1186
vn 0.8145 0.5563 -0.1650
vn 0.5979 0.7928 -0.1186
vn 0.6739 0.7268 -0.1326
vn -0.6509 0.0377 -0.7582
vn -0.6485 0.0315 -0.7605
vn -0.6210 0.0445 -0.7826
vn -0.6509 0.0377 0.7582
vn -0.6332 0.0643 0.7713
vn -0.6210 0.0446 0.7825
vn -0.1986 0.9129 0.3567
vn -0.2189 0.9020 0.3721
vn -0.2554 0.9620 0.0968
vn -0.4505 0.8893 0.0785
vn -0.4410 0.8739 0.2047
vn -0.4023 0.9087 -0.1113
vn -0.4432 0.8910 -0.0985
vn -0.4478 0.8730 -0.1934
vn -0.2133 0.8740 -0.4366
vn -0.0834 0.9606 0.2651
vn -0.3572 0.9327 -0.0489
vn -0.4646 0.8652 0.1885
vn -0.4550 0.8846 0.1023
vn -0.4662 0.8655 0.1833
vn -0.4204 0.8572 -0.2973
vn -0.4188 0.8571 -0.3000
vn -0.4246 0.8624 -0.2755
vn -0.3335 0.9418 0.0419
vn -0.1107 0.9637 -0.2432
vn -0.4432 0.8648 -0.2360
vn -0.3302 0.9435 -0.0278
vn -0.1830 0.8728 -0.4525
vn -0.4452 0.8900 0.0981
vn -0.3114 0.9495 0.0389
vn -0.8170 -0.5767 -0.0015
vn -0.8727 -0.4882 -0.0000
vn -0.8170 -0.5767 0.0015
vn -0.6596 0.7516 0.0039
vn -0.6520 0.7582 0.0007
vn -0.9389 0.3441 0.0041
vn -0.6789 -0.0055 -0.7342
vn -0.6797 -0.0058 -0.7335
vn -0.6641 0.0071 -0.7476
vn -0.6642 0.0082 -0.7475
vn -0.6789 -0.0055 0.7342
vn -0.6642 0.0082 0.7475
vn -0.6640 0.0071 0.7477
vn -0.6485 0.0315 0.7605
vn -0.9453 0.3261 -0.0003
vn -0.6629 0.7487 -0.0068
vn -0.6632 0.7484 -0.0000
vn -0.9453 0.3263 -0.0000
vn -0.9389 0.3441 -0.0041
vn -0.6519 0.7583 -0.0008
vn -0.3328 0.6812 0.6521
vn -0.2893 0.4761 0.8305
vn -0.2163 0.5429 0.8115
vn -0.2537 0.5380 -0.8039
vn -0.2589 0.6303 -0.7319
vn -0.2443 0.6180 -0.7473
vn -0.7625 0.0629 -0.6439
vn -0.8090 0.0601 -0.5847
vn -0.8533 -0.0474 -0.5193
vn 0.5781 0.5824 -0.5715
vn 0.3812 0.6559 -0.6515
vn 0.3434 0.5304 -0.7751
vn -0.8966 -0.0946 0.4327
vn -0.8186 0.1093 0.5639
vn -0.7351 0.1072 0.6694
vn 0.3515 0.5268 0.7739
vn 0.3847 0.6392 0.6659
vn 0.5538 0.5708 0.6062
vn 0.6509 0.0377 -0.7582
vn 0.6332 0.0643 -0.7713
vn 0.6210 0.0446 -0.7825
vn 0.6509 0.0377 0.7582
vn 0.6485 0.0315 0.7605
vn 0.6210 0.0445 0.7826
vn 0.1986 0.9129 0.3567
vn 0.4023 0.9087 -0.1113
vn 0.2554 0.9620 0.0968
vn 0.4505 0.8893 0.0785
vn 0.4432 0.8910 -0.0985
vn 0.2133 0.8740 -0.4366
vn 0.1830 0.8728 -0.4525
vn 0.3572 0.9327 -0.0490
vn 0.4646 0.8652 0.1885
vn 0.4454 0.8899 0.0983
vn 0.4661 0.8655 0.1832
vn 0.4204 0.8572 -0.2973
vn 0.4432 0.8648 -0.2360
vn 0.4246 0.8624 -0.2755
vn 0.3335 0.9418 0.0419
vn 0.2189 0.9020 0.3721
vn 0.4550 0.8846 0.1023
vn 0.4478 0.8730 -0.1934
vn 0.3302 0.9435 -0.0278
vn 0.3114 0.9495 0.0389
vn 0.4188 0.8571 -0.3000
vn 0.8170 -0.5767 -0.0015
vn 0.6784 -0.7347 0.0023
vn 0.8170 -0.5767 0.0015
vn 0.6619 0.7496 0.0003
vn 0.9456 0.3251 0.0114
vn 0.9389 0.3441 0.0041
vn 0.6789 -0.0055 -0.7342
vn 0.6642 0.0082 -0.7475
vn 0.6640 0.0071 -0.7477
vn 0.6485 0.0315 -0.7605
vn 0.6789 -0.0055 0.7342
vn 0.6797 -0.0058 0.7335
vn 0.6641 0.0071 0.7476
vn 0.6642 0.0082 0.7475
vn 0.6633 0.7483 -0.0066
vn 0.9450 0.3272 -0.0002
vn 0.9453 0.3263 -0.0000
vn 0.6632 0.7484 -0.0000
vn 0.9389 0.3441 -0.0041
vn 0.2942 0.6540 0.6969
vn 0.2213 0.5343 0.8158
vn 0.2993 0.4562 0.8380
vn 0.2168 0.5761 -0.7881
vn 0.2491 0.6187 -0.7451
vn 0.2648 0.6303 -0.7298
vn 0.7625 0.0629 -0.6439
vn 0.7294 -0.0756 -0.6799
vn 0.8533 -0.0474 -0.5193
vn -0.5781 0.5824 -0.5715
vn -0.5028 0.4514 -0.7372
vn -0.3434 0.5304 -0.7751
vn 0.8966 -0.0946 0.4327
vn 0.6727 -0.1356 0.7274
vn 0.7351 0.1072 0.6694
vn -0.3515 0.5268 0.7739
vn -0.4889 0.4587 0.7420
vn -0.5538 0.5709 0.6062
vn -0.0000 0.9691 0.2467
vn -0.0000 0.9768 -0.2142
vn 0.3765 0.5670 0.7327
vn 0.3926 0.9013 0.1834
vn 0.8928 0.4363 0.1125
vn -0.3765 0.5670 0.7327
vn -0.7280 0.4141 0.5464
vn -0.8928 0.4363 0.1125
vn 0.8925 0.4321 -0.1293
vn 0.3907 0.9052 -0.1672
vn 0.3747 0.5658 -0.7345
vn -0.3747 0.5658 -0.7345
vn -0.3908 0.9052 -0.1672
vn -0.8925 0.4321 -0.1293
vn -0.9998 -0.0189 -0.0056
vn -0.9997 -0.0216 -0.0093
vn -0.9999 -0.0094 -0.0132
vn -0.9999 -0.0094 0.0132
vn -0.9997 -0.0216 0.0093
vn -0.9998 -0.0189 0.0056
vn 0.0203 -0.0092 0.9998
vn 0.0063 -0.0026 1.0000
vn -0.4595 0.8882 -0.0026
vn -0.9986 0.0525 -0.0073
vn -0.9985 0.0535 -0.0143
vn 0.0086 0.0081 0.9999
vn -0.9985 0.0535 0.0143
vn -0.9469 0.3216 0.0026
vn 0.0204 -0.0095 -0.9997
vn 0.0090 0.0094 -0.9999
vn 0.0063 -0.0026 -1.0000
vn -0.4599 0.8880 0.0025
vn 0.0585 -0.1438 0.9879
vn -0.2025 0.8039 -0.5592
vn -0.4352 0.9003 -0.0021
vn -0.3196 0.9476 -0.0026
vn -0.2234 0.9747 -0.0040
vn -0.3177 0.9482 -0.0014
vn -0.4352 0.9003 0.0043
vn -0.2233 0.9747 0.0044
vn -0.3176 0.9482 0.0040
vn 0.0287 -0.0744 -0.9968
vn -0.2000 0.3521 -0.9143
vn -0.1966 0.8422 0.5020
vn 0.0172 -0.0461 -0.9988
vn -0.9999 0.0066 0.0140
vn -0.6253 0.2037 -0.7533
vn -0.1048 -0.1523 -0.9828
vn -0.2321 0.9727 0.0043
vn -0.2144 -0.2590 0.9418
vn -0.3734 0.1314 0.9183
vn 0.0183 -0.0446 0.9988
vn -0.2320 0.9727 -0.0040
vn -1.0000 0.0061 -0.0066
vn -0.9999 0.0066 -0.0142
vn 0.0588 -0.1086 0.9923
vn -0.4624 0.8867 -0.0030
vn 0.0437 -0.0759 -0.9962
vn -0.4642 0.8857 0.0037
vn -0.9998 -0.0184 -0.0000
vn 0.0070 0.0014 -1.0000
vn 0.0095 -0.0001 -1.0000
vn -0.9998 0.0105 0.0140
vn -0.9998 0.0105 -0.0140
vn 0.0095 -0.0001 1.0000
vn 0.0070 0.0014 1.0000
vn -0.0207 -0.4743 -0.8801
vn 0.0107 -0.0035 -0.9999
vn 0.3001 -0.8331 -0.4646
vn -0.6930 0.7210 0.0033
vn -0.6966 0.7174 0.0091
vn 0.6097 0.7924 0.0163
vn 0.6045 0.7965 0.0093
vn 0.1214 -0.4295 0.8949
vn -0.0000 -0.0036 1.0000
vn -0.0279 -0.5776 0.8159
vn 0.6093 0.7928 -0.0161
vn 0.6104 0.7920 -0.0076
vn -0.6990 0.7152 -0.0043
vn -0.6965 0.7175 -0.0091
vn -0.4733 0.8807 0.0172
vn -0.4721 0.8815 -0.0020
vn -0.4929 0.8700 0.0077
vn -0.4949 0.8687 -0.0224
vn 0.9998 -0.0189 -0.0056
vn 0.9999 -0.0094 -0.0132
vn 0.9998 -0.0189 0.0056
vn 0.9997 -0.0216 0.0093
vn 0.9999 -0.0094 0.0132
vn -0.0063 -0.0026 1.0000
vn -0.0203 -0.0092 0.9998
vn 0.9985 0.0535 -0.0143
vn 0.9986 0.0525 -0.0073
vn -0.0086 0.0081 0.9999
vn 0.4596 0.8881 -0.0026
vn 0.9985 0.0535 0.0143
vn -0.0205 -0.0095 -0.9997
vn 0.6520 0.7582 0.0007
vn 0.4600 0.8879 0.0025
vn -0.0090 0.0094 -0.9999
vn -0.0585 -0.1438 0.9879
vn 0.2724 0.5081 0.8171
vn 0.2025 0.8039 -0.5592
vn 0.3178 0.9482 -0.0024
vn 0.3196 0.9476 -0.0026
vn 0.2237 0.9747 -0.0044
vn 0.4352 0.9003 0.0043
vn 0.3177 0.9482 0.0039
vn 0.2233 0.9747 0.0044
vn 0.1965 0.8422 0.5020
vn 0.2001 0.3521 -0.9143
vn -0.0172 -0.0463 -0.9988
vn 0.2567 -0.3426 -0.9037
vn -0.0107 -0.0037 -0.9999
vn 0.1466 0.0321 -0.9887
vn 0.2321 0.9727 0.0043
vn 0.9999 0.0068 0.0139
vn 0.9999 0.0091 0.0105
vn 0.2144 -0.2590 0.9418
vn 0.3734 0.1314 0.9183
vn -0.0183 -0.0446 0.9988
vn 0.9999 0.0068 -0.0141
vn 1.0000 0.0061 -0.0066
vn 0.2320 0.9727 -0.0040
vn -0.0588 -0.1086 0.9923
vn 0.4627 0.8865 -0.0027
vn -0.0287 -0.0744 -0.9968
vn 0.4642 0.8857 0.0037
vn -0.0437 -0.0759 -0.9962
vn 0.9998 -0.0184 -0.0000
vn -0.0057 0.0012 -1.0000
vn -0.0095 -0.0001 -1.0000
vn 0.9998 0.0105 0.0140
vn -0.0063 -0.0026 -1.0000
vn 0.9998 0.0105 -0.0140
vn -0.0070 0.0014 1.0000
vn -0.0095 -0.0001 1.0000
vn -0.3001 -0.8331 -0.4646
vn -0.6097 0.7924 0.0163
vn 0.6966 0.7174 0.0091
vn 0.6930 0.7209 0.0033
vn -0.0107 -0.0042 0.9999
vn -0.1236 -0.4316 0.8936
vn 0.6933 0.7206 -0.0037
vn 0.6965 0.7175 -0.0091
vn -0.6104 0.7920 -0.0076
vn -0.6091 0.7929 -0.0160
vn 0.4721 0.8815 -0.0020
vn 0.4733 0.8807 0.0172
vn 0.4105 0.9118 -0.0041
vn 0.4949 0.8687 -0.0224
vn -0.0000 1.0000 -0.0043
vn -0.0000 1.0000 0.0043
vn -0.5422 -0.7427 0.3929
vn -0.9220 -0.1891 0.3378
vn -0.4838 -0.5631 0.6699
vn 0.0012 -0.7117 -0.7025
vn 0.0002 -0.7081 -0.7061
vn -0.1544 -0.6376 -0.7547
vn -0.1544 -0.6376 0.7547
vn 0.0002 -0.7081 0.7062
vn 0.0012 -0.7117 0.7025
vn -0.0012 -0.7117 -0.7025
vn 0.1548 -0.6368 -0.7553
vn 0.1544 -0.6376 -0.7547
vn -0.0002 -0.7081 -0.7061
vn 0.1544 -0.6376 0.7547
vn 0.1548 -0.6368 0.7553
vn -0.0012 -0.7117 0.7025
vn -0.0002 -0.7081 0.7062
vn -0.3265 -0.5582 0.7628
vn -0.3265 -0.5582 -0.7628
vn -0.1548 -0.6368 -0.7553
vn 0.4838 -0.5631 0.6699
vn 0.3265 -0.5582 0.7628
vn 0.3265 -0.5582 -0.7628
vn 0.0018 -0.9999 -0.0121
vn 0.0067 0.0344 0.9994
vn 0.0013 0.0420 0.9991
vn -0.2451 -0.9694 -0.0097
vn -0.6593 -0.7518 -0.0062
vn -0.2451 -0.9694 0.0097
vn 0.0018 -0.9999 0.0121
vn 0.0067 0.0344 -0.9994
vn 0.0135 -0.0357 -0.9993
vn -0.0000 0.0400 0.9992
vn -0.0000 -0.9999 -0.0124
vn -0.0000 0.0400 -0.9992
vn -0.0000 -0.9999 0.0124
vn 0.0013 0.0420 -0.9991
vn 0.2451 -0.9694 -0.0097
vn -0.0018 -0.9999 -0.0121
vn -0.0013 0.0420 0.9991
vn -0.0067 0.0344 0.9994
vn -0.0067 0.0344 -0.9994
vn -0.0013 0.0420 -0.9991
vn -0.0018 -0.9999 0.0121
vn 0.2453 -0.9694 0.0099
vn -0.6623 -0.0073 0.7492
vn -0.6668 -0.0170 0.7450
vn 0.0166 -0.0057 0.9998
vn 0.0135 -0.0357 0.9993
vn -0.8156 -0.5785 -0.0124
vn -0.6622 -0.0073 -0.7493
vn 0.5422 -0.7427 -0.3929
vn 0.9220 -0.1891 -0.3378
vn 0.4838 -0.5631 -0.6699
vn 0.0166 -0.0058 -0.9998
vn 0.6622 -0.0073 0.7493
vn 0.8156 -0.5785 -0.0122
vn 0.6593 -0.7518 -0.0062
vn -0.0166 -0.0058 0.9998
vn 0.6623 -0.0073 -0.7492
vn 0.6668 -0.0170 -0.7450
vn -0.0166 -0.0057 -0.9998
vn -0.4838 -0.5631 -0.6699
vn -0.9220 -0.1891 -0.3377
vn -0.5422 -0.7427 -0.3929
vn -0.8156 -0.5785 0.0122
vn -0.0135 -0.0357 -0.9993
vn 0.6593 -0.7519 0.0063
vn 0.8156 -0.5785 0.0124
vn -0.0135 -0.0357 0.9993
vn 0.9220 -0.1891 0.3377
vn 0.5422 -0.7427 0.3929
vn -0.4718 0.5649 0.6769
vn 0.6128 0.5628 -0.5547
vn -0.5427 -0.5992 0.5886
vn 0.5427 -0.5992 -0.5886
vn -0.5427 -0.5992 -0.5886
vn 0.5427 -0.5992 0.5886
vn -0.4105 0.9118 -0.0041
vn 0.6990 0.7152 -0.0043
vn -0.6332 0.0643 -0.7713
vn -0.6797 -0.0058 0.7335
vn -0.3054 0.6551 0.6911
vn -0.2190 0.5725 -0.7902
vn -0.7294 -0.0756 -0.6799
vn 0.5028 0.4514 -0.7372
vn -0.6727 -0.1356 0.7274
vn 0.4889 0.4587 0.7420
vn 0.6332 0.0643 0.7713
vn 0.4410 0.8739 0.2047
vn 0.0834 0.9606 0.2651
vn 0.1107 0.9637 -0.2432
vn 0.8727 -0.4882 -0.0000
vn 0.6797 -0.0058 -0.7335
vn 0.6519 0.7583 -0.0008
vn 0.3208 0.6821 0.6571
vn 0.2487 0.5466 -0.7996
vn 0.8090 0.0601 -0.5847
vn -0.3812 0.6559 -0.6515
vn 0.8186 0.1093 0.5639
vn -0.3847 0.6392 0.6659
vn -0.0000 0.9768 -0.2141
vn 0.7280 0.4141 0.5464
vn -0.3926 0.9013 0.1834
vn 0.7272 0.4131 -0.5482
vn -0.7272 0.4131 -0.5482
vn -0.2724 0.5081 0.8171
vn -0.9999 0.0091 0.0104
vn 0.0107 -0.0042 0.9999
vn -0.9999 0.0090 -0.0107
vn 0.6036 0.7973 -0.0085
vn -0.6933 0.7206 -0.0037
vn 0.9997 -0.0216 -0.0093
vn 0.4350 0.9004 -0.0025
vn 0.9999 0.0090 -0.0107
vn -0.0070 0.0014 -1.0000
vn -0.6045 0.7965 0.0093
vn -0.6036 0.7972 -0.0085
vn 0.4929 0.8700 0.0077
vn -0.1548 -0.6368 0.7553
vn -0.6593 -0.7518 0.0062
vn -0.6668 -0.0170 -0.7450
vn 0.6668 -0.0170 0.7450
vt 0.500000 0.591153
vt 0.574297 0.727834
vt 0.584766 0.581902
vt 0.500000 0.752347
vt 0.559896 0.754897
vt 0.563496 0.748264
vt 0.570697 0.734729
vt 0.634287 0.730292
vt 0.567097 0.741540
vt 0.641488 0.722522
vt 0.701478 0.715791
vt 0.714322 0.707119
vt 0.500000 0.739669
vt 0.759991 0.710606
vt 0.739865 0.719799
vt 0.794490 0.692599
vt 0.777854 0.701524
vt 0.679876 0.733033
vt 0.619886 0.745560
vt 0.229383 0.137340
vt 0.188180 0.159567
vt 0.186557 0.160443
vt 0.648689 0.714674
vt 0.500000 0.733211
vt 0.811820 0.159567
vt 0.770617 0.137340
vt 0.730771 0.698443
vt 0.691995 0.721580
vt 0.500000 0.746048
vt 0.500000 0.758562
vt 0.627526 0.733361
vt 0.691556 0.721800
vt 0.627965 0.733142
vt 0.706628 0.137340
vt 0.640592 0.137340
vt 0.569853 0.137340
vt 0.500000 0.137340
vt 0.500000 0.164978
vt 0.592099 0.303952
vt 0.587581 0.164978
vt 0.500000 0.307036
vt 0.592039 0.442927
vt 0.500000 0.449094
vt 0.824591 0.424426
vt 0.821849 0.554150
vt 0.824591 0.294702
vt 0.672108 0.436760
vt 0.746037 0.563401
vt 0.749323 0.430593
vt 0.672129 0.300869
vt 0.749328 0.297785
vt 0.746487 0.164978
vt 0.667805 0.572652
vt 0.668902 0.164978
vt 0.500000 0.164977
vt 0.668902 0.164977
vt 0.587581 0.164977
vt 0.746487 0.164977
vt 0.619886 0.858927
vt 0.611450 0.862998
vt 0.559896 0.822029
vt 0.425702 0.727834
vt 0.415233 0.581902
vt 0.440104 0.754897
vt 0.436504 0.748264
vt 0.429303 0.734729
vt 0.365713 0.730292
vt 0.358512 0.722522
vt 0.298522 0.715791
vt 0.285678 0.707119
vt 0.432903 0.741540
vt 0.260135 0.719799
vt 0.240009 0.710606
vt 0.222146 0.701524
vt 0.205510 0.692599
vt 0.320124 0.733033
vt 0.380114 0.745560
vt 0.351311 0.714674
vt 0.269229 0.698443
vt 0.308005 0.721580
vt 0.372474 0.733361
vt 0.308444 0.721800
vt 0.372035 0.733142
vt 0.293372 0.137340
vt 0.359408 0.137340
vt 0.430147 0.137340
vt 0.407901 0.303952
vt 0.412419 0.164978
vt 0.407961 0.442927
vt 0.178151 0.554150
vt 0.175409 0.424426
vt 0.175409 0.294702
vt 0.253963 0.563401
vt 0.327892 0.436760
vt 0.250677 0.430593
vt 0.327871 0.300869
vt 0.250672 0.297785
vt 0.253513 0.164978
vt 0.331098 0.164978
vt 0.332195 0.572652
vt 0.412419 0.164977
vt 0.331098 0.164977
vt 0.253513 0.164977
vt 0.388550 0.862998
vt 0.380114 0.858927
vt 0.440104 0.822029
vt 0.505445 0.877187
vt 0.494555 0.877187
vt 0.811369 0.674359
vt 0.799362 0.685916
vt 0.802148 0.688436
vt 0.188631 0.674359
vt 0.197852 0.688436
vt 0.200638 0.685916
vt 0.811134 0.555458
vt 0.688553 0.725808
vt 0.746245 0.714230
vt 0.755540 0.708674
vt 0.779717 0.695275
vt 0.611872 0.742965
vt 0.689212 0.725369
vt 0.760293 0.704805
vt 0.748949 0.709993
vt 0.611433 0.742965
vt 0.763808 0.704145
vt 0.738116 0.716207
vt 0.822051 0.174527
vt 0.813443 0.160443
vt 0.814430 0.295118
vt 0.814191 0.425278
vt 0.610543 0.852885
vt 0.614131 0.851033
vt 0.609972 0.852841
vt 0.613630 0.850954
vt 0.559896 0.808489
vt 0.188866 0.555458
vt 0.311447 0.725808
vt 0.253755 0.714230
vt 0.244460 0.708674
vt 0.220283 0.695275
vt 0.388128 0.742965
vt 0.310788 0.725369
vt 0.239707 0.704805
vt 0.251051 0.709993
vt 0.388567 0.742965
vt 0.236192 0.704145
vt 0.261884 0.716207
vt 0.177949 0.174527
vt 0.185570 0.295118
vt 0.185809 0.425278
vt 0.389457 0.852885
vt 0.385869 0.851033
vt 0.390028 0.852841
vt 0.386370 0.850954
vt 0.440104 0.808489
vt 0.495369 0.872806
vt 0.504411 0.873026
vt 0.504631 0.872806
vt 0.495589 0.873026
vt 0.500000 0.867992
vt 0.500000 0.868309
vt 0.811920 0.167876
vt 0.811764 0.159537
vt 0.796533 0.160802
vt 0.718663 0.145685
vt 0.500000 0.145685
vt 0.575206 0.145685
vt 0.649140 0.145685
vt 0.768510 0.145685
vt 0.281337 0.145685
vt 0.424794 0.145685
vt 0.350860 0.145685
vt 0.231490 0.145685
vt 0.203467 0.160802
vt 0.188236 0.159537
vt 0.188080 0.167876
s 1
usemtl Palanquin.001
f 66/1/1 23/2/1 101/3/1
f 27/4/1 25/5/1 54/6/1
f 51/7/2 12/8/2 30/9/2
f 33/10/1 34/11/1 48/12/1
f 21/13/1 35/9/1 47/7/1
f 36/14/3 18/15/4 46/14/3
f 37/16/5 38/17/6 45/16/5
f 18/15/4 42/18/7 43/18/7
f 43/18/7 15/19/8 41/19/8
f 44/16/5 14/17/6 37/16/5
f 171/20/9 337/21/10 334/22/11
f 14/17/6 46/14/3 38/17/6
f 47/7/1 13/8/1 33/10/1
f 23/2/1 33/10/1 8/23/1
f 3/24/1 47/7/1 23/2/1
f 265/25/12 70/26/13 71/26/13
f 8/23/1 48/12/1 17/27/1
f 13/8/1 49/28/1 34/11/1
f 29/10/2 31/11/2 12/8/2
f 7/23/2 50/12/2 29/10/2
f 26/13/2 30/9/2 10/29/2
f 4/24/2 51/7/2 26/13/2
f 16/2/2 29/10/2 51/7/2
f 20/4/2 19/5/2 6/30/2
f 10/29/2 52/6/2 20/4/2
f 30/9/2 28/31/2 52/6/2
f 12/8/2 53/32/2 28/31/2
f 35/9/1 32/33/1 13/8/1
f 11/29/1 54/6/1 35/9/1
f 55/14/3 9/15/4 36/14/3
f 39/17/6 36/14/3 14/17/6
f 42/18/7 40/19/8 15/19/8
f 9/15/4 56/18/7 42/18/7
f 75/34/14 70/26/13 69/26/13
f 76/34/14 71/26/13 70/26/13
f 78/35/14 76/34/14 75/34/14
f 79/35/14 77/34/14 76/34/14
f 81/36/14 79/35/14 78/35/14
f 82/36/14 80/35/14 79/35/14
f 74/37/14 82/36/14 81/36/14
f 73/37/14 83/36/14 82/36/14
f 1/38/1 99/39/1 60/40/1
f 68/41/1 100/42/1 99/39/1
f 67/43/1 101/3/1 100/42/1
f 88/44/15 86/45/16 85/44/15
f 87/46/17 85/44/15 84/46/17
f 91/44/15 89/45/16 88/44/15
f 90/46/17 88/44/15 87/46/17
f 97/47/1 95/48/1 94/49/1
f 96/50/1 94/49/1 93/51/1
f 62/52/1 96/50/1 93/51/1
f 98/53/1 17/27/1 95/48/1
f 100/42/1 98/53/1 97/47/1
f 99/39/1 97/47/1 96/50/1
f 61/54/1 99/39/1 96/50/1
f 101/3/1 8/23/1 98/53/1
f 64/43/2 104/3/2 63/1/2
f 65/41/2 103/42/2 64/43/2
f 2/55/2 102/39/2 65/41/2
f 63/1/2 16/2/2 4/24/2
f 103/42/2 107/53/2 104/3/2
f 102/39/2 106/47/2 103/42/2
f 58/56/2 102/39/2 59/57/2
f 104/3/2 7/23/2 16/2/2
f 106/47/2 110/48/2 107/53/2
f 105/50/2 109/49/2 106/47/2
f 57/58/2 105/50/2 58/56/2
f 107/53/2 22/27/2 7/23/2
f 114/59/18 118/60/18 119/59/18
f 117/59/18 115/60/18 114/59/18
f 15/19/19 119/59/19 41/19/19
f 115/60/20 113/61/20 111/61/20
f 118/60/20 111/61/20 112/61/20
f 40/19/19 114/59/19 15/19/19
f 132/62/1 66/1/1 199/63/1
f 134/64/1 27/4/1 161/65/1
f 158/66/2 123/67/2 136/68/2
f 141/69/1 140/68/1 155/70/1
f 142/71/1 21/13/1 154/66/1
f 129/72/21 143/73/22 153/73/22
f 145/74/23 144/75/24 152/75/24
f 149/76/25 129/72/21 150/76/25
f 126/77/26 150/76/25 148/77/26
f 125/74/23 151/75/24 144/75/24
f 153/73/22 125/74/23 145/74/23
f 124/67/1 154/66/1 140/68/1
f 140/68/1 132/62/1 121/78/1
f 154/66/1 3/24/1 132/62/1
f 155/70/1 121/78/1 128/79/1
f 156/80/1 124/67/1 141/69/1
f 136/68/2 138/69/2 157/70/2
f 120/78/2 157/70/2 131/79/2
f 26/13/2 137/71/2 158/66/2
f 4/24/2 158/66/2 127/62/2
f 127/62/2 136/68/2 120/78/2
f 20/4/2 130/64/2 159/65/2
f 10/29/2 159/65/2 137/71/2
f 137/71/2 135/81/2 123/67/2
f 123/67/2 160/82/2 138/69/2
f 139/83/1 142/71/1 124/67/1
f 161/65/1 11/29/1 142/71/1
f 122/72/21 162/73/22 143/73/22
f 143/73/22 146/74/23 125/74/23
f 147/77/26 149/76/25 126/77/26
f 163/76/25 122/72/21 149/76/25
f 171/20/9 173/84/14 170/20/9
f 172/20/9 174/84/14 171/20/9
f 174/84/14 176/85/14 173/84/14
f 175/84/14 177/85/14 174/84/14
f 177/85/14 179/86/14 176/85/14
f 178/85/14 180/86/14 177/85/14
f 180/86/14 74/37/14 179/86/14
f 181/86/14 73/37/14 180/86/14
f 197/87/1 1/38/1 167/88/1
f 198/89/1 68/41/1 197/87/1
f 171/20/9 332/21/27 172/20/9
f 199/63/1 67/43/1 198/89/1
f 184/90/28 186/91/29 183/91/29
f 183/91/29 185/92/30 182/92/30
f 187/90/28 189/91/29 186/91/29
f 186/91/29 188/92/30 185/92/30
f 193/93/1 195/94/1 192/95/1
f 192/95/1 194/96/1 191/97/1
f 169/98/1 194/96/1 168/99/1
f 128/79/1 196/100/1 193/93/1
f 196/100/1 198/89/1 195/94/1
f 195/94/1 197/87/1 194/96/1
f 168/99/1 197/87/1 167/88/1
f 121/78/1 199/63/1 196/100/1
f 64/43/2 202/63/2 201/89/2
f 65/41/2 201/89/2 200/87/2
f 2/55/2 200/87/2 166/101/2
f 63/1/2 127/62/2 202/63/2
f 201/89/2 205/100/2 204/94/2
f 200/87/2 204/94/2 203/96/2
f 200/87/2 165/102/2 166/101/2
f 202/63/2 120/78/2 205/100/2
f 204/94/2 208/93/2 207/95/2
f 203/96/2 207/95/2 206/97/2
f 203/96/2 164/103/2 165/102/2
f 205/100/2 131/79/2 208/93/2
f 216/104/31 212/105/31 217/105/31
f 213/104/31 215/105/31 212/105/31
f 70/26/13 268/25/32 69/26/13
f 217/105/33 126/77/33 148/77/33
f 211/106/34 213/104/34 209/106/34
f 209/106/34 216/104/34 210/106/34
f 212/105/33 147/77/33 126/77/33
f 220/107/35 224/108/35 225/107/35
f 223/107/35 221/108/35 220/107/35
f 221/108/36 210/106/36 224/108/36
f 112/61/37 220/107/37 225/107/37
f 111/61/37 223/107/37 220/107/37
f 222/108/36 209/106/36 221/108/36
f 228/109/38 229/110/39 230/111/40
f 231/109/41 232/111/42 233/110/43
f 296/112/44 297/113/45 298/114/46
f 299/112/47 300/114/48 301/113/49
f 231/109/50 274/115/51 275/45/52
f 281/115/53 228/109/54 280/45/55
f 234/15/56 250/116/57 251/18/58
f 235/117/59 252/14/60 253/118/61
f 233/110/43 254/16/62 255/119/63
f 259/18/64 241/120/65 258/121/66
f 261/119/67 245/17/68 260/16/69
f 246/122/70 262/14/71 263/123/72
f 251/18/58 242/124/73 243/19/73
f 244/125/74 252/14/60 245/17/68
f 255/119/63 247/17/75 246/122/70
f 237/15/76 258/121/66 236/126/77
f 229/110/39 260/16/69 230/111/40
f 263/123/72 237/15/76 236/126/77
f 264/127/78 267/128/79 265/25/12
f 269/127/80 267/128/79 266/127/81
f 232/111/82 248/109/83 249/111/82
f 272/44/84 271/129/85 270/46/86
f 275/45/52 273/130/87 272/44/84
f 276/129/88 279/44/89 277/46/90
f 278/130/91 280/45/55 279/44/89
f 238/111/82 256/109/83 257/111/82
f 249/111/82 239/109/83 238/111/82
f 257/111/82 228/109/83 230/111/82
f 290/131/92 293/59/93 292/132/92
f 288/133/94 287/59/94 289/60/94
f 240/19/95 286/134/95 241/120/95
f 282/61/96 288/133/97 289/60/98
f 243/19/99 292/132/99 293/59/99
f 285/61/100 290/131/101 284/135/100
f 343/136/102 299/112/103 342/90/104
f 296/112/105 348/136/106 349/90/107
f 319/137/108 303/72/109 318/76/110
f 321/73/111 302/138/112 320/139/113
f 323/75/114 300/114/48 322/140/115
f 308/141/116 326/76/117 327/142/118
f 312/74/119 328/140/120 329/75/121
f 331/73/122 315/143/123 330/144/124
f 311/145/125 318/76/110 310/77/125
f 321/73/111 313/146/126 312/74/119
f 314/74/127 322/140/115 315/143/123
f 327/142/118 305/72/128 304/147/129
f 329/75/121 298/114/46 297/113/45
f 305/72/128 330/144/124 304/147/129
f 334/22/11 333/148/130 332/21/27
f 334/22/11 336/148/131 335/148/132
f 299/112/133 316/113/134 317/112/133
f 338/149/135 341/91/136 339/92/137
f 340/150/138 342/90/104 341/91/136
f 346/91/139 345/149/140 344/92/141
f 349/90/107 347/150/142 346/91/139
f 306/112/133 324/113/134 325/112/133
f 317/112/133 307/113/134 306/112/133
f 325/112/133 297/113/134 296/112/133
f 361/105/143 358/151/143 360/152/144
f 355/105/145 356/153/145 357/104/145
f 354/154/146 309/77/146 308/141/146
f 356/153/147 351/106/148 357/104/149
f 360/152/150 310/77/150 361/105/150
f 358/151/151 352/106/152 353/155/152
f 364/107/153 362/156/153 363/108/153
f 368/108/154 366/157/154 367/107/154
f 352/106/155 362/156/156 353/155/157
f 365/158/158 285/61/159 284/135/160
f 351/106/161 369/159/162 368/108/162
f 282/61/163 366/157/164 283/135/165
f 226/127/166 90/46/17 264/127/166
f 269/127/166 270/46/17 227/127/166
f 95/48/1 229/110/1 281/115/1
f 230/111/82 44/16/5 257/111/82
f 280/45/16 256/109/83 92/45/16
f 17/27/1 261/119/1 229/110/1
f 86/45/16 231/109/83 275/45/16
f 22/27/2 255/119/2 50/12/2
f 110/48/2 233/110/2 22/27/2
f 249/111/82 254/16/5 232/111/82
f 49/28/1 235/117/1 253/118/1
f 252/14/3 24/15/4 55/14/3
f 24/15/4 251/18/7 56/18/7
f 46/14/3 237/15/4 262/14/3
f 237/15/4 43/18/7 259/18/7
f 53/32/2 236/126/2 258/121/2
f 238/111/82 45/16/5 249/111/82
f 257/111/82 37/16/5 238/111/82
f 89/45/16 248/109/83 86/45/16
f 92/45/16 239/109/83 89/45/16
f 28/31/2 258/121/2 241/120/2
f 52/6/2 241/120/2 19/5/2
f 41/19/19 287/59/19 240/19/19
f 286/134/2 288/133/2 283/135/2
f 259/18/7 41/19/8 240/19/8
f 284/135/1 290/131/1 292/132/1
f 54/6/1 242/124/1 32/33/1
f 56/18/7 243/19/8 40/19/8
f 32/33/1 250/116/1 49/28/1
f 243/19/19 117/59/19 40/19/19
f 48/12/1 244/125/1 261/119/1
f 34/11/1 253/118/1 244/125/1
f 245/17/6 55/14/3 39/17/6
f 260/16/5 39/17/6 44/16/5
f 31/11/2 263/123/2 53/32/2
f 38/17/6 262/14/3 247/17/6
f 45/16/5 247/17/6 254/16/5
f 50/12/2 246/122/2 31/11/2
f 264/127/166 87/46/17 266/127/166
f 266/127/166 84/46/17 269/127/166
f 108/51/2 273/130/2 109/49/2
f 84/46/17 272/44/15 270/46/17
f 109/49/2 274/115/2 110/48/2
f 85/44/15 275/45/16 272/44/15
f 277/46/17 91/44/15 90/46/17
f 93/51/1 278/130/1 276/129/1
f 279/44/15 92/45/16 91/44/15
f 94/49/1 281/115/1 278/130/1
f 283/135/2 366/157/2 219/160/2
f 282/61/37 225/107/37 367/107/37
f 289/60/20 112/61/20 282/61/20
f 218/161/1 365/158/1 284/135/1
f 116/60/20 285/61/20 113/61/20
f 113/61/37 364/107/37 223/107/37
f 119/59/18 289/60/18 287/59/18
f 293/59/18 116/60/18 117/59/18
f 188/92/30 294/148/167 333/148/167
f 339/92/30 336/148/167 295/148/167
f 298/114/1 193/93/1 348/136/1
f 325/112/133 349/90/28 190/90/28
f 328/140/1 128/79/1 298/114/1
f 151/75/24 297/113/134 324/113/134
f 299/112/133 184/90/28 342/90/28
f 208/93/2 300/114/2 343/136/2
f 323/75/24 316/113/134 301/113/134
f 131/79/2 322/140/2 300/114/2
f 302/138/1 156/80/1 320/139/1
f 133/72/21 321/73/22 162/73/22
f 318/76/25 133/72/21 163/76/25
f 305/72/21 153/73/22 331/73/22
f 150/76/25 305/72/21 326/76/25
f 160/82/2 304/147/2 330/144/2
f 152/75/24 307/113/134 316/113/134
f 317/112/133 187/90/28 184/90/28
f 144/75/24 324/113/134 307/113/134
f 306/112/133 190/90/28 187/90/28
f 135/81/2 327/142/2 160/82/2
f 159/65/2 308/141/2 135/81/2
f 350/155/2 354/154/2 308/141/2
f 148/77/26 326/76/25 309/77/26
f 355/105/33 148/77/33 309/77/33
f 360/152/1 358/151/1 353/155/1
f 311/145/1 161/65/1 139/83/1
f 319/137/1 139/83/1 156/80/1
f 215/105/33 310/77/33 147/77/33
f 310/77/26 163/76/25 147/77/26
f 313/146/1 155/70/1 328/140/1
f 320/139/1 141/69/1 313/146/1
f 162/73/22 312/74/23 146/74/23
f 146/74/23 329/75/24 151/75/24
f 138/69/2 330/144/2 315/143/2
f 331/73/22 145/74/23 314/74/23
f 314/74/23 152/75/24 323/75/24
f 157/70/2 315/143/2 322/140/2
f 185/92/30 333/148/167 335/148/167
f 182/92/30 335/148/167 336/148/167
f 206/97/2 340/150/2 338/149/2
f 341/91/29 182/92/30 339/92/30
f 207/95/2 343/136/2 340/150/2
f 342/90/28 183/91/29 341/91/29
f 189/91/29 344/92/30 188/92/30
f 347/150/1 191/97/1 345/149/1
f 190/90/28 346/91/29 189/91/29
f 348/136/1 192/95/1 347/150/1
f 219/160/2 369/159/2 350/155/2
f 210/106/34 357/104/34 351/106/34
f 224/108/36 351/106/36 368/108/36
f 353/155/1 218/161/1 5/30/1
f 363/108/36 211/106/36 222/108/36
f 352/106/34 214/104/34 211/106/34
f 357/104/31 217/105/31 355/105/31
f 214/104/31 361/105/31 215/105/31
f 362/156/1 365/158/1 218/161/1
f 364/107/35 222/108/35 223/107/35
f 366/157/2 369/159/2 219/160/2
f 225/107/35 368/108/35 367/107/35
f 408/162/168 406/163/169 407/164/170
f 373/26/171 382/165/172 383/34/172
f 389/36/173 375/166/173 388/167/173
f 378/36/172 376/166/172 377/37/172
f 380/35/172 379/167/172 378/36/172
f 383/34/172 381/168/172 380/35/172
f 371/26/174 385/165/173 370/169/174
f 384/34/173 387/168/173 385/165/173
f 386/35/173 388/167/173 387/168/173
f 399/170/172 393/20/175 398/84/172
f 375/166/173 404/86/173 405/171/173
f 376/166/172 395/86/172 377/37/172
f 394/171/172 397/85/172 395/86/172
f 396/172/172 398/84/172 397/85/172
f 400/170/173 391/20/176 390/173/176
f 402/172/173 401/84/173 400/170/173
f 405/171/173 403/85/173 402/172/173
f 371/26/174 407/164/170 406/163/169
f 409/164/177 373/26/171 410/163/178
f 391/20/176 412/174/179 390/173/176
f 416/174/180 393/20/175 392/173/175
f 77/34/14 371/26/13 71/26/13
f 62/52/1 370/169/1 385/165/1
f 406/163/181 71/26/13 371/26/13
f 383/34/14 69/26/13 373/26/13
f 69/26/13 410/163/182 373/26/13
f 372/169/2 57/58/2 382/165/2
f 1/38/1 388/167/1 375/166/1
f 72/37/14 389/36/14 83/36/14
f 404/86/14 72/37/14 181/86/14
f 405/171/1 1/38/1 375/166/1
f 394/171/2 2/55/2 166/101/2
f 377/37/14 81/36/14 378/36/14
f 379/167/2 2/55/2 376/166/2
f 179/86/14 377/37/14 395/86/14
f 381/168/2 59/57/2 379/167/2
f 378/36/14 78/35/14 380/35/14
f 382/165/2 58/56/2 381/168/2
f 380/35/14 75/34/14 383/34/14
f 61/54/1 385/165/1 387/168/1
f 80/35/14 384/34/14 77/34/14
f 60/40/1 387/168/1 388/167/1
f 83/36/14 386/35/14 80/35/14
f 391/20/9 175/84/14 172/20/9
f 390/173/1 169/98/1 400/170/1
f 172/20/9 413/175/183 391/20/9
f 392/173/2 164/103/2 416/174/2
f 170/20/9 398/84/14 393/20/9
f 170/20/9 415/175/184 337/21/10
f 176/85/14 395/86/14 397/85/14
f 396/172/2 166/101/2 165/102/2
f 399/170/2 165/102/2 164/103/2
f 173/84/14 397/85/14 398/84/14
f 401/84/14 178/85/14 175/84/14
f 400/170/1 168/99/1 402/172/1
f 402/172/1 167/88/1 405/171/1
f 403/85/14 181/86/14 178/85/14
f 276/129/88 226/127/185 408/162/185
f 408/162/1 407/164/1 62/52/1
f 226/127/186 265/25/12 406/163/181
f 227/127/187 271/129/85 411/162/187
f 417/176/188 415/175/189 416/174/180
f 57/58/2 409/164/2 411/162/2
f 294/148/190 345/149/140 414/176/190
f 332/21/27 294/148/191 413/175/183
f 414/176/1 191/97/1 169/98/1
f 338/149/135 295/148/192 417/176/192
f 206/97/2 417/176/2 164/103/2
f 408/162/1 93/51/1 276/129/1
f 410/163/178 411/162/193 409/164/177
f 227/127/194 268/25/32 269/127/80
f 108/51/2 411/162/2 271/129/2
f 416/174/2 164/103/2 417/176/2
f 337/21/10 295/148/195 336/148/131
f 412/174/1 414/176/1 169/98/1
f 413/175/196 414/176/197 412/174/179
f 440/2/1 518/3/1 483/1/1
f 442/5/198 471/6/199 444/4/1
f 468/7/2 446/10/2 429/8/2
f 451/11/200 465/12/201 450/10/1
f 452/9/1 464/7/1 438/13/1
f 435/15/202 463/14/203 453/14/204
f 455/17/205 462/16/206 454/16/207
f 459/18/208 460/18/209 435/15/202
f 432/19/210 458/19/211 460/18/209
f 431/17/212 454/16/207 461/16/213
f 588/20/214 587/20/215 754/21/216
f 463/14/203 455/17/205 431/17/212
f 430/8/1 450/10/1 464/7/1
f 450/10/1 425/23/1 440/2/1
f 464/7/1 440/2/1 420/24/1
f 487/26/217 488/26/218 682/25/219
f 465/12/201 434/27/220 425/23/1
f 466/28/221 451/11/200 430/8/1
f 446/10/2 467/12/222 448/11/223
f 424/23/2 439/27/224 467/12/222
f 443/13/2 468/7/2 447/9/2
f 421/24/2 433/2/2 468/7/2
f 433/2/2 424/23/2 446/10/2
f 437/4/2 469/6/225 436/5/226
f 427/29/2 447/9/2 469/6/225
f 447/9/2 429/8/2 445/31/227
f 429/8/2 448/11/223 470/32/228
f 449/33/229 430/8/1 452/9/1
f 471/6/199 452/9/1 428/29/1
f 426/15/230 453/14/204 472/14/231
f 453/14/204 431/17/212 456/17/232
f 457/19/233 432/19/210 459/18/208
f 473/18/234 459/18/208 426/15/230
f 487/26/217 486/26/235 492/34/236
f 488/26/218 487/26/217 493/34/237
f 493/34/237 492/34/236 495/35/238
f 494/34/239 493/34/237 496/35/14
f 496/35/14 495/35/238 498/36/238
f 497/35/240 496/35/14 499/36/14
f 499/36/14 498/36/238 491/37/238
f 500/36/240 499/36/14 490/37/14
f 516/39/1 477/40/241 418/38/241
f 517/42/1 516/39/1 485/41/1
f 518/3/1 517/42/1 484/43/1
f 503/45/242 502/44/243 505/44/244
f 502/44/243 501/46/245 504/46/246
f 506/45/247 505/44/244 508/44/248
f 505/44/244 504/46/246 507/46/249
f 512/48/250 511/49/251 514/47/1
f 511/49/251 510/51/252 513/50/1
f 479/52/253 478/54/241 513/50/1
f 434/27/220 512/48/250 515/53/1
f 515/53/1 514/47/1 517/42/1
f 514/47/1 513/50/1 516/39/1
f 478/54/241 477/40/241 516/39/1
f 425/23/1 515/53/1 518/3/1
f 481/43/2 520/42/2 521/3/2
f 482/41/2 519/39/2 520/42/2
f 419/55/254 476/57/254 519/39/2
f 480/1/2 521/3/2 433/2/2
f 520/42/2 523/47/2 524/53/2
f 519/39/2 522/50/2 523/47/2
f 519/39/2 476/57/254 475/56/254
f 521/3/2 524/53/2 424/23/2
f 523/47/2 526/49/255 527/48/256
f 522/50/2 525/51/257 526/49/255
f 522/50/2 475/56/254 474/58/258
f 524/53/2 527/48/256 439/27/224
f 535/60/259 536/59/260 531/59/261
f 532/60/261 531/59/261 534/59/262
f 536/59/263 458/19/264 432/19/265
f 530/61/266 528/61/267 532/60/267
f 528/61/267 529/61/268 535/60/269
f 531/59/265 432/19/265 457/19/270
f 483/1/1 616/63/1 549/62/1
f 444/4/1 578/65/271 551/64/272
f 575/66/2 554/71/2 540/67/2
f 557/68/1 572/70/273 558/69/274
f 438/13/1 571/66/1 559/71/1
f 560/73/275 570/73/276 546/72/277
f 561/75/278 569/75/279 562/74/280
f 546/72/277 567/76/281 566/76/282
f 567/76/281 565/77/283 543/77/284
f 568/75/285 561/75/278 542/74/286
f 542/74/286 562/74/280 570/73/276
f 571/66/1 557/68/1 541/67/1
f 549/62/1 538/78/1 557/68/1
f 420/24/1 549/62/1 571/66/1
f 538/78/1 545/79/287 572/70/273
f 541/67/1 558/69/274 573/80/288
f 553/68/2 540/67/2 555/69/289
f 537/78/2 553/68/2 574/70/290
f 443/13/2 427/29/2 554/71/2
f 421/24/2 443/13/2 575/66/2
f 544/62/2 575/66/2 553/68/2
f 437/4/2 423/30/291 547/64/292
f 427/29/2 437/4/2 576/65/293
f 554/71/2 576/65/293 552/81/294
f 540/67/2 552/81/294 577/82/295
f 559/71/1 541/67/1 556/83/296
f 428/29/1 559/71/1 578/65/271
f 579/73/297 560/73/275 539/72/298
f 563/74/299 542/74/286 560/73/275
f 566/76/282 543/77/284 564/77/300
f 539/72/298 566/76/282 580/76/301
f 590/84/302 587/20/215 588/20/214
f 591/84/303 588/20/214 589/20/304
f 593/85/238 590/84/302 591/84/303
f 594/85/14 591/84/303 592/84/305
f 596/86/238 593/85/238 594/85/14
f 597/86/14 594/85/14 595/85/240
f 491/37/238 596/86/238 597/86/14
f 490/37/14 597/86/14 598/86/240
f 418/38/241 584/88/241 614/87/1
f 485/41/1 614/87/1 615/89/1
f 749/21/306 589/20/304 588/20/214
f 484/43/1 615/89/1 616/63/1
f 603/91/307 600/91/308 601/90/309
f 602/92/310 599/92/311 600/91/308
f 606/91/312 603/91/307 604/90/313
f 605/92/314 602/92/310 603/91/307
f 612/94/1 609/95/315 610/93/316
f 611/96/1 608/97/317 609/95/315
f 586/98/318 608/97/317 611/96/1
f 613/100/1 610/93/316 545/79/287
f 615/89/1 612/94/1 613/100/1
f 614/87/1 611/96/1 612/94/1
f 585/99/241 611/96/1 614/87/1
f 616/63/1 613/100/1 538/78/1
f 481/43/2 480/1/2 619/63/2
f 482/41/2 481/43/2 618/89/2
f 419/55/254 482/41/2 617/87/2
f 480/1/2 421/24/2 544/62/2
f 618/89/2 619/63/2 622/100/2
f 617/87/2 618/89/2 621/94/2
f 582/102/254 583/101/254 617/87/2
f 619/63/2 544/62/2 537/78/2
f 621/94/2 622/100/2 625/93/319
f 620/96/2 621/94/2 624/95/320
f 581/103/321 582/102/254 620/96/2
f 622/100/2 537/78/2 548/79/322
f 629/105/323 634/105/324 633/104/325
f 632/105/326 629/105/323 630/104/323
f 487/26/217 684/128/327 685/25/328
f 543/77/329 565/77/330 634/105/331
f 630/104/332 626/106/332 628/106/333
f 633/104/334 627/106/335 626/106/332
f 564/77/336 543/77/329 629/105/329
f 641/108/337 642/107/337 637/107/35
f 638/108/35 637/107/35 640/107/338
f 627/106/339 641/108/340 638/108/341
f 637/107/342 642/107/343 529/61/344
f 640/107/345 637/107/342 528/61/342
f 626/106/341 638/108/341 639/108/346
f 645/109/347 646/110/348 647/111/349
f 648/109/350 649/111/351 650/110/352
f 713/112/353 714/113/354 715/114/355
f 716/112/356 717/114/357 718/113/358
f 691/115/359 692/45/360 648/109/361
f 698/115/362 646/110/363 645/109/364
f 667/116/365 668/18/366 651/15/367
f 669/14/368 670/118/369 652/117/370
f 671/16/371 672/119/372 650/110/352
f 676/18/373 657/19/374 658/120/375
f 678/119/376 661/125/377 662/17/378
f 679/14/379 680/123/380 663/122/381
f 659/124/382 660/19/383 668/18/366
f 661/125/377 670/118/369 669/14/368
f 664/17/384 663/122/381 672/119/372
f 654/15/385 676/18/373 675/121/386
f 646/110/348 678/119/376 677/16/387
f 654/15/385 653/126/388 680/123/380
f 681/127/389 683/127/390 684/128/327
f 684/128/327 683/127/390 686/127/391
f 666/111/392 649/111/393 648/109/394
f 688/129/395 687/46/396 689/44/397
f 690/130/398 689/44/397 692/45/360
f 693/129/399 695/130/400 696/44/401
f 695/130/400 698/115/362 697/45/402
f 673/109/403 674/111/404 655/111/405
f 656/109/406 655/111/405 666/111/392
f 645/109/407 647/111/408 674/111/404
f 709/132/409 707/131/410 708/60/411
f 705/133/412 703/134/413 704/59/414
f 657/19/415 704/59/416 703/134/417
f 705/133/418 706/60/419 699/61/420
f 709/132/421 710/59/422 660/19/423
f 702/61/424 708/60/425 707/131/426
f 760/136/427 717/114/428 716/112/429
f 765/136/430 766/90/431 713/112/432
f 736/137/433 719/138/434 720/72/435
f 738/73/436 720/72/435 719/138/434
f 740/75/437 718/113/358 717/114/357
f 743/76/438 744/142/439 725/141/440
f 745/140/441 746/75/442 729/74/443
f 748/73/444 731/74/445 732/143/446
f 728/145/447 736/137/433 735/76/448
f 730/146/449 729/74/443 738/73/436
f 731/74/445 740/75/437 739/140/450
f 722/72/451 721/147/452 744/142/439
f 715/114/355 714/113/354 746/75/442
f 722/72/451 748/73/444 747/144/453
f 750/148/454 749/21/306 751/22/455
f 751/22/455 754/21/216 753/148/456
f 733/113/457 734/112/458 716/112/459
f 755/149/460 757/150/461 758/91/462
f 757/150/461 760/136/427 759/90/463
f 762/149/464 761/92/465 763/91/466
f 764/150/467 763/91/466 766/90/431
f 741/113/468 742/112/469 723/112/470
f 724/113/471 723/112/470 734/112/458
f 713/112/472 742/112/469 741/113/468
f 778/105/473 776/104/474 775/151/475
f 774/104/476 772/105/477 771/154/478
f 726/77/479 725/141/480 771/154/481
f 773/153/482 767/155/483 768/106/484
f 777/152/485 728/145/486 727/77/487
f 769/106/488 770/155/489 775/151/490
f 780/108/491 781/107/491 782/158/491
f 783/157/492 784/107/492 785/108/492
f 769/106/493 780/108/494 779/156/495
f 702/61/496 701/135/497 782/158/498
f 786/159/499 785/108/500 768/106/501
f 699/61/502 784/107/503 783/157/504
f 681/127/505 643/127/506 694/46/507
f 687/46/508 644/127/509 686/127/510
f 646/110/511 698/115/512 512/48/250
f 674/111/404 647/111/408 677/16/513
f 673/109/403 509/45/514 697/45/515
f 678/119/516 646/110/511 434/27/220
f 692/45/517 503/45/242 665/109/518
f 439/27/224 650/110/519 672/119/520
f 527/48/256 691/115/521 650/110/519
f 671/16/522 649/111/393 666/111/392
f 670/118/523 466/28/221 667/116/524
f 472/14/231 669/14/525 651/15/526
f 668/18/527 473/18/234 441/15/528
f 679/14/529 463/14/203 435/15/202
f 676/18/530 654/15/531 435/15/202
f 470/32/228 680/123/532 653/126/533
f 462/16/206 666/111/392 655/111/405
f 454/16/207 655/111/405 674/111/404
f 665/109/518 503/45/242 506/45/247
f 656/109/406 506/45/247 509/45/514
f 445/31/227 470/32/228 675/121/534
f 469/6/225 445/31/227 658/120/535
f 657/19/536 458/19/264 536/59/263
f 705/133/537 658/120/535 703/134/538
f 657/19/539 676/18/530 460/18/209
f 709/132/540 442/5/198 707/131/541
f 659/124/542 449/33/229 471/6/199
f 660/19/543 457/19/233 473/18/234
f 466/28/221 449/33/229 659/124/542
f 534/59/544 457/19/270 660/19/545
f 661/125/546 678/119/516 465/12/201
f 670/118/523 661/125/546 451/11/200
f 472/14/231 456/17/232 662/17/547
f 461/16/213 677/16/513 662/17/547
f 448/11/223 663/122/548 680/123/532
f 679/14/529 664/17/549 455/17/205
f 664/17/549 671/16/522 462/16/206
f 467/12/222 672/119/520 663/122/548
f 504/46/246 683/127/550 681/127/505
f 686/127/510 683/127/550 504/46/246
f 525/51/257 688/129/551 690/130/552
f 689/44/553 687/46/508 501/46/245
f 526/49/255 690/130/552 691/115/521
f 689/44/553 502/44/243 503/45/242
f 507/46/249 694/46/507 696/44/554
f 695/130/555 693/129/556 510/51/252
f 509/45/514 508/44/248 696/44/554
f 698/115/512 695/130/555 511/49/251
f 636/160/557 700/135/558 783/157/559
f 642/107/343 784/107/560 699/61/561
f 699/61/562 706/60/563 535/60/269
f 782/158/564 422/30/565 635/161/566
f 702/61/567 530/61/266 533/60/568
f 640/107/345 530/61/569 702/61/570
f 706/60/571 704/59/572 536/59/260
f 534/59/262 710/59/573 708/60/574
f 750/148/575 605/92/314 761/92/576
f 753/148/577 712/148/578 756/92/579
f 610/93/316 765/136/580 715/114/581
f 766/90/582 607/90/583 742/112/469
f 545/79/287 715/114/581 745/140/584
f 741/113/468 568/75/285 746/75/585
f 759/90/586 716/112/459 734/112/458
f 625/93/319 548/79/322 717/114/587
f 733/113/457 718/113/588 740/75/589
f 548/79/322 574/70/290 739/140/590
f 737/139/591 719/138/592 736/137/593
f 579/73/297 550/72/594 720/72/595
f 550/72/594 580/76/301 735/76/596
f 748/73/597 722/72/598 546/72/277
f 743/76/599 567/76/281 546/72/277
f 577/82/295 744/142/600 721/147/601
f 724/113/471 733/113/457 569/75/279
f 604/90/313 601/90/309 734/112/458
f 741/113/468 724/113/471 561/75/278
f 607/90/583 604/90/313 723/112/470
f 552/81/294 725/141/602 744/142/600
f 576/65/293 547/64/292 725/141/602
f 771/154/603 767/155/604 773/153/605
f 726/77/606 565/77/283 567/76/281
f 726/77/607 772/105/608 634/105/331
f 551/64/272 777/152/609 775/151/610
f 578/65/271 556/83/296 728/145/611
f 573/80/288 736/137/593 728/145/611
f 727/77/612 564/77/336 632/105/613
f 580/76/301 564/77/300 727/77/614
f 572/70/273 745/140/584 730/146/615
f 558/69/274 730/146/615 737/139/591
f 729/74/616 563/74/299 579/73/297
f 568/75/285 563/74/299 729/74/616
f 555/69/289 577/82/295 747/144/617
f 562/74/280 731/74/618 748/73/597
f 569/75/279 740/75/589 731/74/618
f 574/70/290 555/69/289 732/143/619
f 750/148/575 752/148/620 602/92/310
f 753/148/577 599/92/311 602/92/310
f 623/97/621 624/95/320 757/150/622
f 599/92/311 756/92/579 758/91/623
f 624/95/320 625/93/319 760/136/624
f 758/91/623 759/90/586 601/90/309
f 605/92/314 606/91/312 763/91/625
f 608/97/317 762/149/626 764/150/627
f 763/91/625 606/91/312 607/90/583
f 609/95/315 764/150/627 765/136/580
f 767/155/604 636/160/557 786/159/628
f 768/106/629 627/106/335 633/104/334
f 768/106/630 785/108/631 641/108/340
f 422/30/565 770/155/632 779/156/633
f 639/108/346 780/108/634 769/106/635
f 631/104/636 628/106/333 769/106/637
f 634/105/324 772/105/638 774/104/639
f 632/105/326 631/104/640 776/104/641
f 779/156/633 782/158/564 635/161/566
f 639/108/338 640/107/338 781/107/642
f 783/157/559 786/159/628 636/160/557
f 785/108/643 784/107/643 642/107/337
f 825/162/644 643/127/645 823/163/646
f 799/165/647 800/34/648 790/26/649
f 806/36/173 791/37/173 792/166/173
f 793/166/172 794/37/172 795/36/172
f 796/167/172 795/36/172 797/35/172
f 798/168/172 797/35/172 800/34/648
f 788/26/650 801/34/651 802/165/652
f 801/34/651 803/35/173 804/168/173
f 803/35/173 806/36/173 805/167/173
f 816/170/653 809/173/654 810/20/655
f 821/86/173 822/171/173 792/166/173
f 793/166/172 811/171/172 812/86/172
f 811/171/172 813/172/172 814/85/172
f 813/172/172 816/170/653 815/84/656
f 808/20/657 807/173/658 817/170/659
f 818/84/660 817/170/659 819/172/173
f 820/85/173 819/172/173 822/171/173
f 824/164/661 823/163/646 788/26/650
f 826/164/662 789/169/663 790/26/649
f 808/20/657 830/175/664 829/174/665
f 810/20/655 809/173/654 833/174/666
f 488/26/218 494/34/239 801/34/667
f 787/169/668 802/165/669 479/52/253
f 788/26/670 823/163/671 682/25/219
f 486/26/235 790/26/672 800/34/673
f 790/26/672 486/26/235 685/25/328
f 789/169/674 826/164/675 474/58/258
f 805/167/676 792/166/676 418/38/241
f 806/36/677 500/36/240 489/37/240
f 489/37/240 598/86/240 821/86/677
f 418/38/241 792/166/676 822/171/676
f 419/55/254 583/101/254 811/171/678
f 498/36/238 795/36/679 794/37/679
f 796/167/678 476/57/254 419/55/254
f 794/37/679 812/86/679 596/86/238
f 798/168/678 475/56/254 476/57/254
f 495/35/238 797/35/679 795/36/679
f 799/165/680 474/58/258 475/56/254
f 492/34/236 800/34/673 797/35/679
f 802/165/669 804/168/676 478/54/241
f 801/34/667 494/34/239 497/35/240
f 804/168/676 805/167/676 477/40/241
f 803/35/677 497/35/240 500/36/240
f 589/20/304 808/20/681 818/84/682
f 586/98/318 817/170/683 807/173/684
f 808/20/681 589/20/304 749/21/306
f 809/173/685 816/170/686 581/103/321
f 815/84/687 810/20/688 587/20/215
f 754/21/216 587/20/215 810/20/688
f 812/86/679 814/85/679 593/85/238
f 583/101/254 582/102/254 813/172/678
f 816/170/686 813/172/678 582/102/254
f 814/85/679 815/84/687 590/84/302
f 595/85/240 592/84/305 818/84/682
f 585/99/241 819/172/676 817/170/683
f 584/88/241 822/171/676 819/172/676
f 598/86/240 595/85/240 820/85/677
f 643/127/689 825/162/690 693/129/399
f 825/162/691 824/164/692 479/52/253
f 643/127/693 681/127/389 682/25/219
f 644/127/694 687/46/396 688/129/395
f 834/176/695 712/148/696 832/175/697
f 474/58/258 826/164/675 828/162/698
f 711/148/699 761/92/465 762/149/464
f 711/148/700 830/175/701 749/21/306
f 831/176/702 762/149/626 608/97/317
f 712/148/703 834/176/704 755/149/460
f 834/176/705 581/103/321 623/97/621
f 510/51/252 693/129/556 825/162/691
f 827/163/706 644/127/707 828/162/708
f 685/25/328 686/127/391 644/127/709
f 525/51/257 474/58/258 828/162/698
f 833/174/710 581/103/321 834/176/705
f 754/21/216 832/175/711 712/148/712
f 829/174/713 831/176/702 586/98/318
f 830/175/664 711/148/714 831/176/715
f 66/1/1 3/24/1 23/2/1
f 27/4/1 5/30/1 25/5/1
f 51/7/2 29/10/2 12/8/2
f 33/10/1 13/8/1 34/11/1
f 21/13/1 11/29/1 35/9/1
f 36/14/3 9/15/4 18/15/4
f 37/16/5 14/17/6 38/17/6
f 18/15/4 9/15/4 42/18/7
f 43/18/7 42/18/7 15/19/8
f 44/16/5 39/17/6 14/17/6
f 171/20/9 170/20/9 337/21/10
f 14/17/6 36/14/3 46/14/3
f 47/7/1 35/9/1 13/8/1
f 23/2/1 47/7/1 33/10/1
f 3/24/1 21/13/1 47/7/1
f 265/25/12 267/128/79 70/26/13
f 8/23/1 33/10/1 48/12/1
f 13/8/1 32/33/1 49/28/1
f 29/10/2 50/12/2 31/11/2
f 7/23/2 22/27/2 50/12/2
f 26/13/2 51/7/2 30/9/2
f 4/24/2 16/2/2 51/7/2
f 16/2/2 7/23/2 29/10/2
f 20/4/2 52/6/2 19/5/2
f 10/29/2 30/9/2 52/6/2
f 30/9/2 12/8/2 28/31/2
f 12/8/2 31/11/2 53/32/2
f 35/9/1 54/6/1 32/33/1
f 11/29/1 27/4/1 54/6/1
f 55/14/3 24/15/4 9/15/4
f 39/17/6 55/14/3 36/14/3
f 42/18/7 56/18/7 40/19/8
f 9/15/4 24/15/4 56/18/7
f 75/34/14 76/34/14 70/26/13
f 76/34/14 77/34/14 71/26/13
f 78/35/14 79/35/14 76/34/14
f 79/35/14 80/35/14 77/34/14
f 81/36/14 82/36/14 79/35/14
f 82/36/14 83/36/14 80/35/14
f 74/37/14 73/37/14 82/36/14
f 73/37/14 72/37/14 83/36/14
f 1/38/1 68/41/1 99/39/1
f 68/41/1 67/43/1 100/42/1
f 67/43/1 66/1/1 101/3/1
f 88/44/15 89/45/16 86/45/16
f 87/46/17 88/44/15 85/44/15
f 91/44/15 92/45/16 89/45/16
f 90/46/17 91/44/15 88/44/15
f 97/47/1 98/53/1 95/48/1
f 96/50/1 97/47/1 94/49/1
f 62/52/1 61/54/1 96/50/1
f 98/53/1 8/23/1 17/27/1
f 100/42/1 101/3/1 98/53/1
f 99/39/1 100/42/1 97/47/1
f 61/54/1 60/40/1 99/39/1
f 101/3/1 23/2/1 8/23/1
f 64/43/2 103/42/2 104/3/2
f 65/41/2 102/39/2 103/42/2
f 2/55/2 59/57/2 102/39/2
f 63/1/2 104/3/2 16/2/2
f 103/42/2 106/47/2 107/53/2
f 102/39/2 105/50/2 106/47/2
f 58/56/2 105/50/2 102/39/2
f 104/3/2 107/53/2 7/23/2
f 106/47/2 109/49/2 110/48/2
f 105/50/2 108/51/2 109/49/2
f 57/58/2 108/51/2 105/50/2
f 107/53/2 110/48/2 22/27/2
f 114/59/18 115/60/18 118/60/18
f 117/59/18 116/60/18 115/60/18
f 15/19/19 114/59/19 119/59/19
f 115/60/20 116/60/20 113/61/20
f 118/60/20 115/60/20 111/61/20
f 40/19/19 117/59/19 114/59/19
f 132/62/1 3/24/1 66/1/1
f 134/64/1 5/30/1 27/4/1
f 158/66/2 137/71/2 123/67/2
f 141/69/1 124/67/1 140/68/1
f 142/71/1 11/29/1 21/13/1
f 129/72/21 122/72/21 143/73/22
f 145/74/23 125/74/23 144/75/24
f 149/76/25 122/72/21 129/72/21
f 126/77/26 149/76/25 150/76/25
f 125/74/23 146/74/23 151/75/24
f 153/73/22 143/73/22 125/74/23
f 124/67/1 142/71/1 154/66/1
f 140/68/1 154/66/1 132/62/1
f 154/66/1 21/13/1 3/24/1
f 155/70/1 140/68/1 121/78/1
f 156/80/1 139/83/1 124/67/1
f 136/68/2 123/67/2 138/69/2
f 120/78/2 136/68/2 157/70/2
f 26/13/2 10/29/2 137/71/2
f 4/24/2 26/13/2 158/66/2
f 127/62/2 158/66/2 136/68/2
f 20/4/2 6/30/2 130/64/2
f 10/29/2 20/4/2 159/65/2
f 137/71/2 159/65/2 135/81/2
f 123/67/2 135/81/2 160/82/2
f 139/83/1 161/65/1 142/71/1
f 161/65/1 27/4/1 11/29/1
f 122/72/21 133/72/21 162/73/22
f 143/73/22 162/73/22 146/74/23
f 147/77/26 163/76/25 149/76/25
f 163/76/25 133/72/21 122/72/21
f 171/20/9 174/84/14 173/84/14
f 172/20/9 175/84/14 174/84/14
f 174/84/14 177/85/14 176/85/14
f 175/84/14 178/85/14 177/85/14
f 177/85/14 180/86/14 179/86/14
f 178/85/14 181/86/14 180/86/14
f 180/86/14 73/37/14 74/37/14
f 181/86/14 72/37/14 73/37/14
f 197/87/1 68/41/1 1/38/1
f 198/89/1 67/43/1 68/41/1
f 171/20/9 334/22/11 332/21/27
f 199/63/1 66/1/1 67/43/1
f 184/90/28 187/90/28 186/91/29
f 183/91/29 186/91/29 185/92/30
f 187/90/28 190/90/28 189/91/29
f 186/91/29 189/91/29 188/92/30
f 193/93/1 196/100/1 195/94/1
f 192/95/1 195/94/1 194/96/1
f 169/98/1 191/97/1 194/96/1
f 128/79/1 121/78/1 196/100/1
f 196/100/1 199/63/1 198/89/1
f 195/94/1 198/89/1 197/87/1
f 168/99/1 194/96/1 197/87/1
f 121/78/1 132/62/1 199/63/1
f 64/43/2 63/1/2 202/63/2
f 65/41/2 64/43/2 201/89/2
f 2/55/2 65/41/2 200/87/2
f 63/1/2 4/24/2 127/62/2
f 201/89/2 202/63/2 205/100/2
f 200/87/2 201/89/2 204/94/2
f 200/87/2 203/96/2 165/102/2
f 202/63/2 127/62/2 120/78/2
f 204/94/2 205/100/2 208/93/2
f 203/96/2 204/94/2 207/95/2
f 203/96/2 206/97/2 164/103/2
f 205/100/2 120/78/2 131/79/2
f 216/104/31 213/104/31 212/105/31
f 213/104/31 214/104/31 215/105/31
f 70/26/13 267/128/79 268/25/32
f 217/105/33 212/105/33 126/77/33
f 211/106/34 214/104/34 213/104/34
f 209/106/34 213/104/34 216/104/34
f 212/105/33 215/105/33 147/77/33
f 220/107/35 221/108/35 224/108/35
f 223/107/35 222/108/35 221/108/35
f 221/108/36 209/106/36 210/106/36
f 112/61/37 111/61/37 220/107/37
f 111/61/37 113/61/37 223/107/37
f 222/108/36 211/106/36 209/106/36
f 231/109/50 233/110/50 274/115/51
f 281/115/53 229/110/54 228/109/54
f 234/15/56 235/117/59 250/116/57
f 235/117/59 234/15/56 252/14/60
f 233/110/43 232/111/42 254/16/62
f 259/18/64 240/19/65 241/120/65
f 261/119/67 244/125/74 245/17/68
f 246/122/70 247/17/75 262/14/71
f 251/18/58 250/116/57 242/124/73
f 244/125/74 253/118/61 252/14/60
f 255/119/63 254/16/62 247/17/75
f 237/15/76 259/18/64 258/121/66
f 229/110/39 261/119/67 260/16/69
f 263/123/72 262/14/71 237/15/76
f 264/127/78 266/127/81 267/128/79
f 269/127/80 268/25/32 267/128/79
f 232/111/82 231/109/83 248/109/83
f 272/44/84 273/130/87 271/129/85
f 275/45/52 274/115/51 273/130/87
f 276/129/88 278/130/91 279/44/89
f 278/130/91 281/115/53 280/45/55
f 238/111/82 239/109/83 256/109/83
f 249/111/82 248/109/83 239/109/83
f 257/111/82 256/109/83 228/109/83
f 290/131/92 291/60/93 293/59/93
f 288/133/94 286/134/94 287/59/94
f 240/19/95 287/59/95 286/134/95
f 282/61/96 283/135/97 288/133/97
f 243/19/99 242/124/99 292/132/99
f 285/61/100 291/60/101 290/131/101
f 343/136/102 300/114/103 299/112/103
f 296/112/105 298/114/105 348/136/106
f 319/137/108 302/138/112 303/72/109
f 321/73/111 303/72/109 302/138/112
f 323/75/114 301/113/49 300/114/48
f 308/141/116 309/77/116 326/76/117
f 312/74/119 313/146/126 328/140/120
f 331/73/122 314/74/127 315/143/123
f 311/145/125 319/137/108 318/76/110
f 321/73/111 320/139/113 313/146/126
f 314/74/127 323/75/114 322/140/115
f 327/142/118 326/76/117 305/72/128
f 329/75/121 328/140/120 298/114/46
f 305/72/128 331/73/122 330/144/124
f 334/22/11 335/148/132 333/148/130
f 334/22/11 337/21/10 336/148/131
f 299/112/133 301/113/134 316/113/134
f 338/149/135 340/150/138 341/91/136
f 340/150/138 343/136/102 342/90/104
f 346/91/139 347/150/142 345/149/140
f 349/90/107 348/136/106 347/150/142
f 306/112/133 307/113/134 324/113/134
f 317/112/133 316/113/134 307/113/134
f 325/112/133 324/113/134 297/113/134
f 361/105/143 359/104/143 358/151/143
f 355/105/145 354/154/145 356/153/145
f 354/154/146 355/105/146 309/77/146
f 356/153/147 350/155/147 351/106/148
f 360/152/150 311/145/150 310/77/150
f 358/151/151 359/104/716 352/106/152
f 364/107/153 365/158/153 362/156/153
f 368/108/154 369/159/154 366/157/154
f 352/106/155 363/108/156 362/156/156
f 365/158/158 364/107/158 285/61/159
f 351/106/161 350/155/717 369/159/162
f 282/61/163 367/107/164 366/157/164
f 226/127/166 277/46/17 90/46/17
f 269/127/166 84/46/17 270/46/17
f 95/48/1 17/27/1 229/110/1
f 230/111/82 260/16/5 44/16/5
f 280/45/16 228/109/83 256/109/83
f 17/27/1 48/12/1 261/119/1
f 86/45/16 248/109/83 231/109/83
f 22/27/2 233/110/2 255/119/2
f 110/48/2 274/115/2 233/110/2
f 249/111/82 45/16/5 254/16/5
f 49/28/1 250/116/1 235/117/1
f 252/14/3 234/15/4 24/15/4
f 24/15/4 234/15/4 251/18/7
f 46/14/3 18/15/4 237/15/4
f 237/15/4 18/15/4 43/18/7
f 53/32/2 263/123/2 236/126/2
f 238/111/82 37/16/5 45/16/5
f 257/111/82 44/16/5 37/16/5
f 89/45/16 239/109/83 248/109/83
f 92/45/16 256/109/83 239/109/83
f 28/31/2 53/32/2 258/121/2
f 52/6/2 28/31/2 241/120/2
f 41/19/19 119/59/19 287/59/19
f 283/135/2 19/5/2 241/120/2
f 241/120/2 286/134/2 283/135/2
f 259/18/7 43/18/7 41/19/8
f 292/132/1 242/124/1 284/135/1
f 242/124/1 25/5/1 284/135/1
f 54/6/1 25/5/1 242/124/1
f 56/18/7 251/18/7 243/19/8
f 32/33/1 242/124/1 250/116/1
f 243/19/19 293/59/19 117/59/19
f 48/12/1 34/11/1 244/125/1
f 34/11/1 49/28/1 253/118/1
f 245/17/6 252/14/3 55/14/3
f 260/16/5 245/17/6 39/17/6
f 31/11/2 246/122/2 263/123/2
f 38/17/6 46/14/3 262/14/3
f 45/16/5 38/17/6 247/17/6
f 50/12/2 255/119/2 246/122/2
f 264/127/166 90/46/17 87/46/17
f 266/127/166 87/46/17 84/46/17
f 108/51/2 271/129/2 273/130/2
f 84/46/17 85/44/15 272/44/15
f 109/49/2 273/130/2 274/115/2
f 85/44/15 86/45/16 275/45/16
f 277/46/17 279/44/15 91/44/15
f 93/51/1 94/49/1 278/130/1
f 279/44/15 280/45/16 92/45/16
f 94/49/1 95/48/1 281/115/1
f 219/160/2 6/30/2 283/135/2
f 6/30/2 19/5/2 283/135/2
f 282/61/37 112/61/37 225/107/37
f 289/60/20 118/60/20 112/61/20
f 284/135/1 25/5/1 5/30/1
f 5/30/1 218/161/1 284/135/1
f 116/60/20 291/60/20 285/61/20
f 113/61/37 285/61/37 364/107/37
f 119/59/18 118/60/18 289/60/18
f 293/59/18 291/60/18 116/60/18
f 188/92/30 344/92/30 294/148/167
f 339/92/30 182/92/30 336/148/167
f 298/114/1 128/79/1 193/93/1
f 325/112/133 296/112/133 349/90/28
f 328/140/1 155/70/1 128/79/1
f 151/75/24 329/75/24 297/113/134
f 299/112/133 317/112/133 184/90/28
f 208/93/2 131/79/2 300/114/2
f 323/75/24 152/75/24 316/113/134
f 131/79/2 157/70/2 322/140/2
f 302/138/1 319/137/1 156/80/1
f 133/72/21 303/72/21 321/73/22
f 318/76/25 303/72/21 133/72/21
f 305/72/21 129/72/21 153/73/22
f 150/76/25 129/72/21 305/72/21
f 160/82/2 327/142/2 304/147/2
f 152/75/24 144/75/24 307/113/134
f 317/112/133 306/112/133 187/90/28
f 144/75/24 151/75/24 324/113/134
f 306/112/133 325/112/133 190/90/28
f 135/81/2 308/141/2 327/142/2
f 159/65/2 130/64/2 308/141/2
f 308/141/2 130/64/2 350/155/2
f 350/155/2 356/153/2 354/154/2
f 148/77/26 150/76/25 326/76/25
f 355/105/33 217/105/33 148/77/33
f 134/64/1 311/145/1 353/155/1
f 311/145/1 360/152/1 353/155/1
f 311/145/1 134/64/1 161/65/1
f 319/137/1 311/145/1 139/83/1
f 215/105/33 361/105/33 310/77/33
f 310/77/26 318/76/25 163/76/25
f 313/146/1 141/69/1 155/70/1
f 320/139/1 156/80/1 141/69/1
f 162/73/22 321/73/22 312/74/23
f 146/74/23 312/74/23 329/75/24
f 138/69/2 160/82/2 330/144/2
f 331/73/22 153/73/22 145/74/23
f 314/74/23 145/74/23 152/75/24
f 157/70/2 138/69/2 315/143/2
f 185/92/30 188/92/30 333/148/167
f 182/92/30 185/92/30 335/148/167
f 206/97/2 207/95/2 340/150/2
f 341/91/29 183/91/29 182/92/30
f 207/95/2 208/93/2 343/136/2
f 342/90/28 184/90/28 183/91/29
f 189/91/29 346/91/29 344/92/30
f 347/150/1 192/95/1 191/97/1
f 190/90/28 349/90/28 346/91/29
f 348/136/1 193/93/1 192/95/1
f 130/64/2 6/30/2 350/155/2
f 6/30/2 219/160/2 350/155/2
f 210/106/34 216/104/34 357/104/34
f 224/108/36 210/106/36 351/106/36
f 5/30/1 134/64/1 353/155/1
f 353/155/1 362/156/1 218/161/1
f 363/108/36 352/106/36 211/106/36
f 352/106/34 359/104/34 214/104/34
f 357/104/31 216/104/31 217/105/31
f 214/104/31 359/104/31 361/105/31
f 364/107/35 363/108/35 222/108/35
f 225/107/35 224/108/35 368/108/35
f 408/162/168 226/127/718 406/163/169
f 373/26/171 372/169/171 382/165/172
f 389/36/173 374/37/173 375/166/173
f 378/36/172 379/167/172 376/166/172
f 380/35/172 381/168/172 379/167/172
f 383/34/172 382/165/172 381/168/172
f 371/26/174 384/34/173 385/165/173
f 384/34/173 386/35/173 387/168/173
f 386/35/173 389/36/173 388/167/173
f 399/170/172 392/173/175 393/20/175
f 375/166/173 374/37/173 404/86/173
f 376/166/172 394/171/172 395/86/172
f 394/171/172 396/172/172 397/85/172
f 396/172/172 399/170/172 398/84/172
f 400/170/173 401/84/173 391/20/176
f 402/172/173 403/85/173 401/84/173
f 405/171/173 404/86/173 403/85/173
f 371/26/174 370/169/174 407/164/170
f 409/164/177 372/169/171 373/26/171
f 391/20/176 413/175/196 412/174/179
f 416/174/180 415/175/189 393/20/175
f 77/34/14 384/34/14 371/26/13
f 62/52/1 407/164/1 370/169/1
f 406/163/181 265/25/12 71/26/13
f 383/34/14 75/34/14 69/26/13
f 69/26/13 268/25/32 410/163/182
f 372/169/2 409/164/2 57/58/2
f 1/38/1 60/40/1 388/167/1
f 72/37/14 374/37/14 389/36/14
f 404/86/14 374/37/14 72/37/14
f 405/171/1 167/88/1 1/38/1
f 394/171/2 376/166/2 2/55/2
f 377/37/14 74/37/14 81/36/14
f 379/167/2 59/57/2 2/55/2
f 179/86/14 74/37/14 377/37/14
f 381/168/2 58/56/2 59/57/2
f 378/36/14 81/36/14 78/35/14
f 382/165/2 57/58/2 58/56/2
f 380/35/14 78/35/14 75/34/14
f 61/54/1 62/52/1 385/165/1
f 80/35/14 386/35/14 384/34/14
f 60/40/1 61/54/1 387/168/1
f 83/36/14 389/36/14 386/35/14
f 391/20/9 401/84/14 175/84/14
f 390/173/1 412/174/1 169/98/1
f 172/20/9 332/21/27 413/175/183
f 392/173/2 399/170/2 164/103/2
f 170/20/9 173/84/14 398/84/14
f 170/20/9 393/20/9 415/175/184
f 176/85/14 179/86/14 395/86/14
f 396/172/2 394/171/2 166/101/2
f 399/170/2 396/172/2 165/102/2
f 173/84/14 176/85/14 397/85/14
f 401/84/14 403/85/14 178/85/14
f 400/170/1 169/98/1 168/99/1
f 402/172/1 168/99/1 167/88/1
f 403/85/14 404/86/14 181/86/14
f 276/129/88 277/46/90 226/127/185
f 226/127/186 264/127/78 265/25/12
f 227/127/187 270/46/86 271/129/85
f 417/176/188 295/148/719 415/175/189
f 294/148/190 344/92/141 345/149/140
f 332/21/27 333/148/130 294/148/191
f 414/176/1 345/149/1 191/97/1
f 338/149/135 339/92/137 295/148/192
f 206/97/2 338/149/2 417/176/2
f 408/162/1 62/52/1 93/51/1
f 410/163/178 227/127/720 411/162/193
f 227/127/194 410/163/182 268/25/32
f 108/51/2 57/58/2 411/162/2
f 337/21/10 415/175/184 295/148/195
f 413/175/196 294/148/721 414/176/197
f 440/2/1 483/1/1 420/24/1
f 442/5/198 444/4/1 422/30/565
f 468/7/2 429/8/2 447/9/2
f 451/11/200 450/10/1 430/8/1
f 452/9/1 438/13/1 428/29/1
f 435/15/202 453/14/204 426/15/230
f 455/17/205 454/16/207 431/17/212
f 459/18/208 435/15/202 426/15/230
f 432/19/210 460/18/209 459/18/208
f 431/17/212 461/16/213 456/17/232
f 588/20/214 754/21/216 751/22/455
f 463/14/203 431/17/212 453/14/204
f 430/8/1 464/7/1 452/9/1
f 450/10/1 440/2/1 464/7/1
f 464/7/1 420/24/1 438/13/1
f 487/26/217 682/25/219 684/128/327
f 465/12/201 425/23/1 450/10/1
f 466/28/221 430/8/1 449/33/229
f 446/10/2 448/11/223 429/8/2
f 424/23/2 467/12/222 446/10/2
f 443/13/2 447/9/2 427/29/2
f 421/24/2 468/7/2 443/13/2
f 433/2/2 446/10/2 468/7/2
f 437/4/2 436/5/226 423/30/291
f 427/29/2 469/6/225 437/4/2
f 447/9/2 445/31/227 469/6/225
f 429/8/2 470/32/228 445/31/227
f 449/33/229 452/9/1 471/6/199
f 471/6/199 428/29/1 444/4/1
f 426/15/230 472/14/231 441/15/528
f 453/14/204 456/17/232 472/14/231
f 457/19/233 459/18/208 473/18/234
f 473/18/234 426/15/230 441/15/528
f 487/26/217 492/34/236 493/34/237
f 488/26/218 493/34/237 494/34/239
f 493/34/237 495/35/238 496/35/14
f 494/34/239 496/35/14 497/35/240
f 496/35/14 498/36/238 499/36/14
f 497/35/240 499/36/14 500/36/240
f 499/36/14 491/37/238 490/37/14
f 500/36/240 490/37/14 489/37/240
f 516/39/1 418/38/241 485/41/1
f 517/42/1 485/41/1 484/43/1
f 518/3/1 484/43/1 483/1/1
f 503/45/242 505/44/244 506/45/247
f 502/44/243 504/46/246 505/44/244
f 506/45/247 508/44/248 509/45/514
f 505/44/244 507/46/249 508/44/248
f 512/48/250 514/47/1 515/53/1
f 511/49/251 513/50/1 514/47/1
f 479/52/253 513/50/1 510/51/252
f 434/27/220 515/53/1 425/23/1
f 515/53/1 517/42/1 518/3/1
f 514/47/1 516/39/1 517/42/1
f 478/54/241 516/39/1 513/50/1
f 425/23/1 518/3/1 440/2/1
f 481/43/2 521/3/2 480/1/2
f 482/41/2 520/42/2 481/43/2
f 419/55/254 519/39/2 482/41/2
f 480/1/2 433/2/2 421/24/2
f 520/42/2 524/53/2 521/3/2
f 519/39/2 523/47/2 520/42/2
f 519/39/2 475/56/254 522/50/2
f 521/3/2 424/23/2 433/2/2
f 523/47/2 527/48/256 524/53/2
f 522/50/2 526/49/255 523/47/2
f 522/50/2 474/58/258 525/51/257
f 524/53/2 439/27/224 424/23/2
f 535/60/259 531/59/261 532/60/261
f 532/60/261 534/59/262 533/60/722
f 536/59/263 432/19/265 531/59/265
f 530/61/266 532/60/267 533/60/568
f 528/61/267 535/60/269 532/60/267
f 531/59/265 457/19/270 534/59/544
f 483/1/1 549/62/1 420/24/1
f 444/4/1 551/64/272 422/30/565
f 575/66/2 540/67/2 553/68/2
f 557/68/1 558/69/274 541/67/1
f 438/13/1 559/71/1 428/29/1
f 560/73/275 546/72/277 539/72/298
f 561/75/278 562/74/280 542/74/286
f 546/72/277 566/76/282 539/72/298
f 567/76/281 543/77/284 566/76/282
f 568/75/285 542/74/286 563/74/299
f 542/74/286 570/73/276 560/73/275
f 571/66/1 541/67/1 559/71/1
f 549/62/1 557/68/1 571/66/1
f 420/24/1 571/66/1 438/13/1
f 538/78/1 572/70/273 557/68/1
f 541/67/1 573/80/288 556/83/296
f 553/68/2 555/69/289 574/70/290
f 537/78/2 574/70/290 548/79/322
f 443/13/2 554/71/2 575/66/2
f 421/24/2 575/66/2 544/62/2
f 544/62/2 553/68/2 537/78/2
f 437/4/2 547/64/292 576/65/293
f 427/29/2 576/65/293 554/71/2
f 554/71/2 552/81/294 540/67/2
f 540/67/2 577/82/295 555/69/289
f 559/71/1 556/83/296 578/65/271
f 428/29/1 578/65/271 444/4/1
f 579/73/297 539/72/298 550/72/594
f 563/74/299 560/73/275 579/73/297
f 566/76/282 564/77/300 580/76/301
f 539/72/298 580/76/301 550/72/594
f 590/84/302 588/20/214 591/84/303
f 591/84/303 589/20/304 592/84/305
f 593/85/238 591/84/303 594/85/14
f 594/85/14 592/84/305 595/85/240
f 596/86/238 594/85/14 597/86/14
f 597/86/14 595/85/240 598/86/240
f 491/37/238 597/86/14 490/37/14
f 490/37/14 598/86/240 489/37/240
f 418/38/241 614/87/1 485/41/1
f 485/41/1 615/89/1 484/43/1
f 749/21/306 588/20/214 751/22/455
f 484/43/1 616/63/1 483/1/1
f 603/91/307 601/90/309 604/90/313
f 602/92/310 600/91/308 603/91/307
f 606/91/312 604/90/313 607/90/583
f 605/92/314 603/91/307 606/91/312
f 612/94/1 610/93/316 613/100/1
f 611/96/1 609/95/315 612/94/1
f 586/98/318 611/96/1 585/99/241
f 613/100/1 545/79/287 538/78/1
f 615/89/1 613/100/1 616/63/1
f 614/87/1 612/94/1 615/89/1
f 585/99/241 614/87/1 584/88/241
f 616/63/1 538/78/1 549/62/1
f 481/43/2 619/63/2 618/89/2
f 482/41/2 618/89/2 617/87/2
f 419/55/254 617/87/2 583/101/254
f 480/1/2 544/62/2 619/63/2
f 618/89/2 622/100/2 621/94/2
f 617/87/2 621/94/2 620/96/2
f 582/102/254 617/87/2 620/96/2
f 619/63/2 537/78/2 622/100/2
f 621/94/2 625/93/319 624/95/320
f 620/96/2 624/95/320 623/97/621
f 581/103/321 620/96/2 623/97/621
f 622/100/2 548/79/322 625/93/319
f 629/105/323 633/104/325 630/104/323
f 632/105/326 630/104/323 631/104/640
f 487/26/217 685/25/328 486/26/235
f 543/77/329 634/105/331 629/105/329
f 630/104/332 628/106/333 631/104/636
f 633/104/334 626/106/332 630/104/332
f 564/77/336 629/105/329 632/105/613
f 641/108/337 637/107/35 638/108/35
f 638/108/35 640/107/338 639/108/338
f 627/106/339 638/108/341 626/106/341
f 637/107/342 529/61/344 528/61/342
f 640/107/345 528/61/342 530/61/569
f 626/106/341 639/108/346 628/106/723
f 691/115/359 648/109/361 650/110/724
f 698/115/362 645/109/364 697/45/402
f 667/116/365 651/15/367 652/117/370
f 669/14/368 652/117/370 651/15/367
f 671/16/371 650/110/352 649/111/351
f 676/18/373 658/120/375 675/121/386
f 678/119/376 662/17/378 677/16/387
f 679/14/379 663/122/381 664/17/384
f 659/124/382 668/18/366 667/116/365
f 661/125/377 669/14/368 662/17/378
f 664/17/384 672/119/372 671/16/371
f 654/15/385 675/121/386 653/126/388
f 646/110/348 677/16/387 647/111/349
f 654/15/385 680/123/380 679/14/379
f 681/127/389 684/128/327 682/25/219
f 684/128/327 686/127/391 685/25/328
f 666/111/392 648/109/394 665/109/518
f 688/129/395 689/44/397 690/130/398
f 690/130/398 692/45/360 691/115/359
f 693/129/399 696/44/401 694/46/725
f 695/130/400 697/45/402 696/44/401
f 673/109/403 655/111/405 656/109/406
f 656/109/406 666/111/392 665/109/518
f 645/109/407 674/111/404 673/109/403
f 709/132/409 708/60/411 710/59/726
f 705/133/412 704/59/414 706/60/727
f 657/19/415 703/134/417 658/120/728
f 705/133/418 699/61/420 700/135/729
f 709/132/421 660/19/423 659/124/730
f 702/61/424 707/131/426 701/135/731
f 760/136/427 716/112/429 759/90/463
f 765/136/430 713/112/432 715/114/732
f 736/137/433 720/72/435 735/76/448
f 738/73/436 719/138/434 737/139/733
f 740/75/437 717/114/357 739/140/450
f 743/76/438 725/141/440 726/77/734
f 745/140/441 729/74/443 730/146/449
f 748/73/444 732/143/446 747/144/453
f 728/145/447 735/76/448 727/77/735
f 730/146/449 738/73/436 737/139/733
f 731/74/445 739/140/450 732/143/446
f 722/72/451 744/142/439 743/76/438
f 715/114/355 746/75/442 745/140/441
f 722/72/451 747/144/453 721/147/452
f 750/148/454 751/22/455 752/148/736
f 751/22/455 753/148/456 752/148/736
f 733/113/457 716/112/459 718/113/588
f 755/149/460 758/91/462 756/92/737
f 757/150/461 759/90/463 758/91/462
f 762/149/464 763/91/466 764/150/467
f 764/150/467 766/90/431 765/136/430
f 741/113/468 723/112/470 724/113/471
f 724/113/471 734/112/458 733/113/457
f 713/112/472 741/113/468 714/113/738
f 778/105/473 775/151/475 777/152/739
f 774/104/476 771/154/478 773/153/740
f 726/77/479 771/154/481 772/105/741
f 773/153/482 768/106/484 774/104/742
f 777/152/485 727/77/487 778/105/743
f 769/106/488 775/151/490 776/104/744
f 780/108/491 782/158/491 779/156/491
f 783/157/492 785/108/492 786/159/745
f 769/106/493 779/156/495 770/155/746
f 702/61/496 782/158/498 781/107/747
f 786/159/499 768/106/501 767/155/748
f 699/61/502 783/157/504 700/135/749
f 681/127/505 694/46/507 507/46/249
f 687/46/508 686/127/510 501/46/245
f 646/110/511 512/48/250 434/27/220
f 674/111/404 677/16/513 461/16/213
f 673/109/403 697/45/515 645/109/407
f 678/119/516 434/27/220 465/12/201
f 692/45/517 665/109/518 648/109/394
f 439/27/224 672/119/520 467/12/222
f 527/48/256 650/110/519 439/27/224
f 671/16/522 666/111/392 462/16/206
f 670/118/523 667/116/524 652/117/750
f 472/14/231 651/15/526 441/15/528
f 668/18/527 441/15/528 651/15/526
f 679/14/529 435/15/202 654/15/531
f 676/18/530 435/15/202 460/18/209
f 470/32/228 653/126/533 675/121/534
f 462/16/206 655/111/405 454/16/207
f 454/16/207 674/111/404 461/16/213
f 665/109/518 506/45/247 656/109/406
f 656/109/406 509/45/514 673/109/403
f 445/31/227 675/121/534 658/120/535
f 469/6/225 658/120/535 436/5/226
f 657/19/536 536/59/263 704/59/751
f 658/120/535 700/135/558 436/5/226
f 658/120/535 705/133/537 700/135/558
f 657/19/539 460/18/209 458/19/211
f 442/5/198 709/132/540 659/124/542
f 707/131/541 442/5/198 701/135/752
f 659/124/542 471/6/199 442/5/198
f 660/19/543 473/18/234 668/18/527
f 466/28/221 659/124/542 667/116/524
f 534/59/544 660/19/545 710/59/753
f 661/125/546 465/12/201 451/11/200
f 670/118/523 451/11/200 466/28/221
f 472/14/231 662/17/547 669/14/525
f 461/16/213 662/17/547 456/17/232
f 448/11/223 680/123/532 470/32/228
f 679/14/529 455/17/205 463/14/203
f 664/17/549 462/16/206 455/17/205
f 467/12/222 663/122/548 448/11/223
f 504/46/246 681/127/505 507/46/249
f 686/127/510 504/46/246 501/46/245
f 525/51/257 690/130/552 526/49/255
f 689/44/553 501/46/245 502/44/243
f 526/49/255 691/115/521 527/48/256
f 689/44/553 503/45/242 692/45/517
f 507/46/249 696/44/554 508/44/248
f 695/130/555 510/51/252 511/49/251
f 509/45/514 696/44/554 697/45/515
f 698/115/512 511/49/251 512/48/250
f 436/5/226 700/135/558 423/30/291
f 423/30/291 700/135/558 636/160/557
f 642/107/343 699/61/561 529/61/344
f 699/61/562 535/60/269 529/61/268
f 422/30/565 701/135/752 442/5/198
f 701/135/752 422/30/565 782/158/564
f 702/61/567 533/60/568 708/60/754
f 640/107/345 702/61/570 781/107/755
f 706/60/571 536/59/260 535/60/259
f 534/59/262 708/60/574 533/60/722
f 750/148/575 761/92/576 711/148/756
f 753/148/577 756/92/579 599/92/311
f 610/93/316 715/114/581 545/79/287
f 766/90/582 742/112/469 713/112/472
f 545/79/287 745/140/584 572/70/273
f 741/113/468 746/75/585 714/113/738
f 759/90/586 734/112/458 601/90/309
f 625/93/319 717/114/587 760/136/624
f 733/113/457 740/75/589 569/75/279
f 548/79/322 739/140/590 717/114/587
f 737/139/591 736/137/593 573/80/288
f 579/73/297 720/72/595 738/73/757
f 550/72/594 735/76/596 720/72/595
f 748/73/597 546/72/277 570/73/276
f 743/76/599 546/72/277 722/72/598
f 577/82/295 721/147/601 747/144/617
f 724/113/471 569/75/279 561/75/278
f 604/90/313 734/112/458 723/112/470
f 741/113/468 561/75/278 568/75/285
f 607/90/583 723/112/470 742/112/469
f 552/81/294 744/142/600 577/82/295
f 576/65/293 725/141/602 552/81/294
f 767/155/604 725/141/602 547/64/292
f 767/155/604 771/154/603 725/141/602
f 726/77/606 567/76/281 743/76/599
f 726/77/607 634/105/331 565/77/330
f 777/152/609 551/64/272 728/145/611
f 551/64/272 775/151/610 770/155/632
f 578/65/271 728/145/611 551/64/272
f 573/80/288 728/145/611 556/83/296
f 727/77/612 632/105/613 778/105/758
f 580/76/301 727/77/614 735/76/596
f 572/70/273 730/146/615 558/69/274
f 558/69/274 737/139/591 573/80/288
f 729/74/616 579/73/297 738/73/757
f 568/75/285 729/74/616 746/75/585
f 555/69/289 747/144/617 732/143/619
f 562/74/280 748/73/597 570/73/276
f 569/75/279 731/74/618 562/74/280
f 574/70/290 732/143/619 739/140/590
f 750/148/575 602/92/310 605/92/314
f 753/148/577 602/92/310 752/148/620
f 623/97/621 757/150/622 755/149/759
f 599/92/311 758/91/623 600/91/308
f 624/95/320 760/136/624 757/150/622
f 758/91/623 601/90/309 600/91/308
f 605/92/314 763/91/625 761/92/576
f 608/97/317 764/150/627 609/95/315
f 763/91/625 607/90/583 766/90/582
f 609/95/315 765/136/580 610/93/316
f 636/160/557 767/155/604 423/30/291
f 423/30/291 767/155/604 547/64/292
f 768/106/629 633/104/334 774/104/760
f 768/106/630 641/108/340 627/106/339
f 770/155/632 422/30/565 551/64/272
f 422/30/565 779/156/633 635/161/566
f 639/108/346 769/106/635 628/106/723
f 631/104/636 769/106/637 776/104/761
f 634/105/324 774/104/639 633/104/325
f 632/105/326 776/104/641 778/105/762
f 639/108/338 781/107/642 780/108/642
f 785/108/643 642/107/337 641/108/337
f 825/162/644 823/163/646 824/164/661
f 799/165/647 790/26/649 789/169/663
f 806/36/173 792/166/173 805/167/173
f 793/166/172 795/36/172 796/167/172
f 796/167/172 797/35/172 798/168/172
f 798/168/172 800/34/648 799/165/647
f 788/26/650 802/165/652 787/169/763
f 801/34/651 804/168/173 802/165/652
f 803/35/173 805/167/173 804/168/173
f 816/170/653 810/20/655 815/84/656
f 821/86/173 792/166/173 791/37/173
f 793/166/172 812/86/172 794/37/172
f 811/171/172 814/85/172 812/86/172
f 813/172/172 815/84/656 814/85/172
f 808/20/657 817/170/659 818/84/660
f 818/84/660 819/172/173 820/85/173
f 820/85/173 822/171/173 821/86/173
f 824/164/661 788/26/650 787/169/763
f 826/164/662 790/26/649 827/163/706
f 808/20/657 829/174/665 807/173/658
f 810/20/655 833/174/666 832/175/697
f 488/26/218 801/34/667 788/26/670
f 787/169/668 479/52/253 824/164/692
f 788/26/670 682/25/219 488/26/218
f 486/26/235 800/34/673 492/34/236
f 790/26/672 685/25/328 827/163/764
f 789/169/674 474/58/258 799/165/680
f 805/167/676 418/38/241 477/40/241
f 806/36/677 489/37/240 791/37/677
f 489/37/240 821/86/677 791/37/677
f 418/38/241 822/171/676 584/88/241
f 419/55/254 811/171/678 793/166/678
f 498/36/238 794/37/679 491/37/238
f 796/167/678 419/55/254 793/166/678
f 794/37/679 596/86/238 491/37/238
f 798/168/678 476/57/254 796/167/678
f 495/35/238 795/36/679 498/36/238
f 799/165/680 475/56/254 798/168/678
f 492/34/236 797/35/679 495/35/238
f 802/165/669 478/54/241 479/52/253
f 801/34/667 497/35/240 803/35/677
f 804/168/676 477/40/241 478/54/241
f 803/35/677 500/36/240 806/36/677
f 589/20/304 818/84/682 592/84/305
f 586/98/318 807/173/684 829/174/713
f 808/20/681 749/21/306 830/175/701
f 809/173/685 581/103/321 833/174/710
f 815/84/687 587/20/215 590/84/302
f 754/21/216 810/20/688 832/175/711
f 812/86/679 593/85/238 596/86/238
f 583/101/254 813/172/678 811/171/678
f 816/170/686 582/102/254 581/103/321
f 814/85/679 590/84/302 593/85/238
f 595/85/240 818/84/682 820/85/677
f 585/99/241 817/170/683 586/98/318
f 584/88/241 819/172/676 585/99/241
f 598/86/240 820/85/677 821/86/677
f 643/127/689 693/129/399 694/46/725
f 643/127/693 682/25/219 823/163/671
f 644/127/694 688/129/395 828/162/765
f 834/176/695 832/175/697 833/174/666
f 711/148/699 762/149/464 831/176/766
f 711/148/700 749/21/306 750/148/454
f 831/176/702 608/97/317 586/98/318
f 712/148/703 755/149/460 756/92/737
f 834/176/705 623/97/621 755/149/759
f 510/51/252 825/162/691 479/52/253
f 827/163/706 828/162/708 826/164/662
f 685/25/328 644/127/709 827/163/764
f 525/51/257 828/162/698 688/129/551
f 754/21/216 712/148/712 753/148/456
f 830/175/664 831/176/715 829/174/665
